country,period_start,period_end,metric,value,unit,numerator,denominator,frequency,source_id,source_version,source_url,published_at,fetched_at,provisional,dimensions,quality_note
ETH,2000-01-01,2000-12-31,religious_freedom,1.881,V-Dem latent interval score,,,annual,vdem,16,https://www.v-dem.net/media/datasets/V-Dem-CY-Core-v16_csv.zip,,2026-09-06T11:42:28.526643+00:00,False,"{""interval_high"": 2.365, ""interval_low"": 1.365, ""source_country_name"": ""Ethiopia""}","Expert-coded freedom of religion; higher = more freedom. Not incident count. PSE unit is West Bank, not combined Palestinian territories."
ETH,2001-01-01,2001-12-31,religious_freedom,1.881,V-Dem latent interval score,,,annual,vdem,16,https://www.v-dem.net/media/datasets/V-Dem-CY-Core-v16_csv.zip,,2026-09-06T11:42:28.526643+00:00,False,"{""interval_high"": 2.365, ""interval_low"": 1.365, ""source_country_name"": ""Ethiopia""}","Expert-coded freedom of religion; higher = more freedom. Not incident count. PSE unit is West Bank, not combined Palestinian territories."
ETH,2002-01-01,2002-12-31,religious_freedom,1.881,V-Dem latent interval score,,,annual,vdem,16,https://www.v-dem.net/media/datasets/V-Dem-CY-Core-v16_csv.zip,,2026-09-06T11:42:28.526643+00:00,False,"{""interval_high"": 2.365, ""interval_low"": 1.365, ""source_country_name"": ""Ethiopia""}","Expert-coded freedom of religion; higher = more freedom. Not incident count. PSE unit is West Bank, not combined Palestinian territories."
ETH,2003-01-01,2003-12-31,religious_freedom,1.881,V-Dem latent interval score,,,annual,vdem,16,https://www.v-dem.net/media/datasets/V-Dem-CY-Core-v16_csv.zip,,2026-09-06T11:42:28.526643+00:00,False,"{""interval_high"": 2.365, ""interval_low"": 1.365, ""source_country_name"": ""Ethiopia""}","Expert-coded freedom of religion; higher = more freedom. Not incident count. PSE unit is West Bank, not combined Palestinian territories."
ETH,2004-01-01,2004-12-31,religious_freedom,1.881,V-Dem latent interval score,,,annual,vdem,16,https://www.v-dem.net/media/datasets/V-Dem-CY-Core-v16_csv.zip,,2026-09-06T11:42:28.526643+00:00,False,"{""interval_high"": 2.365, ""interval_low"": 1.365, ""source_country_name"": ""Ethiopia""}","Expert-coded freedom of religion; higher = more freedom. Not incident count. PSE unit is West Bank, not combined Palestinian territories."
ETH,2005-01-01,2005-12-31,religious_freedom,1.881,V-Dem latent interval score,,,annual,vdem,16,https://www.v-dem.net/media/datasets/V-Dem-CY-Core-v16_csv.zip,,2026-09-06T11:42:28.526643+00:00,False,"{""interval_high"": 2.365, ""interval_low"": 1.365, ""source_country_name"": ""Ethiopia""}","Expert-coded freedom of religion; higher = more freedom. Not incident count. PSE unit is West Bank, not combined Palestinian territories."
ETH,2006-01-01,2006-12-31,religious_freedom,1.881,V-Dem latent interval score,,,annual,vdem,16,https://www.v-dem.net/media/datasets/V-Dem-CY-Core-v16_csv.zip,,2026-09-06T11:42:28.526643+00:00,False,"{""interval_high"": 2.365, ""interval_low"": 1.365, ""source_country_name"": ""Ethiopia""}","Expert-coded freedom of religion; higher = more freedom. Not incident count. PSE unit is West Bank, not combined Palestinian territories."
ETH,2007-01-01,2007-12-31,religious_freedom,1.881,V-Dem latent interval score,,,annual,vdem,16,https://www.v-dem.net/media/datasets/V-Dem-CY-Core-v16_csv.zip,,2026-09-06T11:42:28.526643+00:00,False,"{""interval_high"": 2.365, ""interval_low"": 1.365, ""source_country_name"": ""Ethiopia""}","Expert-coded freedom of religion; higher = more freedom. Not incident count. PSE unit is West Bank, not combined Palestinian territories."
ETH,2008-01-01,2008-12-31,religious_freedom,1.881,V-Dem latent interval score,,,annual,vdem,16,https://www.v-dem.net/media/datasets/V-Dem-CY-Core-v16_csv.zip,,2026-09-06T11:42:28.526643+00:00,False,"{""interval_high"": 2.365, ""interval_low"": 1.365, ""source_country_name"": ""Ethiopia""}","Expert-coded freedom of religion; higher = more freedom. Not incident count. PSE unit is West Bank, not combined Palestinian territories."
ETH,2009-01-01,2009-12-31,religious_freedom,1.788,V-Dem latent interval score,,,annual,vdem,16,https://www.v-dem.net/media/datasets/V-Dem-CY-Core-v16_csv.zip,,2026-09-06T11:42:28.526643+00:00,False,"{""interval_high"": 2.2, ""interval_low"": 1.227, ""source_country_name"": ""Ethiopia""}","Expert-coded freedom of religion; higher = more freedom. Not incident count. PSE unit is West Bank, not combined Palestinian territories."
ETH,2010-01-01,2010-12-31,religious_freedom,1.811,V-Dem latent interval score,,,annual,vdem,16,https://www.v-dem.net/media/datasets/V-Dem-CY-Core-v16_csv.zip,,2026-09-06T11:42:28.526643+00:00,False,"{""interval_high"": 2.303, ""interval_low"": 1.316, ""source_country_name"": ""Ethiopia""}","Expert-coded freedom of religion; higher = more freedom. Not incident count. PSE unit is West Bank, not combined Palestinian territories."
ETH,2011-01-01,2011-12-31,religious_freedom,1.693,V-Dem latent interval score,,,annual,vdem,16,https://www.v-dem.net/media/datasets/V-Dem-CY-Core-v16_csv.zip,,2026-09-06T11:42:28.526643+00:00,False,"{""interval_high"": 2.145, ""interval_low"": 1.206, ""source_country_name"": ""Ethiopia""}","Expert-coded freedom of religion; higher = more freedom. Not incident count. PSE unit is West Bank, not combined Palestinian territories."
ETH,2012-01-01,2012-12-31,religious_freedom,1.575,V-Dem latent interval score,,,annual,vdem,16,https://www.v-dem.net/media/datasets/V-Dem-CY-Core-v16_csv.zip,,2026-09-06T11:42:28.526643+00:00,False,"{""interval_high"": 2.035, ""interval_low"": 1.136, ""source_country_name"": ""Ethiopia""}","Expert-coded freedom of religion; higher = more freedom. Not incident count. PSE unit is West Bank, not combined Palestinian territories."
ETH,2013-01-01,2013-12-31,religious_freedom,0.672,V-Dem latent interval score,,,annual,vdem,16,https://www.v-dem.net/media/datasets/V-Dem-CY-Core-v16_csv.zip,,2026-09-06T11:42:28.526643+00:00,False,"{""interval_high"": 0.934, ""interval_low"": 0.35, ""source_country_name"": ""Ethiopia""}","Expert-coded freedom of religion; higher = more freedom. Not incident count. PSE unit is West Bank, not combined Palestinian territories."
ETH,2014-01-01,2014-12-31,religious_freedom,0.672,V-Dem latent interval score,,,annual,vdem,16,https://www.v-dem.net/media/datasets/V-Dem-CY-Core-v16_csv.zip,,2026-09-06T11:42:28.526643+00:00,False,"{""interval_high"": 0.934, ""interval_low"": 0.35, ""source_country_name"": ""Ethiopia""}","Expert-coded freedom of religion; higher = more freedom. Not incident count. PSE unit is West Bank, not combined Palestinian territories."
ETH,2015-01-01,2015-12-31,religious_freedom,0.654,V-Dem latent interval score,,,annual,vdem,16,https://www.v-dem.net/media/datasets/V-Dem-CY-Core-v16_csv.zip,,2026-09-06T11:42:28.526643+00:00,False,"{""interval_high"": 0.906, ""interval_low"": 0.34, ""source_country_name"": ""Ethiopia""}","Expert-coded freedom of religion; higher = more freedom. Not incident count. PSE unit is West Bank, not combined Palestinian territories."
ETH,2016-01-01,2016-12-31,religious_freedom,0.617,V-Dem latent interval score,,,annual,vdem,16,https://www.v-dem.net/media/datasets/V-Dem-CY-Core-v16_csv.zip,,2026-09-06T11:42:28.526643+00:00,False,"{""interval_high"": 0.98, ""interval_low"": 0.266, ""source_country_name"": ""Ethiopia""}","Expert-coded freedom of religion; higher = more freedom. Not incident count. PSE unit is West Bank, not combined Palestinian territories."
ETH,2017-01-01,2017-12-31,religious_freedom,0.673,V-Dem latent interval score,,,annual,vdem,16,https://www.v-dem.net/media/datasets/V-Dem-CY-Core-v16_csv.zip,,2026-09-06T11:42:28.526643+00:00,False,"{""interval_high"": 1.029, ""interval_low"": 0.267, ""source_country_name"": ""Ethiopia""}","Expert-coded freedom of religion; higher = more freedom. Not incident count. PSE unit is West Bank, not combined Palestinian territories."
ETH,2018-01-01,2018-12-31,religious_freedom,0.906,V-Dem latent interval score,,,annual,vdem,16,https://www.v-dem.net/media/datasets/V-Dem-CY-Core-v16_csv.zip,,2026-09-06T11:42:28.526643+00:00,False,"{""interval_high"": 1.288, ""interval_low"": 0.488, ""source_country_name"": ""Ethiopia""}","Expert-coded freedom of religion; higher = more freedom. Not incident count. PSE unit is West Bank, not combined Palestinian territories."
ETH,2019-01-01,2019-12-31,religious_freedom,0.98,V-Dem latent interval score,,,annual,vdem,16,https://www.v-dem.net/media/datasets/V-Dem-CY-Core-v16_csv.zip,,2026-09-06T11:42:28.526643+00:00,False,"{""interval_high"": 1.423, ""interval_low"": 0.556, ""source_country_name"": ""Ethiopia""}","Expert-coded freedom of religion; higher = more freedom. Not incident count. PSE unit is West Bank, not combined Palestinian territories."
ETH,2020-01-01,2020-12-31,religious_freedom,0.98,V-Dem latent interval score,,,annual,vdem,16,https://www.v-dem.net/media/datasets/V-Dem-CY-Core-v16_csv.zip,,2026-09-06T11:42:28.526643+00:00,False,"{""interval_high"": 1.423, ""interval_low"": 0.556, ""source_country_name"": ""Ethiopia""}","Expert-coded freedom of religion; higher = more freedom. Not incident count. PSE unit is West Bank, not combined Palestinian territories."
ETH,2021-01-01,2021-12-31,religious_freedom,0.98,V-Dem latent interval score,,,annual,vdem,16,https://www.v-dem.net/media/datasets/V-Dem-CY-Core-v16_csv.zip,,2026-09-06T11:42:28.526643+00:00,False,"{""interval_high"": 1.423, ""interval_low"": 0.556, ""source_country_name"": ""Ethiopia""}","Expert-coded freedom of religion; higher = more freedom. Not incident count. PSE unit is West Bank, not combined Palestinian territories."
ETH,2022-01-01,2022-12-31,religious_freedom,0.872,V-Dem latent interval score,,,annual,vdem,16,https://www.v-dem.net/media/datasets/V-Dem-CY-Core-v16_csv.zip,,2026-09-06T11:42:28.526643+00:00,False,"{""interval_high"": 1.213, ""interval_low"": 0.385, ""source_country_name"": ""Ethiopia""}","Expert-coded freedom of religion; higher = more freedom. Not incident count. PSE unit is West Bank, not combined Palestinian territories."
ETH,2023-01-01,2023-12-31,religious_freedom,0.435,V-Dem latent interval score,,,annual,vdem,16,https://www.v-dem.net/media/datasets/V-Dem-CY-Core-v16_csv.zip,,2026-09-06T11:42:28.526643+00:00,False,"{""interval_high"": 0.951, ""interval_low"": -0.044, ""source_country_name"": ""Ethiopia""}","Expert-coded freedom of religion; higher = more freedom. Not incident count. PSE unit is West Bank, not combined Palestinian territories."
ETH,2024-01-01,2024-12-31,religious_freedom,-0.058,V-Dem latent interval score,,,annual,vdem,16,https://www.v-dem.net/media/datasets/V-Dem-CY-Core-v16_csv.zip,,2026-09-06T11:42:28.526643+00:00,False,"{""interval_high"": 0.483, ""interval_low"": -0.507, ""source_country_name"": ""Ethiopia""}","Expert-coded freedom of religion; higher = more freedom. Not incident count. PSE unit is West Bank, not combined Palestinian territories."
ETH,2025-01-01,2025-12-31,religious_freedom,-0.466,V-Dem latent interval score,,,annual,vdem,16,https://www.v-dem.net/media/datasets/V-Dem-CY-Core-v16_csv.zip,,2026-09-06T11:42:28.526643+00:00,False,"{""interval_high"": 0.211, ""interval_low"": -1.145, ""source_country_name"": ""Ethiopia""}","Expert-coded freedom of religion; higher = more freedom. Not incident count. PSE unit is West Bank, not combined Palestinian territories."
ISR,2000-01-01,2000-12-31,religious_freedom,1.645,V-Dem latent interval score,,,annual,vdem,16,https://www.v-dem.net/media/datasets/V-Dem-CY-Core-v16_csv.zip,,2026-09-06T11:42:28.526643+00:00,False,"{""interval_high"": 2.068, ""interval_low"": 1.099, ""source_country_name"": ""Israel""}","Expert-coded freedom of religion; higher = more freedom. Not incident count. PSE unit is West Bank, not combined Palestinian territories."
ISR,2001-01-01,2001-12-31,religious_freedom,1.645,V-Dem latent interval score,,,annual,vdem,16,https://www.v-dem.net/media/datasets/V-Dem-CY-Core-v16_csv.zip,,2026-09-06T11:42:28.526643+00:00,False,"{""interval_high"": 2.068, ""interval_low"": 1.099, ""source_country_name"": ""Israel""}","Expert-coded freedom of religion; higher = more freedom. Not incident count. PSE unit is West Bank, not combined Palestinian territories."
ISR,2002-01-01,2002-12-31,religious_freedom,1.645,V-Dem latent interval score,,,annual,vdem,16,https://www.v-dem.net/media/datasets/V-Dem-CY-Core-v16_csv.zip,,2026-09-06T11:42:28.526643+00:00,False,"{""interval_high"": 2.068, ""interval_low"": 1.099, ""source_country_name"": ""Israel""}","Expert-coded freedom of religion; higher = more freedom. Not incident count. PSE unit is West Bank, not combined Palestinian territories."
ISR,2003-01-01,2003-12-31,religious_freedom,1.645,V-Dem latent interval score,,,annual,vdem,16,https://www.v-dem.net/media/datasets/V-Dem-CY-Core-v16_csv.zip,,2026-09-06T11:42:28.526643+00:00,False,"{""interval_high"": 2.068, ""interval_low"": 1.099, ""source_country_name"": ""Israel""}","Expert-coded freedom of religion; higher = more freedom. Not incident count. PSE unit is West Bank, not combined Palestinian territories."
ISR,2004-01-01,2004-12-31,religious_freedom,1.645,V-Dem latent interval score,,,annual,vdem,16,https://www.v-dem.net/media/datasets/V-Dem-CY-Core-v16_csv.zip,,2026-09-06T11:42:28.526643+00:00,False,"{""interval_high"": 2.068, ""interval_low"": 1.099, ""source_country_name"": ""Israel""}","Expert-coded freedom of religion; higher = more freedom. Not incident count. PSE unit is West Bank, not combined Palestinian territories."
ISR,2005-01-01,2005-12-31,religious_freedom,1.645,V-Dem latent interval score,,,annual,vdem,16,https://www.v-dem.net/media/datasets/V-Dem-CY-Core-v16_csv.zip,,2026-09-06T11:42:28.526643+00:00,False,"{""interval_high"": 2.068, ""interval_low"": 1.099, ""source_country_name"": ""Israel""}","Expert-coded freedom of religion; higher = more freedom. Not incident count. PSE unit is West Bank, not combined Palestinian territories."
ISR,2006-01-01,2006-12-31,religious_freedom,1.645,V-Dem latent interval score,,,annual,vdem,16,https://www.v-dem.net/media/datasets/V-Dem-CY-Core-v16_csv.zip,,2026-09-06T11:42:28.526643+00:00,False,"{""interval_high"": 2.068, ""interval_low"": 1.099, ""source_country_name"": ""Israel""}","Expert-coded freedom of religion; higher = more freedom. Not incident count. PSE unit is West Bank, not combined Palestinian territories."
ISR,2007-01-01,2007-12-31,religious_freedom,1.645,V-Dem latent interval score,,,annual,vdem,16,https://www.v-dem.net/media/datasets/V-Dem-CY-Core-v16_csv.zip,,2026-09-06T11:42:28.526643+00:00,False,"{""interval_high"": 2.068, ""interval_low"": 1.099, ""source_country_name"": ""Israel""}","Expert-coded freedom of religion; higher = more freedom. Not incident count. PSE unit is West Bank, not combined Palestinian territories."
ISR,2008-01-01,2008-12-31,religious_freedom,1.645,V-Dem latent interval score,,,annual,vdem,16,https://www.v-dem.net/media/datasets/V-Dem-CY-Core-v16_csv.zip,,2026-09-06T11:42:28.526643+00:00,False,"{""interval_high"": 2.068, ""interval_low"": 1.099, ""source_country_name"": ""Israel""}","Expert-coded freedom of religion; higher = more freedom. Not incident count. PSE unit is West Bank, not combined Palestinian territories."
ISR,2009-01-01,2009-12-31,religious_freedom,1.645,V-Dem latent interval score,,,annual,vdem,16,https://www.v-dem.net/media/datasets/V-Dem-CY-Core-v16_csv.zip,,2026-09-06T11:42:28.526643+00:00,False,"{""interval_high"": 2.068, ""interval_low"": 1.099, ""source_country_name"": ""Israel""}","Expert-coded freedom of religion; higher = more freedom. Not incident count. PSE unit is West Bank, not combined Palestinian territories."
ISR,2010-01-01,2010-12-31,religious_freedom,1.645,V-Dem latent interval score,,,annual,vdem,16,https://www.v-dem.net/media/datasets/V-Dem-CY-Core-v16_csv.zip,,2026-09-06T11:42:28.526643+00:00,False,"{""interval_high"": 2.068, ""interval_low"": 1.099, ""source_country_name"": ""Israel""}","Expert-coded freedom of religion; higher = more freedom. Not incident count. PSE unit is West Bank, not combined Palestinian territories."
ISR,2011-01-01,2011-12-31,religious_freedom,1.645,V-Dem latent interval score,,,annual,vdem,16,https://www.v-dem.net/media/datasets/V-Dem-CY-Core-v16_csv.zip,,2026-09-06T11:42:28.526643+00:00,False,"{""interval_high"": 2.068, ""interval_low"": 1.099, ""source_country_name"": ""Israel""}","Expert-coded freedom of religion; higher = more freedom. Not incident count. PSE unit is West Bank, not combined Palestinian territories."
ISR,2012-01-01,2012-12-31,religious_freedom,1.645,V-Dem latent interval score,,,annual,vdem,16,https://www.v-dem.net/media/datasets/V-Dem-CY-Core-v16_csv.zip,,2026-09-06T11:42:28.526643+00:00,False,"{""interval_high"": 2.068, ""interval_low"": 1.099, ""source_country_name"": ""Israel""}","Expert-coded freedom of religion; higher = more freedom. Not incident count. PSE unit is West Bank, not combined Palestinian territories."
ISR,2013-01-01,2013-12-31,religious_freedom,1.265,V-Dem latent interval score,,,annual,vdem,16,https://www.v-dem.net/media/datasets/V-Dem-CY-Core-v16_csv.zip,,2026-09-06T11:42:28.526643+00:00,False,"{""interval_high"": 1.627, ""interval_low"": 0.807, ""source_country_name"": ""Israel""}","Expert-coded freedom of religion; higher = more freedom. Not incident count. PSE unit is West Bank, not combined Palestinian territories."
ISR,2014-01-01,2014-12-31,religious_freedom,1.265,V-Dem latent interval score,,,annual,vdem,16,https://www.v-dem.net/media/datasets/V-Dem-CY-Core-v16_csv.zip,,2026-09-06T11:42:28.526643+00:00,False,"{""interval_high"": 1.627, ""interval_low"": 0.807, ""source_country_name"": ""Israel""}","Expert-coded freedom of religion; higher = more freedom. Not incident count. PSE unit is West Bank, not combined Palestinian territories."
ISR,2015-01-01,2015-12-31,religious_freedom,1.265,V-Dem latent interval score,,,annual,vdem,16,https://www.v-dem.net/media/datasets/V-Dem-CY-Core-v16_csv.zip,,2026-09-06T11:42:28.526643+00:00,False,"{""interval_high"": 1.627, ""interval_low"": 0.807, ""source_country_name"": ""Israel""}","Expert-coded freedom of religion; higher = more freedom. Not incident count. PSE unit is West Bank, not combined Palestinian territories."
ISR,2016-01-01,2016-12-31,religious_freedom,1.265,V-Dem latent interval score,,,annual,vdem,16,https://www.v-dem.net/media/datasets/V-Dem-CY-Core-v16_csv.zip,,2026-09-06T11:42:28.526643+00:00,False,"{""interval_high"": 1.627, ""interval_low"": 0.807, ""source_country_name"": ""Israel""}","Expert-coded freedom of religion; higher = more freedom. Not incident count. PSE unit is West Bank, not combined Palestinian territories."
ISR,2017-01-01,2017-12-31,religious_freedom,1.265,V-Dem latent interval score,,,annual,vdem,16,https://www.v-dem.net/media/datasets/V-Dem-CY-Core-v16_csv.zip,,2026-09-06T11:42:28.526643+00:00,False,"{""interval_high"": 1.627, ""interval_low"": 0.807, ""source_country_name"": ""Israel""}","Expert-coded freedom of religion; higher = more freedom. Not incident count. PSE unit is West Bank, not combined Palestinian territories."
ISR,2018-01-01,2018-12-31,religious_freedom,1.671,V-Dem latent interval score,,,annual,vdem,16,https://www.v-dem.net/media/datasets/V-Dem-CY-Core-v16_csv.zip,,2026-09-06T11:42:28.526643+00:00,False,"{""interval_high"": 2.181, ""interval_low"": 1.013, ""source_country_name"": ""Israel""}","Expert-coded freedom of religion; higher = more freedom. Not incident count. PSE unit is West Bank, not combined Palestinian territories."
ISR,2019-01-01,2019-12-31,religious_freedom,1.551,V-Dem latent interval score,,,annual,vdem,16,https://www.v-dem.net/media/datasets/V-Dem-CY-Core-v16_csv.zip,,2026-09-06T11:42:28.526643+00:00,False,"{""interval_high"": 1.996, ""interval_low"": 0.933, ""source_country_name"": ""Israel""}","Expert-coded freedom of religion; higher = more freedom. Not incident count. PSE unit is West Bank, not combined Palestinian territories."
ISR,2020-01-01,2020-12-31,religious_freedom,1.551,V-Dem latent interval score,,,annual,vdem,16,https://www.v-dem.net/media/datasets/V-Dem-CY-Core-v16_csv.zip,,2026-09-06T11:42:28.526643+00:00,False,"{""interval_high"": 1.996, ""interval_low"": 0.933, ""source_country_name"": ""Israel""}","Expert-coded freedom of religion; higher = more freedom. Not incident count. PSE unit is West Bank, not combined Palestinian territories."
ISR,2021-01-01,2021-12-31,religious_freedom,1.298,V-Dem latent interval score,,,annual,vdem,16,https://www.v-dem.net/media/datasets/V-Dem-CY-Core-v16_csv.zip,,2026-09-06T11:42:28.526643+00:00,False,"{""interval_high"": 1.765, ""interval_low"": 0.672, ""source_country_name"": ""Israel""}","Expert-coded freedom of religion; higher = more freedom. Not incident count. PSE unit is West Bank, not combined Palestinian territories."
ISR,2022-01-01,2022-12-31,religious_freedom,2.161,V-Dem latent interval score,,,annual,vdem,16,https://www.v-dem.net/media/datasets/V-Dem-CY-Core-v16_csv.zip,,2026-09-06T11:42:28.526643+00:00,False,"{""interval_high"": 2.835, ""interval_low"": 1.412, ""source_country_name"": ""Israel""}","Expert-coded freedom of religion; higher = more freedom. Not incident count. PSE unit is West Bank, not combined Palestinian territories."
ISR,2023-01-01,2023-12-31,religious_freedom,1.232,V-Dem latent interval score,,,annual,vdem,16,https://www.v-dem.net/media/datasets/V-Dem-CY-Core-v16_csv.zip,,2026-09-06T11:42:28.526643+00:00,False,"{""interval_high"": 1.729, ""interval_low"": 0.682, ""source_country_name"": ""Israel""}","Expert-coded freedom of religion; higher = more freedom. Not incident count. PSE unit is West Bank, not combined Palestinian territories."
ISR,2024-01-01,2024-12-31,religious_freedom,1.232,V-Dem latent interval score,,,annual,vdem,16,https://www.v-dem.net/media/datasets/V-Dem-CY-Core-v16_csv.zip,,2026-09-06T11:42:28.526643+00:00,False,"{""interval_high"": 1.729, ""interval_low"": 0.682, ""source_country_name"": ""Israel""}","Expert-coded freedom of religion; higher = more freedom. Not incident count. PSE unit is West Bank, not combined Palestinian territories."
ISR,2025-01-01,2025-12-31,religious_freedom,1.364,V-Dem latent interval score,,,annual,vdem,16,https://www.v-dem.net/media/datasets/V-Dem-CY-Core-v16_csv.zip,,2026-09-06T11:42:28.526643+00:00,False,"{""interval_high"": 1.958, ""interval_low"": 0.706, ""source_country_name"": ""Israel""}","Expert-coded freedom of religion; higher = more freedom. Not incident count. PSE unit is West Bank, not combined Palestinian territories."
LBN,2000-01-01,2000-12-31,religious_freedom,1.511,V-Dem latent interval score,,,annual,vdem,16,https://www.v-dem.net/media/datasets/V-Dem-CY-Core-v16_csv.zip,,2026-09-06T11:42:28.526643+00:00,False,"{""interval_high"": 1.889, ""interval_low"": 1.114, ""source_country_name"": ""Lebanon""}","Expert-coded freedom of religion; higher = more freedom. Not incident count. PSE unit is West Bank, not combined Palestinian territories."
LBN,2001-01-01,2001-12-31,religious_freedom,1.511,V-Dem latent interval score,,,annual,vdem,16,https://www.v-dem.net/media/datasets/V-Dem-CY-Core-v16_csv.zip,,2026-09-06T11:42:28.526643+00:00,False,"{""interval_high"": 1.889, ""interval_low"": 1.114, ""source_country_name"": ""Lebanon""}","Expert-coded freedom of religion; higher = more freedom. Not incident count. PSE unit is West Bank, not combined Palestinian territories."
LBN,2002-01-01,2002-12-31,religious_freedom,1.511,V-Dem latent interval score,,,annual,vdem,16,https://www.v-dem.net/media/datasets/V-Dem-CY-Core-v16_csv.zip,,2026-09-06T11:42:28.526643+00:00,False,"{""interval_high"": 1.889, ""interval_low"": 1.114, ""source_country_name"": ""Lebanon""}","Expert-coded freedom of religion; higher = more freedom. Not incident count. PSE unit is West Bank, not combined Palestinian territories."
LBN,2003-01-01,2003-12-31,religious_freedom,1.511,V-Dem latent interval score,,,annual,vdem,16,https://www.v-dem.net/media/datasets/V-Dem-CY-Core-v16_csv.zip,,2026-09-06T11:42:28.526643+00:00,False,"{""interval_high"": 1.889, ""interval_low"": 1.114, ""source_country_name"": ""Lebanon""}","Expert-coded freedom of religion; higher = more freedom. Not incident count. PSE unit is West Bank, not combined Palestinian territories."
LBN,2004-01-01,2004-12-31,religious_freedom,1.511,V-Dem latent interval score,,,annual,vdem,16,https://www.v-dem.net/media/datasets/V-Dem-CY-Core-v16_csv.zip,,2026-09-06T11:42:28.526643+00:00,False,"{""interval_high"": 1.889, ""interval_low"": 1.114, ""source_country_name"": ""Lebanon""}","Expert-coded freedom of religion; higher = more freedom. Not incident count. PSE unit is West Bank, not combined Palestinian territories."
LBN,2005-01-01,2005-12-31,religious_freedom,1.511,V-Dem latent interval score,,,annual,vdem,16,https://www.v-dem.net/media/datasets/V-Dem-CY-Core-v16_csv.zip,,2026-09-06T11:42:28.526643+00:00,False,"{""interval_high"": 1.889, ""interval_low"": 1.114, ""source_country_name"": ""Lebanon""}","Expert-coded freedom of religion; higher = more freedom. Not incident count. PSE unit is West Bank, not combined Palestinian territories."
LBN,2006-01-01,2006-12-31,religious_freedom,1.511,V-Dem latent interval score,,,annual,vdem,16,https://www.v-dem.net/media/datasets/V-Dem-CY-Core-v16_csv.zip,,2026-09-06T11:42:28.526643+00:00,False,"{""interval_high"": 1.889, ""interval_low"": 1.114, ""source_country_name"": ""Lebanon""}","Expert-coded freedom of religion; higher = more freedom. Not incident count. PSE unit is West Bank, not combined Palestinian territories."
LBN,2007-01-01,2007-12-31,religious_freedom,1.511,V-Dem latent interval score,,,annual,vdem,16,https://www.v-dem.net/media/datasets/V-Dem-CY-Core-v16_csv.zip,,2026-09-06T11:42:28.526643+00:00,False,"{""interval_high"": 1.889, ""interval_low"": 1.114, ""source_country_name"": ""Lebanon""}","Expert-coded freedom of religion; higher = more freedom. Not incident count. PSE unit is West Bank, not combined Palestinian territories."
LBN,2008-01-01,2008-12-31,religious_freedom,1.465,V-Dem latent interval score,,,annual,vdem,16,https://www.v-dem.net/media/datasets/V-Dem-CY-Core-v16_csv.zip,,2026-09-06T11:42:28.526643+00:00,False,"{""interval_high"": 1.843, ""interval_low"": 1.083, ""source_country_name"": ""Lebanon""}","Expert-coded freedom of religion; higher = more freedom. Not incident count. PSE unit is West Bank, not combined Palestinian territories."
LBN,2009-01-01,2009-12-31,religious_freedom,1.465,V-Dem latent interval score,,,annual,vdem,16,https://www.v-dem.net/media/datasets/V-Dem-CY-Core-v16_csv.zip,,2026-09-06T11:42:28.526643+00:00,False,"{""interval_high"": 1.843, ""interval_low"": 1.083, ""source_country_name"": ""Lebanon""}","Expert-coded freedom of religion; higher = more freedom. Not incident count. PSE unit is West Bank, not combined Palestinian territories."
LBN,2010-01-01,2010-12-31,religious_freedom,1.465,V-Dem latent interval score,,,annual,vdem,16,https://www.v-dem.net/media/datasets/V-Dem-CY-Core-v16_csv.zip,,2026-09-06T11:42:28.526643+00:00,False,"{""interval_high"": 1.843, ""interval_low"": 1.083, ""source_country_name"": ""Lebanon""}","Expert-coded freedom of religion; higher = more freedom. Not incident count. PSE unit is West Bank, not combined Palestinian territories."
LBN,2011-01-01,2011-12-31,religious_freedom,1.465,V-Dem latent interval score,,,annual,vdem,16,https://www.v-dem.net/media/datasets/V-Dem-CY-Core-v16_csv.zip,,2026-09-06T11:42:28.526643+00:00,False,"{""interval_high"": 1.843, ""interval_low"": 1.083, ""source_country_name"": ""Lebanon""}","Expert-coded freedom of religion; higher = more freedom. Not incident count. PSE unit is West Bank, not combined Palestinian territories."
LBN,2012-01-01,2012-12-31,religious_freedom,1.634,V-Dem latent interval score,,,annual,vdem,16,https://www.v-dem.net/media/datasets/V-Dem-CY-Core-v16_csv.zip,,2026-09-06T11:42:28.526643+00:00,False,"{""interval_high"": 2.019, ""interval_low"": 1.156, ""source_country_name"": ""Lebanon""}","Expert-coded freedom of religion; higher = more freedom. Not incident count. PSE unit is West Bank, not combined Palestinian territories."
LBN,2013-01-01,2013-12-31,religious_freedom,1.634,V-Dem latent interval score,,,annual,vdem,16,https://www.v-dem.net/media/datasets/V-Dem-CY-Core-v16_csv.zip,,2026-09-06T11:42:28.526643+00:00,False,"{""interval_high"": 2.019, ""interval_low"": 1.156, ""source_country_name"": ""Lebanon""}","Expert-coded freedom of religion; higher = more freedom. Not incident count. PSE unit is West Bank, not combined Palestinian territories."
LBN,2014-01-01,2014-12-31,religious_freedom,1.634,V-Dem latent interval score,,,annual,vdem,16,https://www.v-dem.net/media/datasets/V-Dem-CY-Core-v16_csv.zip,,2026-09-06T11:42:28.526643+00:00,False,"{""interval_high"": 2.019, ""interval_low"": 1.156, ""source_country_name"": ""Lebanon""}","Expert-coded freedom of religion; higher = more freedom. Not incident count. PSE unit is West Bank, not combined Palestinian territories."
LBN,2015-01-01,2015-12-31,religious_freedom,1.072,V-Dem latent interval score,,,annual,vdem,16,https://www.v-dem.net/media/datasets/V-Dem-CY-Core-v16_csv.zip,,2026-09-06T11:42:28.526643+00:00,False,"{""interval_high"": 1.473, ""interval_low"": 0.697, ""source_country_name"": ""Lebanon""}","Expert-coded freedom of religion; higher = more freedom. Not incident count. PSE unit is West Bank, not combined Palestinian territories."
LBN,2016-01-01,2016-12-31,religious_freedom,1.072,V-Dem latent interval score,,,annual,vdem,16,https://www.v-dem.net/media/datasets/V-Dem-CY-Core-v16_csv.zip,,2026-09-06T11:42:28.526643+00:00,False,"{""interval_high"": 1.473, ""interval_low"": 0.697, ""source_country_name"": ""Lebanon""}","Expert-coded freedom of religion; higher = more freedom. Not incident count. PSE unit is West Bank, not combined Palestinian territories."
LBN,2017-01-01,2017-12-31,religious_freedom,1.556,V-Dem latent interval score,,,annual,vdem,16,https://www.v-dem.net/media/datasets/V-Dem-CY-Core-v16_csv.zip,,2026-09-06T11:42:28.526643+00:00,False,"{""interval_high"": 1.995, ""interval_low"": 1.011, ""source_country_name"": ""Lebanon""}","Expert-coded freedom of religion; higher = more freedom. Not incident count. PSE unit is West Bank, not combined Palestinian territories."
LBN,2018-01-01,2018-12-31,religious_freedom,1.116,V-Dem latent interval score,,,annual,vdem,16,https://www.v-dem.net/media/datasets/V-Dem-CY-Core-v16_csv.zip,,2026-09-06T11:42:28.526643+00:00,False,"{""interval_high"": 1.51, ""interval_low"": 0.687, ""source_country_name"": ""Lebanon""}","Expert-coded freedom of religion; higher = more freedom. Not incident count. PSE unit is West Bank, not combined Palestinian territories."
LBN,2019-01-01,2019-12-31,religious_freedom,1.116,V-Dem latent interval score,,,annual,vdem,16,https://www.v-dem.net/media/datasets/V-Dem-CY-Core-v16_csv.zip,,2026-09-06T11:42:28.526643+00:00,False,"{""interval_high"": 1.51, ""interval_low"": 0.687, ""source_country_name"": ""Lebanon""}","Expert-coded freedom of religion; higher = more freedom. Not incident count. PSE unit is West Bank, not combined Palestinian territories."
LBN,2020-01-01,2020-12-31,religious_freedom,1.282,V-Dem latent interval score,,,annual,vdem,16,https://www.v-dem.net/media/datasets/V-Dem-CY-Core-v16_csv.zip,,2026-09-06T11:42:28.526643+00:00,False,"{""interval_high"": 1.753, ""interval_low"": 0.842, ""source_country_name"": ""Lebanon""}","Expert-coded freedom of religion; higher = more freedom. Not incident count. PSE unit is West Bank, not combined Palestinian territories."
LBN,2021-01-01,2021-12-31,religious_freedom,1.47,V-Dem latent interval score,,,annual,vdem,16,https://www.v-dem.net/media/datasets/V-Dem-CY-Core-v16_csv.zip,,2026-09-06T11:42:28.526643+00:00,False,"{""interval_high"": 1.939, ""interval_low"": 0.912, ""source_country_name"": ""Lebanon""}","Expert-coded freedom of religion; higher = more freedom. Not incident count. PSE unit is West Bank, not combined Palestinian territories."
LBN,2022-01-01,2022-12-31,religious_freedom,1.316,V-Dem latent interval score,,,annual,vdem,16,https://www.v-dem.net/media/datasets/V-Dem-CY-Core-v16_csv.zip,,2026-09-06T11:42:28.526643+00:00,False,"{""interval_high"": 1.874, ""interval_low"": 0.887, ""source_country_name"": ""Lebanon""}","Expert-coded freedom of religion; higher = more freedom. Not incident count. PSE unit is West Bank, not combined Palestinian territories."
LBN,2023-01-01,2023-12-31,religious_freedom,1.316,V-Dem latent interval score,,,annual,vdem,16,https://www.v-dem.net/media/datasets/V-Dem-CY-Core-v16_csv.zip,,2026-09-06T11:42:28.526643+00:00,False,"{""interval_high"": 1.874, ""interval_low"": 0.887, ""source_country_name"": ""Lebanon""}","Expert-coded freedom of religion; higher = more freedom. Not incident count. PSE unit is West Bank, not combined Palestinian territories."
LBN,2024-01-01,2024-12-31,religious_freedom,1.316,V-Dem latent interval score,,,annual,vdem,16,https://www.v-dem.net/media/datasets/V-Dem-CY-Core-v16_csv.zip,,2026-09-06T11:42:28.526643+00:00,False,"{""interval_high"": 1.874, ""interval_low"": 0.887, ""source_country_name"": ""Lebanon""}","Expert-coded freedom of religion; higher = more freedom. Not incident count. PSE unit is West Bank, not combined Palestinian territories."
LBN,2025-01-01,2025-12-31,religious_freedom,1.316,V-Dem latent interval score,,,annual,vdem,16,https://www.v-dem.net/media/datasets/V-Dem-CY-Core-v16_csv.zip,,2026-09-06T11:42:28.526643+00:00,False,"{""interval_high"": 1.874, ""interval_low"": 0.887, ""source_country_name"": ""Lebanon""}","Expert-coded freedom of religion; higher = more freedom. Not incident count. PSE unit is West Bank, not combined Palestinian territories."
PSE,2000-01-01,2000-12-31,religious_freedom,2.258,V-Dem latent interval score,,,annual,vdem,16,https://www.v-dem.net/media/datasets/V-Dem-CY-Core-v16_csv.zip,,2026-09-06T11:42:28.526643+00:00,False,"{""interval_high"": 2.804, ""interval_low"": 1.638, ""source_country_name"": ""Palestine/West Bank""}","Expert-coded freedom of religion; higher = more freedom. Not incident count. PSE unit is West Bank, not combined Palestinian territories."
PSE,2001-01-01,2001-12-31,religious_freedom,2.258,V-Dem latent interval score,,,annual,vdem,16,https://www.v-dem.net/media/datasets/V-Dem-CY-Core-v16_csv.zip,,2026-09-06T11:42:28.526643+00:00,False,"{""interval_high"": 2.804, ""interval_low"": 1.638, ""source_country_name"": ""Palestine/West Bank""}","Expert-coded freedom of religion; higher = more freedom. Not incident count. PSE unit is West Bank, not combined Palestinian territories."
PSE,2002-01-01,2002-12-31,religious_freedom,2.258,V-Dem latent interval score,,,annual,vdem,16,https://www.v-dem.net/media/datasets/V-Dem-CY-Core-v16_csv.zip,,2026-09-06T11:42:28.526643+00:00,False,"{""interval_high"": 2.804, ""interval_low"": 1.638, ""source_country_name"": ""Palestine/West Bank""}","Expert-coded freedom of religion; higher = more freedom. Not incident count. PSE unit is West Bank, not combined Palestinian territories."
PSE,2003-01-01,2003-12-31,religious_freedom,2.258,V-Dem latent interval score,,,annual,vdem,16,https://www.v-dem.net/media/datasets/V-Dem-CY-Core-v16_csv.zip,,2026-09-06T11:42:28.526643+00:00,False,"{""interval_high"": 2.804, ""interval_low"": 1.638, ""source_country_name"": ""Palestine/West Bank""}","Expert-coded freedom of religion; higher = more freedom. Not incident count. PSE unit is West Bank, not combined Palestinian territories."
PSE,2004-01-01,2004-12-31,religious_freedom,2.258,V-Dem latent interval score,,,annual,vdem,16,https://www.v-dem.net/media/datasets/V-Dem-CY-Core-v16_csv.zip,,2026-09-06T11:42:28.526643+00:00,False,"{""interval_high"": 2.804, ""interval_low"": 1.638, ""source_country_name"": ""Palestine/West Bank""}","Expert-coded freedom of religion; higher = more freedom. Not incident count. PSE unit is West Bank, not combined Palestinian territories."
PSE,2005-01-01,2005-12-31,religious_freedom,2.258,V-Dem latent interval score,,,annual,vdem,16,https://www.v-dem.net/media/datasets/V-Dem-CY-Core-v16_csv.zip,,2026-09-06T11:42:28.526643+00:00,False,"{""interval_high"": 2.804, ""interval_low"": 1.638, ""source_country_name"": ""Palestine/West Bank""}","Expert-coded freedom of religion; higher = more freedom. Not incident count. PSE unit is West Bank, not combined Palestinian territories."
PSE,2006-01-01,2006-12-31,religious_freedom,2.258,V-Dem latent interval score,,,annual,vdem,16,https://www.v-dem.net/media/datasets/V-Dem-CY-Core-v16_csv.zip,,2026-09-06T11:42:28.526643+00:00,False,"{""interval_high"": 2.804, ""interval_low"": 1.638, ""source_country_name"": ""Palestine/West Bank""}","Expert-coded freedom of religion; higher = more freedom. Not incident count. PSE unit is West Bank, not combined Palestinian territories."
PSE,2007-01-01,2007-12-31,religious_freedom,2.133,V-Dem latent interval score,,,annual,vdem,16,https://www.v-dem.net/media/datasets/V-Dem-CY-Core-v16_csv.zip,,2026-09-06T11:42:28.526643+00:00,False,"{""interval_high"": 2.638, ""interval_low"": 1.484, ""source_country_name"": ""Palestine/West Bank""}","Expert-coded freedom of religion; higher = more freedom. Not incident count. PSE unit is West Bank, not combined Palestinian territories."
PSE,2008-01-01,2008-12-31,religious_freedom,2.133,V-Dem latent interval score,,,annual,vdem,16,https://www.v-dem.net/media/datasets/V-Dem-CY-Core-v16_csv.zip,,2026-09-06T11:42:28.526643+00:00,False,"{""interval_high"": 2.638, ""interval_low"": 1.484, ""source_country_name"": ""Palestine/West Bank""}","Expert-coded freedom of religion; higher = more freedom. Not incident count. PSE unit is West Bank, not combined Palestinian territories."
PSE,2009-01-01,2009-12-31,religious_freedom,2.133,V-Dem latent interval score,,,annual,vdem,16,https://www.v-dem.net/media/datasets/V-Dem-CY-Core-v16_csv.zip,,2026-09-06T11:42:28.526643+00:00,False,"{""interval_high"": 2.638, ""interval_low"": 1.484, ""source_country_name"": ""Palestine/West Bank""}","Expert-coded freedom of religion; higher = more freedom. Not incident count. PSE unit is West Bank, not combined Palestinian territories."
PSE,2010-01-01,2010-12-31,religious_freedom,1.789,V-Dem latent interval score,,,annual,vdem,16,https://www.v-dem.net/media/datasets/V-Dem-CY-Core-v16_csv.zip,,2026-09-06T11:42:28.526643+00:00,False,"{""interval_high"": 2.267, ""interval_low"": 1.182, ""source_country_name"": ""Palestine/West Bank""}","Expert-coded freedom of religion; higher = more freedom. Not incident count. PSE unit is West Bank, not combined Palestinian territories."
PSE,2011-01-01,2011-12-31,religious_freedom,1.789,V-Dem latent interval score,,,annual,vdem,16,https://www.v-dem.net/media/datasets/V-Dem-CY-Core-v16_csv.zip,,2026-09-06T11:42:28.526643+00:00,False,"{""interval_high"": 2.267, ""interval_low"": 1.182, ""source_country_name"": ""Palestine/West Bank""}","Expert-coded freedom of religion; higher = more freedom. Not incident count. PSE unit is West Bank, not combined Palestinian territories."
PSE,2012-01-01,2012-12-31,religious_freedom,1.789,V-Dem latent interval score,,,annual,vdem,16,https://www.v-dem.net/media/datasets/V-Dem-CY-Core-v16_csv.zip,,2026-09-06T11:42:28.526643+00:00,False,"{""interval_high"": 2.267, ""interval_low"": 1.182, ""source_country_name"": ""Palestine/West Bank""}","Expert-coded freedom of religion; higher = more freedom. Not incident count. PSE unit is West Bank, not combined Palestinian territories."
PSE,2013-01-01,2013-12-31,religious_freedom,1.789,V-Dem latent interval score,,,annual,vdem,16,https://www.v-dem.net/media/datasets/V-Dem-CY-Core-v16_csv.zip,,2026-09-06T11:42:28.526643+00:00,False,"{""interval_high"": 2.267, ""interval_low"": 1.182, ""source_country_name"": ""Palestine/West Bank""}","Expert-coded freedom of religion; higher = more freedom. Not incident count. PSE unit is West Bank, not combined Palestinian territories."
PSE,2014-01-01,2014-12-31,religious_freedom,1.789,V-Dem latent interval score,,,annual,vdem,16,https://www.v-dem.net/media/datasets/V-Dem-CY-Core-v16_csv.zip,,2026-09-06T11:42:28.526643+00:00,False,"{""interval_high"": 2.267, ""interval_low"": 1.182, ""source_country_name"": ""Palestine/West Bank""}","Expert-coded freedom of religion; higher = more freedom. Not incident count. PSE unit is West Bank, not combined Palestinian territories."
PSE,2015-01-01,2015-12-31,religious_freedom,1.594,V-Dem latent interval score,,,annual,vdem,16,https://www.v-dem.net/media/datasets/V-Dem-CY-Core-v16_csv.zip,,2026-09-06T11:42:28.526643+00:00,False,"{""interval_high"": 2.089, ""interval_low"": 0.981, ""source_country_name"": ""Palestine/West Bank""}","Expert-coded freedom of religion; higher = more freedom. Not incident count. PSE unit is West Bank, not combined Palestinian territories."
PSE,2016-01-01,2016-12-31,religious_freedom,1.594,V-Dem latent interval score,,,annual,vdem,16,https://www.v-dem.net/media/datasets/V-Dem-CY-Core-v16_csv.zip,,2026-09-06T11:42:28.526643+00:00,False,"{""interval_high"": 2.089, ""interval_low"": 0.981, ""source_country_name"": ""Palestine/West Bank""}","Expert-coded freedom of religion; higher = more freedom. Not incident count. PSE unit is West Bank, not combined Palestinian territories."
PSE,2017-01-01,2017-12-31,religious_freedom,1.385,V-Dem latent interval score,,,annual,vdem,16,https://www.v-dem.net/media/datasets/V-Dem-CY-Core-v16_csv.zip,,2026-09-06T11:42:28.526643+00:00,False,"{""interval_high"": 1.915, ""interval_low"": 0.895, ""source_country_name"": ""Palestine/West Bank""}","Expert-coded freedom of religion; higher = more freedom. Not incident count. PSE unit is West Bank, not combined Palestinian territories."
PSE,2018-01-01,2018-12-31,religious_freedom,2.287,V-Dem latent interval score,,,annual,vdem,16,https://www.v-dem.net/media/datasets/V-Dem-CY-Core-v16_csv.zip,,2026-09-06T11:42:28.526643+00:00,False,"{""interval_high"": 2.988, ""interval_low"": 1.623, ""source_country_name"": ""Palestine/West Bank""}","Expert-coded freedom of religion; higher = more freedom. Not incident count. PSE unit is West Bank, not combined Palestinian territories."
PSE,2019-01-01,2019-12-31,religious_freedom,1.564,V-Dem latent interval score,,,annual,vdem,16,https://www.v-dem.net/media/datasets/V-Dem-CY-Core-v16_csv.zip,,2026-09-06T11:42:28.526643+00:00,False,"{""interval_high"": 2.098, ""interval_low"": 0.928, ""source_country_name"": ""Palestine/West Bank""}","Expert-coded freedom of religion; higher = more freedom. Not incident count. PSE unit is West Bank, not combined Palestinian territories."
PSE,2020-01-01,2020-12-31,religious_freedom,1.564,V-Dem latent interval score,,,annual,vdem,16,https://www.v-dem.net/media/datasets/V-Dem-CY-Core-v16_csv.zip,,2026-09-06T11:42:28.526643+00:00,False,"{""interval_high"": 2.098, ""interval_low"": 0.928, ""source_country_name"": ""Palestine/West Bank""}","Expert-coded freedom of religion; higher = more freedom. Not incident count. PSE unit is West Bank, not combined Palestinian territories."
PSE,2021-01-01,2021-12-31,religious_freedom,2.107,V-Dem latent interval score,,,annual,vdem,16,https://www.v-dem.net/media/datasets/V-Dem-CY-Core-v16_csv.zip,,2026-09-06T11:42:28.526643+00:00,False,"{""interval_high"": 2.815, ""interval_low"": 1.362, ""source_country_name"": ""Palestine/West Bank""}","Expert-coded freedom of religion; higher = more freedom. Not incident count. PSE unit is West Bank, not combined Palestinian territories."
PSE,2022-01-01,2022-12-31,religious_freedom,1.309,V-Dem latent interval score,,,annual,vdem,16,https://www.v-dem.net/media/datasets/V-Dem-CY-Core-v16_csv.zip,,2026-09-06T11:42:28.526643+00:00,False,"{""interval_high"": 1.825, ""interval_low"": 0.632, ""source_country_name"": ""Palestine/West Bank""}","Expert-coded freedom of religion; higher = more freedom. Not incident count. PSE unit is West Bank, not combined Palestinian territories."
PSE,2023-01-01,2023-12-31,religious_freedom,0.912,V-Dem latent interval score,,,annual,vdem,16,https://www.v-dem.net/media/datasets/V-Dem-CY-Core-v16_csv.zip,,2026-09-06T11:42:28.526643+00:00,False,"{""interval_high"": 1.479, ""interval_low"": 0.292, ""source_country_name"": ""Palestine/West Bank""}","Expert-coded freedom of religion; higher = more freedom. Not incident count. PSE unit is West Bank, not combined Palestinian territories."
PSE,2024-01-01,2024-12-31,religious_freedom,0.64,V-Dem latent interval score,,,annual,vdem,16,https://www.v-dem.net/media/datasets/V-Dem-CY-Core-v16_csv.zip,,2026-09-06T11:42:28.526643+00:00,False,"{""interval_high"": 1.25, ""interval_low"": 0.068, ""source_country_name"": ""Palestine/West Bank""}","Expert-coded freedom of religion; higher = more freedom. Not incident count. PSE unit is West Bank, not combined Palestinian territories."
PSE,2025-01-01,2025-12-31,religious_freedom,0.23,V-Dem latent interval score,,,annual,vdem,16,https://www.v-dem.net/media/datasets/V-Dem-CY-Core-v16_csv.zip,,2026-09-06T11:42:28.526643+00:00,False,"{""interval_high"": 0.815, ""interval_low"": -0.382, ""source_country_name"": ""Palestine/West Bank""}","Expert-coded freedom of religion; higher = more freedom. Not incident count. PSE unit is West Bank, not combined Palestinian territories."
SDN,2000-01-01,2000-12-31,religious_freedom,-1.633,V-Dem latent interval score,,,annual,vdem,16,https://www.v-dem.net/media/datasets/V-Dem-CY-Core-v16_csv.zip,,2026-09-06T11:42:28.526643+00:00,False,"{""interval_high"": -1.122, ""interval_low"": -2.193, ""source_country_name"": ""Sudan""}","Expert-coded freedom of religion; higher = more freedom. Not incident count. PSE unit is West Bank, not combined Palestinian territories."
SDN,2001-01-01,2001-12-31,religious_freedom,-1.793,V-Dem latent interval score,,,annual,vdem,16,https://www.v-dem.net/media/datasets/V-Dem-CY-Core-v16_csv.zip,,2026-09-06T11:42:28.526643+00:00,False,"{""interval_high"": -1.187, ""interval_low"": -2.307, ""source_country_name"": ""Sudan""}","Expert-coded freedom of religion; higher = more freedom. Not incident count. PSE unit is West Bank, not combined Palestinian territories."
SDN,2002-01-01,2002-12-31,religious_freedom,-1.793,V-Dem latent interval score,,,annual,vdem,16,https://www.v-dem.net/media/datasets/V-Dem-CY-Core-v16_csv.zip,,2026-09-06T11:42:28.526643+00:00,False,"{""interval_high"": -1.187, ""interval_low"": -2.307, ""source_country_name"": ""Sudan""}","Expert-coded freedom of religion; higher = more freedom. Not incident count. PSE unit is West Bank, not combined Palestinian territories."
SDN,2003-01-01,2003-12-31,religious_freedom,-1.793,V-Dem latent interval score,,,annual,vdem,16,https://www.v-dem.net/media/datasets/V-Dem-CY-Core-v16_csv.zip,,2026-09-06T11:42:28.526643+00:00,False,"{""interval_high"": -1.187, ""interval_low"": -2.307, ""source_country_name"": ""Sudan""}","Expert-coded freedom of religion; higher = more freedom. Not incident count. PSE unit is West Bank, not combined Palestinian territories."
SDN,2004-01-01,2004-12-31,religious_freedom,-1.793,V-Dem latent interval score,,,annual,vdem,16,https://www.v-dem.net/media/datasets/V-Dem-CY-Core-v16_csv.zip,,2026-09-06T11:42:28.526643+00:00,False,"{""interval_high"": -1.187, ""interval_low"": -2.307, ""source_country_name"": ""Sudan""}","Expert-coded freedom of religion; higher = more freedom. Not incident count. PSE unit is West Bank, not combined Palestinian territories."
SDN,2005-01-01,2005-12-31,religious_freedom,-1.229,V-Dem latent interval score,,,annual,vdem,16,https://www.v-dem.net/media/datasets/V-Dem-CY-Core-v16_csv.zip,,2026-09-06T11:42:28.526643+00:00,False,"{""interval_high"": -0.948, ""interval_low"": -1.561, ""source_country_name"": ""Sudan""}","Expert-coded freedom of religion; higher = more freedom. Not incident count. PSE unit is West Bank, not combined Palestinian territories."
SDN,2006-01-01,2006-12-31,religious_freedom,-1.229,V-Dem latent interval score,,,annual,vdem,16,https://www.v-dem.net/media/datasets/V-Dem-CY-Core-v16_csv.zip,,2026-09-06T11:42:28.526643+00:00,False,"{""interval_high"": -0.948, ""interval_low"": -1.561, ""source_country_name"": ""Sudan""}","Expert-coded freedom of religion; higher = more freedom. Not incident count. PSE unit is West Bank, not combined Palestinian territories."
SDN,2007-01-01,2007-12-31,religious_freedom,-1.229,V-Dem latent interval score,,,annual,vdem,16,https://www.v-dem.net/media/datasets/V-Dem-CY-Core-v16_csv.zip,,2026-09-06T11:42:28.526643+00:00,False,"{""interval_high"": -0.948, ""interval_low"": -1.561, ""source_country_name"": ""Sudan""}","Expert-coded freedom of religion; higher = more freedom. Not incident count. PSE unit is West Bank, not combined Palestinian territories."
SDN,2008-01-01,2008-12-31,religious_freedom,-1.229,V-Dem latent interval score,,,annual,vdem,16,https://www.v-dem.net/media/datasets/V-Dem-CY-Core-v16_csv.zip,,2026-09-06T11:42:28.526643+00:00,False,"{""interval_high"": -0.948, ""interval_low"": -1.561, ""source_country_name"": ""Sudan""}","Expert-coded freedom of religion; higher = more freedom. Not incident count. PSE unit is West Bank, not combined Palestinian territories."
SDN,2009-01-01,2009-12-31,religious_freedom,-1.229,V-Dem latent interval score,,,annual,vdem,16,https://www.v-dem.net/media/datasets/V-Dem-CY-Core-v16_csv.zip,,2026-09-06T11:42:28.526643+00:00,False,"{""interval_high"": -0.948, ""interval_low"": -1.561, ""source_country_name"": ""Sudan""}","Expert-coded freedom of religion; higher = more freedom. Not incident count. PSE unit is West Bank, not combined Palestinian territories."
SDN,2010-01-01,2010-12-31,religious_freedom,-1.229,V-Dem latent interval score,,,annual,vdem,16,https://www.v-dem.net/media/datasets/V-Dem-CY-Core-v16_csv.zip,,2026-09-06T11:42:28.526643+00:00,False,"{""interval_high"": -0.948, ""interval_low"": -1.561, ""source_country_name"": ""Sudan""}","Expert-coded freedom of religion; higher = more freedom. Not incident count. PSE unit is West Bank, not combined Palestinian territories."
SDN,2011-01-01,2011-12-31,religious_freedom,-1.229,V-Dem latent interval score,,,annual,vdem,16,https://www.v-dem.net/media/datasets/V-Dem-CY-Core-v16_csv.zip,,2026-09-06T11:42:28.526643+00:00,False,"{""interval_high"": -0.948, ""interval_low"": -1.561, ""source_country_name"": ""Sudan""}","Expert-coded freedom of religion; higher = more freedom. Not incident count. PSE unit is West Bank, not combined Palestinian territories."
SDN,2012-01-01,2012-12-31,religious_freedom,-1.355,V-Dem latent interval score,,,annual,vdem,16,https://www.v-dem.net/media/datasets/V-Dem-CY-Core-v16_csv.zip,,2026-09-06T11:42:28.526643+00:00,False,"{""interval_high"": -1.045, ""interval_low"": -1.68, ""source_country_name"": ""Sudan""}","Expert-coded freedom of religion; higher = more freedom. Not incident count. PSE unit is West Bank, not combined Palestinian territories."
SDN,2013-01-01,2013-12-31,religious_freedom,-0.883,V-Dem latent interval score,,,annual,vdem,16,https://www.v-dem.net/media/datasets/V-Dem-CY-Core-v16_csv.zip,,2026-09-06T11:42:28.526643+00:00,False,"{""interval_high"": -0.558, ""interval_low"": -1.218, ""source_country_name"": ""Sudan""}","Expert-coded freedom of religion; higher = more freedom. Not incident count. PSE unit is West Bank, not combined Palestinian territories."
SDN,2014-01-01,2014-12-31,religious_freedom,-0.883,V-Dem latent interval score,,,annual,vdem,16,https://www.v-dem.net/media/datasets/V-Dem-CY-Core-v16_csv.zip,,2026-09-06T11:42:28.526643+00:00,False,"{""interval_high"": -0.558, ""interval_low"": -1.218, ""source_country_name"": ""Sudan""}","Expert-coded freedom of religion; higher = more freedom. Not incident count. PSE unit is West Bank, not combined Palestinian territories."
SDN,2015-01-01,2015-12-31,religious_freedom,-0.883,V-Dem latent interval score,,,annual,vdem,16,https://www.v-dem.net/media/datasets/V-Dem-CY-Core-v16_csv.zip,,2026-09-06T11:42:28.526643+00:00,False,"{""interval_high"": -0.558, ""interval_low"": -1.218, ""source_country_name"": ""Sudan""}","Expert-coded freedom of religion; higher = more freedom. Not incident count. PSE unit is West Bank, not combined Palestinian territories."
SDN,2016-01-01,2016-12-31,religious_freedom,-1.028,V-Dem latent interval score,,,annual,vdem,16,https://www.v-dem.net/media/datasets/V-Dem-CY-Core-v16_csv.zip,,2026-09-06T11:42:28.526643+00:00,False,"{""interval_high"": -0.645, ""interval_low"": -1.403, ""source_country_name"": ""Sudan""}","Expert-coded freedom of religion; higher = more freedom. Not incident count. PSE unit is West Bank, not combined Palestinian territories."
SDN,2017-01-01,2017-12-31,religious_freedom,-1.181,V-Dem latent interval score,,,annual,vdem,16,https://www.v-dem.net/media/datasets/V-Dem-CY-Core-v16_csv.zip,,2026-09-06T11:42:28.526643+00:00,False,"{""interval_high"": -0.743, ""interval_low"": -1.528, ""source_country_name"": ""Sudan""}","Expert-coded freedom of religion; higher = more freedom. Not incident count. PSE unit is West Bank, not combined Palestinian territories."
SDN,2018-01-01,2018-12-31,religious_freedom,-1.223,V-Dem latent interval score,,,annual,vdem,16,https://www.v-dem.net/media/datasets/V-Dem-CY-Core-v16_csv.zip,,2026-09-06T11:42:28.526643+00:00,False,"{""interval_high"": -0.798, ""interval_low"": -1.567, ""source_country_name"": ""Sudan""}","Expert-coded freedom of religion; higher = more freedom. Not incident count. PSE unit is West Bank, not combined Palestinian territories."
SDN,2019-01-01,2019-12-31,religious_freedom,-0.988,V-Dem latent interval score,,,annual,vdem,16,https://www.v-dem.net/media/datasets/V-Dem-CY-Core-v16_csv.zip,,2026-09-06T11:42:28.526643+00:00,False,"{""interval_high"": -0.561, ""interval_low"": -1.314, ""source_country_name"": ""Sudan""}","Expert-coded freedom of religion; higher = more freedom. Not incident count. PSE unit is West Bank, not combined Palestinian territories."
SDN,2020-01-01,2020-12-31,religious_freedom,-0.988,V-Dem latent interval score,,,annual,vdem,16,https://www.v-dem.net/media/datasets/V-Dem-CY-Core-v16_csv.zip,,2026-09-06T11:42:28.526643+00:00,False,"{""interval_high"": -0.561, ""interval_low"": -1.314, ""source_country_name"": ""Sudan""}","Expert-coded freedom of religion; higher = more freedom. Not incident count. PSE unit is West Bank, not combined Palestinian territories."
SDN,2021-01-01,2021-12-31,religious_freedom,-1.07,V-Dem latent interval score,,,annual,vdem,16,https://www.v-dem.net/media/datasets/V-Dem-CY-Core-v16_csv.zip,,2026-09-06T11:42:28.526643+00:00,False,"{""interval_high"": -0.716, ""interval_low"": -1.488, ""source_country_name"": ""Sudan""}","Expert-coded freedom of religion; higher = more freedom. Not incident count. PSE unit is West Bank, not combined Palestinian territories."
SDN,2022-01-01,2022-12-31,religious_freedom,-0.971,V-Dem latent interval score,,,annual,vdem,16,https://www.v-dem.net/media/datasets/V-Dem-CY-Core-v16_csv.zip,,2026-09-06T11:42:28.526643+00:00,False,"{""interval_high"": -0.618, ""interval_low"": -1.347, ""source_country_name"": ""Sudan""}","Expert-coded freedom of religion; higher = more freedom. Not incident count. PSE unit is West Bank, not combined Palestinian territories."
SDN,2023-01-01,2023-12-31,religious_freedom,-0.971,V-Dem latent interval score,,,annual,vdem,16,https://www.v-dem.net/media/datasets/V-Dem-CY-Core-v16_csv.zip,,2026-09-06T11:42:28.526643+00:00,False,"{""interval_high"": -0.618, ""interval_low"": -1.347, ""source_country_name"": ""Sudan""}","Expert-coded freedom of religion; higher = more freedom. Not incident count. PSE unit is West Bank, not combined Palestinian territories."
SDN,2024-01-01,2024-12-31,religious_freedom,-1.115,V-Dem latent interval score,,,annual,vdem,16,https://www.v-dem.net/media/datasets/V-Dem-CY-Core-v16_csv.zip,,2026-09-06T11:42:28.526643+00:00,False,"{""interval_high"": -0.614, ""interval_low"": -1.487, ""source_country_name"": ""Sudan""}","Expert-coded freedom of religion; higher = more freedom. Not incident count. PSE unit is West Bank, not combined Palestinian territories."
SDN,2025-01-01,2025-12-31,religious_freedom,-1.115,V-Dem latent interval score,,,annual,vdem,16,https://www.v-dem.net/media/datasets/V-Dem-CY-Core-v16_csv.zip,,2026-09-06T11:42:28.526643+00:00,False,"{""interval_high"": -0.614, ""interval_low"": -1.487, ""source_country_name"": ""Sudan""}","Expert-coded freedom of religion; higher = more freedom. Not incident count. PSE unit is West Bank, not combined Palestinian territories."
SOM,2000-01-01,2000-12-31,religious_freedom,-2.008,V-Dem latent interval score,,,annual,vdem,16,https://www.v-dem.net/media/datasets/V-Dem-CY-Core-v16_csv.zip,,2026-09-06T11:42:28.526643+00:00,False,"{""interval_high"": -1.593, ""interval_low"": -2.433, ""source_country_name"": ""Somalia""}","Expert-coded freedom of religion; higher = more freedom. Not incident count. PSE unit is West Bank, not combined Palestinian territories."
SOM,2001-01-01,2001-12-31,religious_freedom,-2.008,V-Dem latent interval score,,,annual,vdem,16,https://www.v-dem.net/media/datasets/V-Dem-CY-Core-v16_csv.zip,,2026-09-06T11:42:28.526643+00:00,False,"{""interval_high"": -1.593, ""interval_low"": -2.433, ""source_country_name"": ""Somalia""}","Expert-coded freedom of religion; higher = more freedom. Not incident count. PSE unit is West Bank, not combined Palestinian territories."
SOM,2002-01-01,2002-12-31,religious_freedom,-2.008,V-Dem latent interval score,,,annual,vdem,16,https://www.v-dem.net/media/datasets/V-Dem-CY-Core-v16_csv.zip,,2026-09-06T11:42:28.526643+00:00,False,"{""interval_high"": -1.593, ""interval_low"": -2.433, ""source_country_name"": ""Somalia""}","Expert-coded freedom of religion; higher = more freedom. Not incident count. PSE unit is West Bank, not combined Palestinian territories."
SOM,2003-01-01,2003-12-31,religious_freedom,-2.008,V-Dem latent interval score,,,annual,vdem,16,https://www.v-dem.net/media/datasets/V-Dem-CY-Core-v16_csv.zip,,2026-09-06T11:42:28.526643+00:00,False,"{""interval_high"": -1.593, ""interval_low"": -2.433, ""source_country_name"": ""Somalia""}","Expert-coded freedom of religion; higher = more freedom. Not incident count. PSE unit is West Bank, not combined Palestinian territories."
SOM,2004-01-01,2004-12-31,religious_freedom,-2.008,V-Dem latent interval score,,,annual,vdem,16,https://www.v-dem.net/media/datasets/V-Dem-CY-Core-v16_csv.zip,,2026-09-06T11:42:28.526643+00:00,False,"{""interval_high"": -1.593, ""interval_low"": -2.433, ""source_country_name"": ""Somalia""}","Expert-coded freedom of religion; higher = more freedom. Not incident count. PSE unit is West Bank, not combined Palestinian territories."
SOM,2005-01-01,2005-12-31,religious_freedom,-2.008,V-Dem latent interval score,,,annual,vdem,16,https://www.v-dem.net/media/datasets/V-Dem-CY-Core-v16_csv.zip,,2026-09-06T11:42:28.526643+00:00,False,"{""interval_high"": -1.593, ""interval_low"": -2.433, ""source_country_name"": ""Somalia""}","Expert-coded freedom of religion; higher = more freedom. Not incident count. PSE unit is West Bank, not combined Palestinian territories."
SOM,2006-01-01,2006-12-31,religious_freedom,-2.008,V-Dem latent interval score,,,annual,vdem,16,https://www.v-dem.net/media/datasets/V-Dem-CY-Core-v16_csv.zip,,2026-09-06T11:42:28.526643+00:00,False,"{""interval_high"": -1.593, ""interval_low"": -2.433, ""source_country_name"": ""Somalia""}","Expert-coded freedom of religion; higher = more freedom. Not incident count. PSE unit is West Bank, not combined Palestinian territories."
SOM,2007-01-01,2007-12-31,religious_freedom,-2.008,V-Dem latent interval score,,,annual,vdem,16,https://www.v-dem.net/media/datasets/V-Dem-CY-Core-v16_csv.zip,,2026-09-06T11:42:28.526643+00:00,False,"{""interval_high"": -1.593, ""interval_low"": -2.433, ""source_country_name"": ""Somalia""}","Expert-coded freedom of religion; higher = more freedom. Not incident count. PSE unit is West Bank, not combined Palestinian territories."
SOM,2008-01-01,2008-12-31,religious_freedom,-2.008,V-Dem latent interval score,,,annual,vdem,16,https://www.v-dem.net/media/datasets/V-Dem-CY-Core-v16_csv.zip,,2026-09-06T11:42:28.526643+00:00,False,"{""interval_high"": -1.593, ""interval_low"": -2.433, ""source_country_name"": ""Somalia""}","Expert-coded freedom of religion; higher = more freedom. Not incident count. PSE unit is West Bank, not combined Palestinian territories."
SOM,2009-01-01,2009-12-31,religious_freedom,-2.008,V-Dem latent interval score,,,annual,vdem,16,https://www.v-dem.net/media/datasets/V-Dem-CY-Core-v16_csv.zip,,2026-09-06T11:42:28.526643+00:00,False,"{""interval_high"": -1.593, ""interval_low"": -2.433, ""source_country_name"": ""Somalia""}","Expert-coded freedom of religion; higher = more freedom. Not incident count. PSE unit is West Bank, not combined Palestinian territories."
SOM,2010-01-01,2010-12-31,religious_freedom,-2.008,V-Dem latent interval score,,,annual,vdem,16,https://www.v-dem.net/media/datasets/V-Dem-CY-Core-v16_csv.zip,,2026-09-06T11:42:28.526643+00:00,False,"{""interval_high"": -1.593, ""interval_low"": -2.433, ""source_country_name"": ""Somalia""}","Expert-coded freedom of religion; higher = more freedom. Not incident count. PSE unit is West Bank, not combined Palestinian territories."
SOM,2011-01-01,2011-12-31,religious_freedom,-2.008,V-Dem latent interval score,,,annual,vdem,16,https://www.v-dem.net/media/datasets/V-Dem-CY-Core-v16_csv.zip,,2026-09-06T11:42:28.526643+00:00,False,"{""interval_high"": -1.593, ""interval_low"": -2.433, ""source_country_name"": ""Somalia""}","Expert-coded freedom of religion; higher = more freedom. Not incident count. PSE unit is West Bank, not combined Palestinian territories."
SOM,2012-01-01,2012-12-31,religious_freedom,-2.008,V-Dem latent interval score,,,annual,vdem,16,https://www.v-dem.net/media/datasets/V-Dem-CY-Core-v16_csv.zip,,2026-09-06T11:42:28.526643+00:00,False,"{""interval_high"": -1.593, ""interval_low"": -2.433, ""source_country_name"": ""Somalia""}","Expert-coded freedom of religion; higher = more freedom. Not incident count. PSE unit is West Bank, not combined Palestinian territories."
SOM,2013-01-01,2013-12-31,religious_freedom,-2.02,V-Dem latent interval score,,,annual,vdem,16,https://www.v-dem.net/media/datasets/V-Dem-CY-Core-v16_csv.zip,,2026-09-06T11:42:28.526643+00:00,False,"{""interval_high"": -1.504, ""interval_low"": -2.484, ""source_country_name"": ""Somalia""}","Expert-coded freedom of religion; higher = more freedom. Not incident count. PSE unit is West Bank, not combined Palestinian territories."
SOM,2014-01-01,2014-12-31,religious_freedom,-2.02,V-Dem latent interval score,,,annual,vdem,16,https://www.v-dem.net/media/datasets/V-Dem-CY-Core-v16_csv.zip,,2026-09-06T11:42:28.526643+00:00,False,"{""interval_high"": -1.504, ""interval_low"": -2.484, ""source_country_name"": ""Somalia""}","Expert-coded freedom of religion; higher = more freedom. Not incident count. PSE unit is West Bank, not combined Palestinian territories."
SOM,2015-01-01,2015-12-31,religious_freedom,-2.02,V-Dem latent interval score,,,annual,vdem,16,https://www.v-dem.net/media/datasets/V-Dem-CY-Core-v16_csv.zip,,2026-09-06T11:42:28.526643+00:00,False,"{""interval_high"": -1.504, ""interval_low"": -2.484, ""source_country_name"": ""Somalia""}","Expert-coded freedom of religion; higher = more freedom. Not incident count. PSE unit is West Bank, not combined Palestinian territories."
SOM,2016-01-01,2016-12-31,religious_freedom,-1.9,V-Dem latent interval score,,,annual,vdem,16,https://www.v-dem.net/media/datasets/V-Dem-CY-Core-v16_csv.zip,,2026-09-06T11:42:28.526643+00:00,False,"{""interval_high"": -1.414, ""interval_low"": -2.362, ""source_country_name"": ""Somalia""}","Expert-coded freedom of religion; higher = more freedom. Not incident count. PSE unit is West Bank, not combined Palestinian territories."
SOM,2017-01-01,2017-12-31,religious_freedom,-2.234,V-Dem latent interval score,,,annual,vdem,16,https://www.v-dem.net/media/datasets/V-Dem-CY-Core-v16_csv.zip,,2026-09-06T11:42:28.526643+00:00,False,"{""interval_high"": -1.719, ""interval_low"": -2.725, ""source_country_name"": ""Somalia""}","Expert-coded freedom of religion; higher = more freedom. Not incident count. PSE unit is West Bank, not combined Palestinian territories."
SOM,2018-01-01,2018-12-31,religious_freedom,-1.822,V-Dem latent interval score,,,annual,vdem,16,https://www.v-dem.net/media/datasets/V-Dem-CY-Core-v16_csv.zip,,2026-09-06T11:42:28.526643+00:00,False,"{""interval_high"": -1.262, ""interval_low"": -2.157, ""source_country_name"": ""Somalia""}","Expert-coded freedom of religion; higher = more freedom. Not incident count. PSE unit is West Bank, not combined Palestinian territories."
SOM,2019-01-01,2019-12-31,religious_freedom,-1.979,V-Dem latent interval score,,,annual,vdem,16,https://www.v-dem.net/media/datasets/V-Dem-CY-Core-v16_csv.zip,,2026-09-06T11:42:28.526643+00:00,False,"{""interval_high"": -1.438, ""interval_low"": -2.422, ""source_country_name"": ""Somalia""}","Expert-coded freedom of religion; higher = more freedom. Not incident count. PSE unit is West Bank, not combined Palestinian territories."
SOM,2020-01-01,2020-12-31,religious_freedom,-2.375,V-Dem latent interval score,,,annual,vdem,16,https://www.v-dem.net/media/datasets/V-Dem-CY-Core-v16_csv.zip,,2026-09-06T11:42:28.526643+00:00,False,"{""interval_high"": -1.772, ""interval_low"": -2.847, ""source_country_name"": ""Somalia""}","Expert-coded freedom of religion; higher = more freedom. Not incident count. PSE unit is West Bank, not combined Palestinian territories."
SOM,2021-01-01,2021-12-31,religious_freedom,-1.78,V-Dem latent interval score,,,annual,vdem,16,https://www.v-dem.net/media/datasets/V-Dem-CY-Core-v16_csv.zip,,2026-09-06T11:42:28.526643+00:00,False,"{""interval_high"": -1.249, ""interval_low"": -2.228, ""source_country_name"": ""Somalia""}","Expert-coded freedom of religion; higher = more freedom. Not incident count. PSE unit is West Bank, not combined Palestinian territories."
SOM,2022-01-01,2022-12-31,religious_freedom,-1.637,V-Dem latent interval score,,,annual,vdem,16,https://www.v-dem.net/media/datasets/V-Dem-CY-Core-v16_csv.zip,,2026-09-06T11:42:28.526643+00:00,False,"{""interval_high"": -1.111, ""interval_low"": -2.068, ""source_country_name"": ""Somalia""}","Expert-coded freedom of religion; higher = more freedom. Not incident count. PSE unit is West Bank, not combined Palestinian territories."
SOM,2023-01-01,2023-12-31,religious_freedom,-1.379,V-Dem latent interval score,,,annual,vdem,16,https://www.v-dem.net/media/datasets/V-Dem-CY-Core-v16_csv.zip,,2026-09-06T11:42:28.526643+00:00,False,"{""interval_high"": -0.947, ""interval_low"": -1.804, ""source_country_name"": ""Somalia""}","Expert-coded freedom of religion; higher = more freedom. Not incident count. PSE unit is West Bank, not combined Palestinian territories."
SOM,2024-01-01,2024-12-31,religious_freedom,-1.379,V-Dem latent interval score,,,annual,vdem,16,https://www.v-dem.net/media/datasets/V-Dem-CY-Core-v16_csv.zip,,2026-09-06T11:42:28.526643+00:00,False,"{""interval_high"": -0.947, ""interval_low"": -1.804, ""source_country_name"": ""Somalia""}","Expert-coded freedom of religion; higher = more freedom. Not incident count. PSE unit is West Bank, not combined Palestinian territories."
SOM,2025-01-01,2025-12-31,religious_freedom,-1.379,V-Dem latent interval score,,,annual,vdem,16,https://www.v-dem.net/media/datasets/V-Dem-CY-Core-v16_csv.zip,,2026-09-06T11:42:28.526643+00:00,False,"{""interval_high"": -0.947, ""interval_low"": -1.804, ""source_country_name"": ""Somalia""}","Expert-coded freedom of religion; higher = more freedom. Not incident count. PSE unit is West Bank, not combined Palestinian territories."
UKR,2000-01-01,2000-12-31,religious_freedom,2.185,V-Dem latent interval score,,,annual,vdem,16,https://www.v-dem.net/media/datasets/V-Dem-CY-Core-v16_csv.zip,,2026-09-06T11:42:28.526643+00:00,False,"{""interval_high"": 2.764, ""interval_low"": 1.335, ""source_country_name"": ""Ukraine""}","Expert-coded freedom of religion; higher = more freedom. Not incident count. PSE unit is West Bank, not combined Palestinian territories."
UKR,2001-01-01,2001-12-31,religious_freedom,2.185,V-Dem latent interval score,,,annual,vdem,16,https://www.v-dem.net/media/datasets/V-Dem-CY-Core-v16_csv.zip,,2026-09-06T11:42:28.526643+00:00,False,"{""interval_high"": 2.764, ""interval_low"": 1.335, ""source_country_name"": ""Ukraine""}","Expert-coded freedom of religion; higher = more freedom. Not incident count. PSE unit is West Bank, not combined Palestinian territories."
UKR,2002-01-01,2002-12-31,religious_freedom,2.185,V-Dem latent interval score,,,annual,vdem,16,https://www.v-dem.net/media/datasets/V-Dem-CY-Core-v16_csv.zip,,2026-09-06T11:42:28.526643+00:00,False,"{""interval_high"": 2.764, ""interval_low"": 1.335, ""source_country_name"": ""Ukraine""}","Expert-coded freedom of religion; higher = more freedom. Not incident count. PSE unit is West Bank, not combined Palestinian territories."
UKR,2003-01-01,2003-12-31,religious_freedom,2.185,V-Dem latent interval score,,,annual,vdem,16,https://www.v-dem.net/media/datasets/V-Dem-CY-Core-v16_csv.zip,,2026-09-06T11:42:28.526643+00:00,False,"{""interval_high"": 2.764, ""interval_low"": 1.335, ""source_country_name"": ""Ukraine""}","Expert-coded freedom of religion; higher = more freedom. Not incident count. PSE unit is West Bank, not combined Palestinian territories."
UKR,2004-01-01,2004-12-31,religious_freedom,2.185,V-Dem latent interval score,,,annual,vdem,16,https://www.v-dem.net/media/datasets/V-Dem-CY-Core-v16_csv.zip,,2026-09-06T11:42:28.526643+00:00,False,"{""interval_high"": 2.764, ""interval_low"": 1.335, ""source_country_name"": ""Ukraine""}","Expert-coded freedom of religion; higher = more freedom. Not incident count. PSE unit is West Bank, not combined Palestinian territories."
UKR,2005-01-01,2005-12-31,religious_freedom,2.051,V-Dem latent interval score,,,annual,vdem,16,https://www.v-dem.net/media/datasets/V-Dem-CY-Core-v16_csv.zip,,2026-09-06T11:42:28.526643+00:00,False,"{""interval_high"": 2.525, ""interval_low"": 1.373, ""source_country_name"": ""Ukraine""}","Expert-coded freedom of religion; higher = more freedom. Not incident count. PSE unit is West Bank, not combined Palestinian territories."
UKR,2006-01-01,2006-12-31,religious_freedom,2.051,V-Dem latent interval score,,,annual,vdem,16,https://www.v-dem.net/media/datasets/V-Dem-CY-Core-v16_csv.zip,,2026-09-06T11:42:28.526643+00:00,False,"{""interval_high"": 2.525, ""interval_low"": 1.373, ""source_country_name"": ""Ukraine""}","Expert-coded freedom of religion; higher = more freedom. Not incident count. PSE unit is West Bank, not combined Palestinian territories."
UKR,2007-01-01,2007-12-31,religious_freedom,2.051,V-Dem latent interval score,,,annual,vdem,16,https://www.v-dem.net/media/datasets/V-Dem-CY-Core-v16_csv.zip,,2026-09-06T11:42:28.526643+00:00,False,"{""interval_high"": 2.525, ""interval_low"": 1.373, ""source_country_name"": ""Ukraine""}","Expert-coded freedom of religion; higher = more freedom. Not incident count. PSE unit is West Bank, not combined Palestinian territories."
UKR,2008-01-01,2008-12-31,religious_freedom,2.051,V-Dem latent interval score,,,annual,vdem,16,https://www.v-dem.net/media/datasets/V-Dem-CY-Core-v16_csv.zip,,2026-09-06T11:42:28.526643+00:00,False,"{""interval_high"": 2.525, ""interval_low"": 1.373, ""source_country_name"": ""Ukraine""}","Expert-coded freedom of religion; higher = more freedom. Not incident count. PSE unit is West Bank, not combined Palestinian territories."
UKR,2009-01-01,2009-12-31,religious_freedom,2.051,V-Dem latent interval score,,,annual,vdem,16,https://www.v-dem.net/media/datasets/V-Dem-CY-Core-v16_csv.zip,,2026-09-06T11:42:28.526643+00:00,False,"{""interval_high"": 2.525, ""interval_low"": 1.373, ""source_country_name"": ""Ukraine""}","Expert-coded freedom of religion; higher = more freedom. Not incident count. PSE unit is West Bank, not combined Palestinian territories."
UKR,2010-01-01,2010-12-31,religious_freedom,2.056,V-Dem latent interval score,,,annual,vdem,16,https://www.v-dem.net/media/datasets/V-Dem-CY-Core-v16_csv.zip,,2026-09-06T11:42:28.526643+00:00,False,"{""interval_high"": 2.661, ""interval_low"": 1.471, ""source_country_name"": ""Ukraine""}","Expert-coded freedom of religion; higher = more freedom. Not incident count. PSE unit is West Bank, not combined Palestinian territories."
UKR,2011-01-01,2011-12-31,religious_freedom,2.056,V-Dem latent interval score,,,annual,vdem,16,https://www.v-dem.net/media/datasets/V-Dem-CY-Core-v16_csv.zip,,2026-09-06T11:42:28.526643+00:00,False,"{""interval_high"": 2.661, ""interval_low"": 1.471, ""source_country_name"": ""Ukraine""}","Expert-coded freedom of religion; higher = more freedom. Not incident count. PSE unit is West Bank, not combined Palestinian territories."
UKR,2012-01-01,2012-12-31,religious_freedom,2.056,V-Dem latent interval score,,,annual,vdem,16,https://www.v-dem.net/media/datasets/V-Dem-CY-Core-v16_csv.zip,,2026-09-06T11:42:28.526643+00:00,False,"{""interval_high"": 2.661, ""interval_low"": 1.471, ""source_country_name"": ""Ukraine""}","Expert-coded freedom of religion; higher = more freedom. Not incident count. PSE unit is West Bank, not combined Palestinian territories."
UKR,2013-01-01,2013-12-31,religious_freedom,1.772,V-Dem latent interval score,,,annual,vdem,16,https://www.v-dem.net/media/datasets/V-Dem-CY-Core-v16_csv.zip,,2026-09-06T11:42:28.526643+00:00,False,"{""interval_high"": 2.216, ""interval_low"": 1.179, ""source_country_name"": ""Ukraine""}","Expert-coded freedom of religion; higher = more freedom. Not incident count. PSE unit is West Bank, not combined Palestinian territories."
UKR,2014-01-01,2014-12-31,religious_freedom,0.986,V-Dem latent interval score,,,annual,vdem,16,https://www.v-dem.net/media/datasets/V-Dem-CY-Core-v16_csv.zip,,2026-09-06T11:42:28.526643+00:00,False,"{""interval_high"": 1.342, ""interval_low"": 0.542, ""source_country_name"": ""Ukraine""}","Expert-coded freedom of religion; higher = more freedom. Not incident count. PSE unit is West Bank, not combined Palestinian territories."
UKR,2015-01-01,2015-12-31,religious_freedom,0.875,V-Dem latent interval score,,,annual,vdem,16,https://www.v-dem.net/media/datasets/V-Dem-CY-Core-v16_csv.zip,,2026-09-06T11:42:28.526643+00:00,False,"{""interval_high"": 1.261, ""interval_low"": 0.478, ""source_country_name"": ""Ukraine""}","Expert-coded freedom of religion; higher = more freedom. Not incident count. PSE unit is West Bank, not combined Palestinian territories."
UKR,2016-01-01,2016-12-31,religious_freedom,0.875,V-Dem latent interval score,,,annual,vdem,16,https://www.v-dem.net/media/datasets/V-Dem-CY-Core-v16_csv.zip,,2026-09-06T11:42:28.526643+00:00,False,"{""interval_high"": 1.261, ""interval_low"": 0.478, ""source_country_name"": ""Ukraine""}","Expert-coded freedom of religion; higher = more freedom. Not incident count. PSE unit is West Bank, not combined Palestinian territories."
UKR,2017-01-01,2017-12-31,religious_freedom,1.024,V-Dem latent interval score,,,annual,vdem,16,https://www.v-dem.net/media/datasets/V-Dem-CY-Core-v16_csv.zip,,2026-09-06T11:42:28.526643+00:00,False,"{""interval_high"": 1.426, ""interval_low"": 0.613, ""source_country_name"": ""Ukraine""}","Expert-coded freedom of religion; higher = more freedom. Not incident count. PSE unit is West Bank, not combined Palestinian territories."
UKR,2018-01-01,2018-12-31,religious_freedom,0.436,V-Dem latent interval score,,,annual,vdem,16,https://www.v-dem.net/media/datasets/V-Dem-CY-Core-v16_csv.zip,,2026-09-06T11:42:28.526643+00:00,False,"{""interval_high"": 0.804, ""interval_low"": 0.099, ""source_country_name"": ""Ukraine""}","Expert-coded freedom of religion; higher = more freedom. Not incident count. PSE unit is West Bank, not combined Palestinian territories."
UKR,2019-01-01,2019-12-31,religious_freedom,0.49,V-Dem latent interval score,,,annual,vdem,16,https://www.v-dem.net/media/datasets/V-Dem-CY-Core-v16_csv.zip,,2026-09-06T11:42:28.526643+00:00,False,"{""interval_high"": 0.85, ""interval_low"": 0.147, ""source_country_name"": ""Ukraine""}","Expert-coded freedom of religion; higher = more freedom. Not incident count. PSE unit is West Bank, not combined Palestinian territories."
UKR,2020-01-01,2020-12-31,religious_freedom,0.633,V-Dem latent interval score,,,annual,vdem,16,https://www.v-dem.net/media/datasets/V-Dem-CY-Core-v16_csv.zip,,2026-09-06T11:42:28.526643+00:00,False,"{""interval_high"": 0.948, ""interval_low"": 0.253, ""source_country_name"": ""Ukraine""}","Expert-coded freedom of religion; higher = more freedom. Not incident count. PSE unit is West Bank, not combined Palestinian territories."
UKR,2021-01-01,2021-12-31,religious_freedom,0.633,V-Dem latent interval score,,,annual,vdem,16,https://www.v-dem.net/media/datasets/V-Dem-CY-Core-v16_csv.zip,,2026-09-06T11:42:28.526643+00:00,False,"{""interval_high"": 0.948, ""interval_low"": 0.253, ""source_country_name"": ""Ukraine""}","Expert-coded freedom of religion; higher = more freedom. Not incident count. PSE unit is West Bank, not combined Palestinian territories."
UKR,2022-01-01,2022-12-31,religious_freedom,0.177,V-Dem latent interval score,,,annual,vdem,16,https://www.v-dem.net/media/datasets/V-Dem-CY-Core-v16_csv.zip,,2026-09-06T11:42:28.526643+00:00,False,"{""interval_high"": 0.562, ""interval_low"": -0.165, ""source_country_name"": ""Ukraine""}","Expert-coded freedom of religion; higher = more freedom. Not incident count. PSE unit is West Bank, not combined Palestinian territories."
UKR,2023-01-01,2023-12-31,religious_freedom,-0.088,V-Dem latent interval score,,,annual,vdem,16,https://www.v-dem.net/media/datasets/V-Dem-CY-Core-v16_csv.zip,,2026-09-06T11:42:28.526643+00:00,False,"{""interval_high"": 0.305, ""interval_low"": -0.406, ""source_country_name"": ""Ukraine""}","Expert-coded freedom of religion; higher = more freedom. Not incident count. PSE unit is West Bank, not combined Palestinian territories."
UKR,2024-01-01,2024-12-31,religious_freedom,-0.905,V-Dem latent interval score,,,annual,vdem,16,https://www.v-dem.net/media/datasets/V-Dem-CY-Core-v16_csv.zip,,2026-09-06T11:42:28.526643+00:00,False,"{""interval_high"": -0.535, ""interval_low"": -1.292, ""source_country_name"": ""Ukraine""}","Expert-coded freedom of religion; higher = more freedom. Not incident count. PSE unit is West Bank, not combined Palestinian territories."
UKR,2025-01-01,2025-12-31,religious_freedom,-0.905,V-Dem latent interval score,,,annual,vdem,16,https://www.v-dem.net/media/datasets/V-Dem-CY-Core-v16_csv.zip,,2026-09-06T11:42:28.526643+00:00,False,"{""interval_high"": -0.535, ""interval_low"": -1.292, ""source_country_name"": ""Ukraine""}","Expert-coded freedom of religion; higher = more freedom. Not incident count. PSE unit is West Bank, not combined Palestinian territories."
YEM,2000-01-01,2000-12-31,religious_freedom,-1.14,V-Dem latent interval score,,,annual,vdem,16,https://www.v-dem.net/media/datasets/V-Dem-CY-Core-v16_csv.zip,,2026-09-06T11:42:28.526643+00:00,False,"{""interval_high"": -0.851, ""interval_low"": -1.388, ""source_country_name"": ""Yemen""}","Expert-coded freedom of religion; higher = more freedom. Not incident count. PSE unit is West Bank, not combined Palestinian territories."
YEM,2001-01-01,2001-12-31,religious_freedom,-1.14,V-Dem latent interval score,,,annual,vdem,16,https://www.v-dem.net/media/datasets/V-Dem-CY-Core-v16_csv.zip,,2026-09-06T11:42:28.526643+00:00,False,"{""interval_high"": -0.851, ""interval_low"": -1.388, ""source_country_name"": ""Yemen""}","Expert-coded freedom of religion; higher = more freedom. Not incident count. PSE unit is West Bank, not combined Palestinian territories."
YEM,2002-01-01,2002-12-31,religious_freedom,-1.14,V-Dem latent interval score,,,annual,vdem,16,https://www.v-dem.net/media/datasets/V-Dem-CY-Core-v16_csv.zip,,2026-09-06T11:42:28.526643+00:00,False,"{""interval_high"": -0.851, ""interval_low"": -1.388, ""source_country_name"": ""Yemen""}","Expert-coded freedom of religion; higher = more freedom. Not incident count. PSE unit is West Bank, not combined Palestinian territories."
YEM,2003-01-01,2003-12-31,religious_freedom,-1.14,V-Dem latent interval score,,,annual,vdem,16,https://www.v-dem.net/media/datasets/V-Dem-CY-Core-v16_csv.zip,,2026-09-06T11:42:28.526643+00:00,False,"{""interval_high"": -0.851, ""interval_low"": -1.388, ""source_country_name"": ""Yemen""}","Expert-coded freedom of religion; higher = more freedom. Not incident count. PSE unit is West Bank, not combined Palestinian territories."
YEM,2004-01-01,2004-12-31,religious_freedom,-1.14,V-Dem latent interval score,,,annual,vdem,16,https://www.v-dem.net/media/datasets/V-Dem-CY-Core-v16_csv.zip,,2026-09-06T11:42:28.526643+00:00,False,"{""interval_high"": -0.851, ""interval_low"": -1.388, ""source_country_name"": ""Yemen""}","Expert-coded freedom of religion; higher = more freedom. Not incident count. PSE unit is West Bank, not combined Palestinian territories."
YEM,2005-01-01,2005-12-31,religious_freedom,-1.14,V-Dem latent interval score,,,annual,vdem,16,https://www.v-dem.net/media/datasets/V-Dem-CY-Core-v16_csv.zip,,2026-09-06T11:42:28.526643+00:00,False,"{""interval_high"": -0.851, ""interval_low"": -1.388, ""source_country_name"": ""Yemen""}","Expert-coded freedom of religion; higher = more freedom. Not incident count. PSE unit is West Bank, not combined Palestinian territories."
YEM,2006-01-01,2006-12-31,religious_freedom,-1.14,V-Dem latent interval score,,,annual,vdem,16,https://www.v-dem.net/media/datasets/V-Dem-CY-Core-v16_csv.zip,,2026-09-06T11:42:28.526643+00:00,False,"{""interval_high"": -0.851, ""interval_low"": -1.388, ""source_country_name"": ""Yemen""}","Expert-coded freedom of religion; higher = more freedom. Not incident count. PSE unit is West Bank, not combined Palestinian territories."
YEM,2007-01-01,2007-12-31,religious_freedom,-1.14,V-Dem latent interval score,,,annual,vdem,16,https://www.v-dem.net/media/datasets/V-Dem-CY-Core-v16_csv.zip,,2026-09-06T11:42:28.526643+00:00,False,"{""interval_high"": -0.851, ""interval_low"": -1.388, ""source_country_name"": ""Yemen""}","Expert-coded freedom of religion; higher = more freedom. Not incident count. PSE unit is West Bank, not combined Palestinian territories."
YEM,2008-01-01,2008-12-31,religious_freedom,-1.14,V-Dem latent interval score,,,annual,vdem,16,https://www.v-dem.net/media/datasets/V-Dem-CY-Core-v16_csv.zip,,2026-09-06T11:42:28.526643+00:00,False,"{""interval_high"": -0.851, ""interval_low"": -1.388, ""source_country_name"": ""Yemen""}","Expert-coded freedom of religion; higher = more freedom. Not incident count. PSE unit is West Bank, not combined Palestinian territories."
YEM,2009-01-01,2009-12-31,religious_freedom,-1.14,V-Dem latent interval score,,,annual,vdem,16,https://www.v-dem.net/media/datasets/V-Dem-CY-Core-v16_csv.zip,,2026-09-06T11:42:28.526643+00:00,False,"{""interval_high"": -0.851, ""interval_low"": -1.388, ""source_country_name"": ""Yemen""}","Expert-coded freedom of religion; higher = more freedom. Not incident count. PSE unit is West Bank, not combined Palestinian territories."
YEM,2010-01-01,2010-12-31,religious_freedom,-1.486,V-Dem latent interval score,,,annual,vdem,16,https://www.v-dem.net/media/datasets/V-Dem-CY-Core-v16_csv.zip,,2026-09-06T11:42:28.526643+00:00,False,"{""interval_high"": -1.139, ""interval_low"": -1.76, ""source_country_name"": ""Yemen""}","Expert-coded freedom of religion; higher = more freedom. Not incident count. PSE unit is West Bank, not combined Palestinian territories."
YEM,2011-01-01,2011-12-31,religious_freedom,-1.588,V-Dem latent interval score,,,annual,vdem,16,https://www.v-dem.net/media/datasets/V-Dem-CY-Core-v16_csv.zip,,2026-09-06T11:42:28.526643+00:00,False,"{""interval_high"": -1.25, ""interval_low"": -1.884, ""source_country_name"": ""Yemen""}","Expert-coded freedom of religion; higher = more freedom. Not incident count. PSE unit is West Bank, not combined Palestinian territories."
YEM,2012-01-01,2012-12-31,religious_freedom,-1.645,V-Dem latent interval score,,,annual,vdem,16,https://www.v-dem.net/media/datasets/V-Dem-CY-Core-v16_csv.zip,,2026-09-06T11:42:28.526643+00:00,False,"{""interval_high"": -1.293, ""interval_low"": -1.956, ""source_country_name"": ""Yemen""}","Expert-coded freedom of religion; higher = more freedom. Not incident count. PSE unit is West Bank, not combined Palestinian territories."
YEM,2013-01-01,2013-12-31,religious_freedom,-1.889,V-Dem latent interval score,,,annual,vdem,16,https://www.v-dem.net/media/datasets/V-Dem-CY-Core-v16_csv.zip,,2026-09-06T11:42:28.526643+00:00,False,"{""interval_high"": -1.525, ""interval_low"": -2.27, ""source_country_name"": ""Yemen""}","Expert-coded freedom of religion; higher = more freedom. Not incident count. PSE unit is West Bank, not combined Palestinian territories."
YEM,2014-01-01,2014-12-31,religious_freedom,-2.132,V-Dem latent interval score,,,annual,vdem,16,https://www.v-dem.net/media/datasets/V-Dem-CY-Core-v16_csv.zip,,2026-09-06T11:42:28.526643+00:00,False,"{""interval_high"": -1.677, ""interval_low"": -2.494, ""source_country_name"": ""Yemen""}","Expert-coded freedom of religion; higher = more freedom. Not incident count. PSE unit is West Bank, not combined Palestinian territories."
YEM,2015-01-01,2015-12-31,religious_freedom,-2.752,V-Dem latent interval score,,,annual,vdem,16,https://www.v-dem.net/media/datasets/V-Dem-CY-Core-v16_csv.zip,,2026-09-06T11:42:28.526643+00:00,False,"{""interval_high"": -2.259, ""interval_low"": -3.211, ""source_country_name"": ""Yemen""}","Expert-coded freedom of religion; higher = more freedom. Not incident count. PSE unit is West Bank, not combined Palestinian territories."
YEM,2016-01-01,2016-12-31,religious_freedom,-2.878,V-Dem latent interval score,,,annual,vdem,16,https://www.v-dem.net/media/datasets/V-Dem-CY-Core-v16_csv.zip,,2026-09-06T11:42:28.526643+00:00,False,"{""interval_high"": -2.34, ""interval_low"": -3.342, ""source_country_name"": ""Yemen""}","Expert-coded freedom of religion; higher = more freedom. Not incident count. PSE unit is West Bank, not combined Palestinian territories."
YEM,2017-01-01,2017-12-31,religious_freedom,-3.497,V-Dem latent interval score,,,annual,vdem,16,https://www.v-dem.net/media/datasets/V-Dem-CY-Core-v16_csv.zip,,2026-09-06T11:42:28.526643+00:00,False,"{""interval_high"": -2.889, ""interval_low"": -4.033, ""source_country_name"": ""Yemen""}","Expert-coded freedom of religion; higher = more freedom. Not incident count. PSE unit is West Bank, not combined Palestinian territories."
YEM,2018-01-01,2018-12-31,religious_freedom,-3.22,V-Dem latent interval score,,,annual,vdem,16,https://www.v-dem.net/media/datasets/V-Dem-CY-Core-v16_csv.zip,,2026-09-06T11:42:28.526643+00:00,False,"{""interval_high"": -2.61, ""interval_low"": -3.765, ""source_country_name"": ""Yemen""}","Expert-coded freedom of religion; higher = more freedom. Not incident count. PSE unit is West Bank, not combined Palestinian territories."
YEM,2019-01-01,2019-12-31,religious_freedom,-3.22,V-Dem latent interval score,,,annual,vdem,16,https://www.v-dem.net/media/datasets/V-Dem-CY-Core-v16_csv.zip,,2026-09-06T11:42:28.526643+00:00,False,"{""interval_high"": -2.61, ""interval_low"": -3.765, ""source_country_name"": ""Yemen""}","Expert-coded freedom of religion; higher = more freedom. Not incident count. PSE unit is West Bank, not combined Palestinian territories."
YEM,2020-01-01,2020-12-31,religious_freedom,-3.22,V-Dem latent interval score,,,annual,vdem,16,https://www.v-dem.net/media/datasets/V-Dem-CY-Core-v16_csv.zip,,2026-09-06T11:42:28.526643+00:00,False,"{""interval_high"": -2.61, ""interval_low"": -3.765, ""source_country_name"": ""Yemen""}","Expert-coded freedom of religion; higher = more freedom. Not incident count. PSE unit is West Bank, not combined Palestinian territories."
YEM,2021-01-01,2021-12-31,religious_freedom,-2.91,V-Dem latent interval score,,,annual,vdem,16,https://www.v-dem.net/media/datasets/V-Dem-CY-Core-v16_csv.zip,,2026-09-06T11:42:28.526643+00:00,False,"{""interval_high"": -2.336, ""interval_low"": -3.422, ""source_country_name"": ""Yemen""}","Expert-coded freedom of religion; higher = more freedom. Not incident count. PSE unit is West Bank, not combined Palestinian territories."
YEM,2022-01-01,2022-12-31,religious_freedom,-2.693,V-Dem latent interval score,,,annual,vdem,16,https://www.v-dem.net/media/datasets/V-Dem-CY-Core-v16_csv.zip,,2026-09-06T11:42:28.526643+00:00,False,"{""interval_high"": -2.168, ""interval_low"": -3.222, ""source_country_name"": ""Yemen""}","Expert-coded freedom of religion; higher = more freedom. Not incident count. PSE unit is West Bank, not combined Palestinian territories."
YEM,2023-01-01,2023-12-31,religious_freedom,-2.889,V-Dem latent interval score,,,annual,vdem,16,https://www.v-dem.net/media/datasets/V-Dem-CY-Core-v16_csv.zip,,2026-09-06T11:42:28.526643+00:00,False,"{""interval_high"": -2.282, ""interval_low"": -3.424, ""source_country_name"": ""Yemen""}","Expert-coded freedom of religion; higher = more freedom. Not incident count. PSE unit is West Bank, not combined Palestinian territories."
YEM,2024-01-01,2024-12-31,religious_freedom,-2.889,V-Dem latent interval score,,,annual,vdem,16,https://www.v-dem.net/media/datasets/V-Dem-CY-Core-v16_csv.zip,,2026-09-06T11:42:28.526643+00:00,False,"{""interval_high"": -2.282, ""interval_low"": -3.424, ""source_country_name"": ""Yemen""}","Expert-coded freedom of religion; higher = more freedom. Not incident count. PSE unit is West Bank, not combined Palestinian territories."
YEM,2025-01-01,2025-12-31,religious_freedom,-2.889,V-Dem latent interval score,,,annual,vdem,16,https://www.v-dem.net/media/datasets/V-Dem-CY-Core-v16_csv.zip,,2026-09-06T11:42:28.526643+00:00,False,"{""interval_high"": -2.282, ""interval_low"": -3.424, ""source_country_name"": ""Yemen""}","Expert-coded freedom of religion; higher = more freedom. Not incident count. PSE unit is West Bank, not combined Palestinian territories."
