country,month,food_log_yoy,food_yoy_pct,observed_members,expected_members,member_coverage,currencies,official_currency,fx_currency_compatible,status
ISR,2015-01,,,0,0,,,ILS,False,no eligible fixed price basket
ISR,2015-02,,,0,0,,,ILS,False,no eligible fixed price basket
ISR,2015-03,,,0,0,,,ILS,False,no eligible fixed price basket
ISR,2015-04,,,0,0,,,ILS,False,no eligible fixed price basket
ISR,2015-05,,,0,0,,,ILS,False,no eligible fixed price basket
ISR,2015-06,,,0,0,,,ILS,False,no eligible fixed price basket
ISR,2015-07,,,0,0,,,ILS,False,no eligible fixed price basket
ISR,2015-08,,,0,0,,,ILS,False,no eligible fixed price basket
ISR,2015-09,,,0,0,,,ILS,False,no eligible fixed price basket
ISR,2015-10,,,0,0,,,ILS,False,no eligible fixed price basket
ISR,2015-11,,,0,0,,,ILS,False,no eligible fixed price basket
ISR,2015-12,,,0,0,,,ILS,False,no eligible fixed price basket
ISR,2016-01,,,0,0,,,ILS,False,no eligible fixed price basket
ISR,2016-02,,,0,0,,,ILS,False,no eligible fixed price basket
ISR,2016-03,,,0,0,,,ILS,False,no eligible fixed price basket
ISR,2016-04,,,0,0,,,ILS,False,no eligible fixed price basket
ISR,2016-05,,,0,0,,,ILS,False,no eligible fixed price basket
ISR,2016-06,,,0,0,,,ILS,False,no eligible fixed price basket
ISR,2016-07,,,0,0,,,ILS,False,no eligible fixed price basket
ISR,2016-08,,,0,0,,,ILS,False,no eligible fixed price basket
ISR,2016-09,,,0,0,,,ILS,False,no eligible fixed price basket
ISR,2016-10,,,0,0,,,ILS,False,no eligible fixed price basket
ISR,2016-11,,,0,0,,,ILS,False,no eligible fixed price basket
ISR,2016-12,,,0,0,,,ILS,False,no eligible fixed price basket
ISR,2017-01,,,0,0,,,ILS,False,no eligible fixed price basket
ISR,2017-02,,,0,0,,,ILS,False,no eligible fixed price basket
ISR,2017-03,,,0,0,,,ILS,False,no eligible fixed price basket
ISR,2017-04,,,0,0,,,ILS,False,no eligible fixed price basket
ISR,2017-05,,,0,0,,,ILS,False,no eligible fixed price basket
ISR,2017-06,,,0,0,,,ILS,False,no eligible fixed price basket
ISR,2017-07,,,0,0,,,ILS,False,no eligible fixed price basket
ISR,2017-08,,,0,0,,,ILS,False,no eligible fixed price basket
ISR,2017-09,,,0,0,,,ILS,False,no eligible fixed price basket
ISR,2017-10,,,0,0,,,ILS,False,no eligible fixed price basket
ISR,2017-11,,,0,0,,,ILS,False,no eligible fixed price basket
ISR,2017-12,,,0,0,,,ILS,False,no eligible fixed price basket
ISR,2018-01,,,0,0,,,ILS,False,no eligible fixed price basket
ISR,2018-02,,,0,0,,,ILS,False,no eligible fixed price basket
ISR,2018-03,,,0,0,,,ILS,False,no eligible fixed price basket
ISR,2018-04,,,0,0,,,ILS,False,no eligible fixed price basket
ISR,2018-05,,,0,0,,,ILS,False,no eligible fixed price basket
ISR,2018-06,,,0,0,,,ILS,False,no eligible fixed price basket
ISR,2018-07,,,0,0,,,ILS,False,no eligible fixed price basket
ISR,2018-08,,,0,0,,,ILS,False,no eligible fixed price basket
ISR,2018-09,,,0,0,,,ILS,False,no eligible fixed price basket
ISR,2018-10,,,0,0,,,ILS,False,no eligible fixed price basket
ISR,2018-11,,,0,0,,,ILS,False,no eligible fixed price basket
ISR,2018-12,,,0,0,,,ILS,False,no eligible fixed price basket
ISR,2019-01,,,0,0,,,ILS,False,no eligible fixed price basket
ISR,2019-02,,,0,0,,,ILS,False,no eligible fixed price basket
ISR,2019-03,,,0,0,,,ILS,False,no eligible fixed price basket
ISR,2019-04,,,0,0,,,ILS,False,no eligible fixed price basket
ISR,2019-05,,,0,0,,,ILS,False,no eligible fixed price basket
ISR,2019-06,,,0,0,,,ILS,False,no eligible fixed price basket
ISR,2019-07,,,0,0,,,ILS,False,no eligible fixed price basket
ISR,2019-08,,,0,0,,,ILS,False,no eligible fixed price basket
ISR,2019-09,,,0,0,,,ILS,False,no eligible fixed price basket
ISR,2019-10,,,0,0,,,ILS,False,no eligible fixed price basket
ISR,2019-11,,,0,0,,,ILS,False,no eligible fixed price basket
ISR,2019-12,,,0,0,,,ILS,False,no eligible fixed price basket
ISR,2020-01,,,0,0,,,ILS,False,no eligible fixed price basket
ISR,2020-02,,,0,0,,,ILS,False,no eligible fixed price basket
ISR,2020-03,,,0,0,,,ILS,False,no eligible fixed price basket
ISR,2020-04,,,0,0,,,ILS,False,no eligible fixed price basket
ISR,2020-05,,,0,0,,,ILS,False,no eligible fixed price basket
ISR,2020-06,,,0,0,,,ILS,False,no eligible fixed price basket
ISR,2020-07,,,0,0,,,ILS,False,no eligible fixed price basket
ISR,2020-08,,,0,0,,,ILS,False,no eligible fixed price basket
ISR,2020-09,,,0,0,,,ILS,False,no eligible fixed price basket
ISR,2020-10,,,0,0,,,ILS,False,no eligible fixed price basket
ISR,2020-11,,,0,0,,,ILS,False,no eligible fixed price basket
ISR,2020-12,,,0,0,,,ILS,False,no eligible fixed price basket
ISR,2021-01,,,0,0,,,ILS,False,no eligible fixed price basket
ISR,2021-02,,,0,0,,,ILS,False,no eligible fixed price basket
ISR,2021-03,,,0,0,,,ILS,False,no eligible fixed price basket
ISR,2021-04,,,0,0,,,ILS,False,no eligible fixed price basket
ISR,2021-05,,,0,0,,,ILS,False,no eligible fixed price basket
ISR,2021-06,,,0,0,,,ILS,False,no eligible fixed price basket
ISR,2021-07,,,0,0,,,ILS,False,no eligible fixed price basket
ISR,2021-08,,,0,0,,,ILS,False,no eligible fixed price basket
ISR,2021-09,,,0,0,,,ILS,False,no eligible fixed price basket
ISR,2021-10,,,0,0,,,ILS,False,no eligible fixed price basket
ISR,2021-11,,,0,0,,,ILS,False,no eligible fixed price basket
ISR,2021-12,,,0,0,,,ILS,False,no eligible fixed price basket
ISR,2022-01,,,0,0,,,ILS,False,no eligible fixed price basket
ISR,2022-02,,,0,0,,,ILS,False,no eligible fixed price basket
ISR,2022-03,,,0,0,,,ILS,False,no eligible fixed price basket
ISR,2022-04,,,0,0,,,ILS,False,no eligible fixed price basket
ISR,2022-05,,,0,0,,,ILS,False,no eligible fixed price basket
ISR,2022-06,,,0,0,,,ILS,False,no eligible fixed price basket
ISR,2022-07,,,0,0,,,ILS,False,no eligible fixed price basket
ISR,2022-08,,,0,0,,,ILS,False,no eligible fixed price basket
ISR,2022-09,,,0,0,,,ILS,False,no eligible fixed price basket
ISR,2022-10,,,0,0,,,ILS,False,no eligible fixed price basket
ISR,2022-11,,,0,0,,,ILS,False,no eligible fixed price basket
ISR,2022-12,,,0,0,,,ILS,False,no eligible fixed price basket
ISR,2023-01,,,0,0,,,ILS,False,no eligible fixed price basket
ISR,2023-02,,,0,0,,,ILS,False,no eligible fixed price basket
ISR,2023-03,,,0,0,,,ILS,False,no eligible fixed price basket
ISR,2023-04,,,0,0,,,ILS,False,no eligible fixed price basket
ISR,2023-05,,,0,0,,,ILS,False,no eligible fixed price basket
ISR,2023-06,,,0,0,,,ILS,False,no eligible fixed price basket
ISR,2023-07,,,0,0,,,ILS,False,no eligible fixed price basket
ISR,2023-08,,,0,0,,,ILS,False,no eligible fixed price basket
ISR,2023-09,,,0,0,,,ILS,False,no eligible fixed price basket
ISR,2023-10,,,0,0,,,ILS,False,no eligible fixed price basket
ISR,2023-11,,,0,0,,,ILS,False,no eligible fixed price basket
ISR,2023-12,,,0,0,,,ILS,False,no eligible fixed price basket
ISR,2024-01,,,0,0,,,ILS,False,no eligible fixed price basket
ISR,2024-02,,,0,0,,,ILS,False,no eligible fixed price basket
ISR,2024-03,,,0,0,,,ILS,False,no eligible fixed price basket
ISR,2024-04,,,0,0,,,ILS,False,no eligible fixed price basket
ISR,2024-05,,,0,0,,,ILS,False,no eligible fixed price basket
ISR,2024-06,,,0,0,,,ILS,False,no eligible fixed price basket
ISR,2024-07,,,0,0,,,ILS,False,no eligible fixed price basket
ISR,2024-08,,,0,0,,,ILS,False,no eligible fixed price basket
ISR,2024-09,,,0,0,,,ILS,False,no eligible fixed price basket
ISR,2024-10,,,0,0,,,ILS,False,no eligible fixed price basket
ISR,2024-11,,,0,0,,,ILS,False,no eligible fixed price basket
ISR,2024-12,,,0,0,,,ILS,False,no eligible fixed price basket
ISR,2025-01,,,0,0,,,ILS,False,no eligible fixed price basket
ISR,2025-02,,,0,0,,,ILS,False,no eligible fixed price basket
ISR,2025-03,,,0,0,,,ILS,False,no eligible fixed price basket
ISR,2025-04,,,0,0,,,ILS,False,no eligible fixed price basket
ISR,2025-05,,,0,0,,,ILS,False,no eligible fixed price basket
ISR,2025-06,,,0,0,,,ILS,False,no eligible fixed price basket
ISR,2025-07,,,0,0,,,ILS,False,no eligible fixed price basket
ISR,2025-08,,,0,0,,,ILS,False,no eligible fixed price basket
ISR,2025-09,,,0,0,,,ILS,False,no eligible fixed price basket
ISR,2025-10,,,0,0,,,ILS,False,no eligible fixed price basket
ISR,2025-11,,,0,0,,,ILS,False,no eligible fixed price basket
ISR,2025-12,,,0,0,,,ILS,False,no eligible fixed price basket
ISR,2026-01,,,0,0,,,ILS,False,no eligible fixed price basket
ISR,2026-02,,,0,0,,,ILS,False,no eligible fixed price basket
ISR,2026-03,,,0,0,,,ILS,False,no eligible fixed price basket
ISR,2026-04,,,0,0,,,ILS,False,no eligible fixed price basket
ISR,2026-05,,,0,0,,,ILS,False,no eligible fixed price basket
ISR,2026-06,,,0,0,,,ILS,False,no eligible fixed price basket
ISR,2026-07,,,0,0,,,ILS,False,no eligible fixed price basket
ISR,2026-08,,,0,0,,,ILS,False,no eligible fixed price basket
PSE,2015-01,,,4,47,0.0851063829787234,ILS,,False,incomplete fixed price basket
PSE,2015-02,,,4,47,0.0851063829787234,ILS,,False,incomplete fixed price basket
PSE,2015-03,,,4,47,0.0851063829787234,ILS,,False,incomplete fixed price basket
PSE,2015-04,,,4,47,0.0851063829787234,ILS,,False,incomplete fixed price basket
PSE,2015-05,,,23,47,0.48936170212765956,ILS,,False,incomplete fixed price basket
PSE,2015-06,,,24,47,0.5106382978723404,ILS,,False,incomplete fixed price basket
PSE,2015-07,,,24,47,0.5106382978723404,ILS,,False,incomplete fixed price basket
PSE,2015-08,,,24,47,0.5106382978723404,ILS,,False,incomplete fixed price basket
PSE,2015-09,,,24,47,0.5106382978723404,ILS,,False,incomplete fixed price basket
PSE,2015-10,,,24,47,0.5106382978723404,ILS,,False,incomplete fixed price basket
PSE,2015-11,,,24,47,0.5106382978723404,ILS,,False,incomplete fixed price basket
PSE,2015-12,,,24,47,0.5106382978723404,ILS,,False,incomplete fixed price basket
PSE,2016-01,,,23,47,0.48936170212765956,ILS,,False,incomplete fixed price basket
PSE,2016-02,,,23,47,0.48936170212765956,ILS,,False,incomplete fixed price basket
PSE,2016-03,,,24,47,0.5106382978723404,ILS,,False,incomplete fixed price basket
PSE,2016-04,,,24,47,0.5106382978723404,ILS,,False,incomplete fixed price basket
PSE,2016-05,,,23,47,0.48936170212765956,ILS,,False,incomplete fixed price basket
PSE,2016-06,,,24,47,0.5106382978723404,ILS,,False,incomplete fixed price basket
PSE,2016-07,,,24,47,0.5106382978723404,ILS,,False,incomplete fixed price basket
PSE,2016-08,,,24,47,0.5106382978723404,ILS,,False,incomplete fixed price basket
PSE,2016-09,,,24,47,0.5106382978723404,ILS,,False,incomplete fixed price basket
PSE,2016-10,,,24,47,0.5106382978723404,ILS,,False,incomplete fixed price basket
PSE,2016-11,,,24,47,0.5106382978723404,ILS,,False,incomplete fixed price basket
PSE,2016-12,,,24,47,0.5106382978723404,ILS,,False,incomplete fixed price basket
PSE,2017-01,,,24,47,0.5106382978723404,ILS,,False,incomplete fixed price basket
PSE,2017-02,,,24,47,0.5106382978723404,ILS,,False,incomplete fixed price basket
PSE,2017-03,,,24,47,0.5106382978723404,ILS,,False,incomplete fixed price basket
PSE,2017-04,,,24,47,0.5106382978723404,ILS,,False,incomplete fixed price basket
PSE,2017-05,,,24,47,0.5106382978723404,ILS,,False,incomplete fixed price basket
PSE,2017-06,,,24,47,0.5106382978723404,ILS,,False,incomplete fixed price basket
PSE,2017-07,,,24,47,0.5106382978723404,ILS,,False,incomplete fixed price basket
PSE,2017-08,,,24,47,0.5106382978723404,ILS,,False,incomplete fixed price basket
PSE,2017-09,,,24,47,0.5106382978723404,ILS,,False,incomplete fixed price basket
PSE,2017-10,,,24,47,0.5106382978723404,ILS,,False,incomplete fixed price basket
PSE,2017-11,,,24,47,0.5106382978723404,ILS,,False,incomplete fixed price basket
PSE,2017-12,,,24,47,0.5106382978723404,ILS,,False,incomplete fixed price basket
PSE,2018-01,0.0,0.0,47,47,1.0,ILS,,False,eligible
PSE,2018-02,-0.018634079544892983,-1.846153846153853,47,47,1.0,ILS,,False,eligible
PSE,2018-03,-0.0075282664207915245,-0.7499999999999951,47,47,1.0,ILS,,False,eligible
PSE,2018-04,-0.02247285585205863,-2.2222222222222254,47,47,1.0,ILS,,False,eligible
PSE,2018-05,-0.030459207484708574,-3.0000000000000027,47,47,1.0,ILS,,False,eligible
PSE,2018-06,0.0,0.0,47,47,1.0,ILS,,False,eligible
PSE,2018-07,0.0,0.0,47,47,1.0,ILS,,False,eligible
PSE,2018-08,0.0,0.0,43,47,0.9148936170212766,ILS,,False,eligible
PSE,2018-09,0.04317341465161037,4.411894467484334,47,47,1.0,ILS,,False,eligible
PSE,2018-10,0.05358424613410626,5.504587155963292,47,47,1.0,ILS,,False,eligible
PSE,2018-11,0.07987437167448568,8.315098468271342,43,47,0.9148936170212766,ILS,,False,eligible
PSE,2018-12,0.06191628177883797,6.3873275421563624,47,47,1.0,ILS,,False,eligible
PSE,2019-01,0.05370965983542603,5.517819706498961,47,47,1.0,ILS,,False,eligible
PSE,2019-02,0.07061946780361145,7.31727713664494,47,47,1.0,ILS,,False,eligible
PSE,2019-03,0.06879083087610159,7.121212121212128,47,47,1.0,ILS,,False,eligible
PSE,2019-04,0.058103670811161495,5.982486291840572,47,47,1.0,ILS,,False,eligible
PSE,2019-05,0.0637096384395666,6.57828914457228,47,47,1.0,ILS,,False,eligible
PSE,2019-06,0.030377176053671115,3.0843270034482897,44,47,0.9361702127659575,ILS,,False,eligible
PSE,2019-07,0.04639612292582024,4.748926329699366,47,47,1.0,ILS,,False,eligible
PSE,2019-08,0.03784324666314615,3.8568421052631585,47,47,1.0,ILS,,False,eligible
PSE,2019-09,0.041957373649661615,4.285002491280521,47,47,1.0,ILS,,False,eligible
PSE,2019-10,0.008427639146718912,0.8463251670378646,47,47,1.0,ILS,,False,eligible
PSE,2019-11,0.021978906718775167,2.2222222222222143,43,47,0.9148936170212766,ILS,,False,eligible
PSE,2019-12,0.00495090047450777,0.49631764329169936,47,47,1.0,ILS,,False,eligible
PSE,2020-01,0.003951706569477812,0.3959524857017227,47,47,1.0,ILS,,False,eligible
PSE,2020-02,-0.006475247850096654,-0.6454328609513005,47,47,1.0,ILS,,False,eligible
PSE,2020-03,0.010868224974733953,1.0927498670449787,44,47,0.9361702127659575,ILS,,False,eligible
PSE,2020-04,-0.013918812631421864,-1.382239382239392,44,47,0.9361702127659575,ILS,,False,eligible
PSE,2020-05,-0.009108064574481383,-0.9066711797489623,44,47,0.9361702127659575,ILS,,False,eligible
PSE,2020-06,-0.019305607448495007,-1.91204476642012,44,47,0.9361702127659575,ILS,,False,eligible
PSE,2020-07,-0.028213712187874558,-2.7819422239769827,44,47,0.9361702127659575,ILS,,False,eligible
PSE,2020-08,-0.025317807984289897,-2.500000000000002,44,47,0.9361702127659575,ILS,,False,eligible
PSE,2020-09,-0.031059865413204105,-3.0582463242546107,44,47,0.9361702127659575,ILS,,False,eligible
PSE,2020-10,0.0,0.0,44,47,0.9361702127659575,ILS,,False,eligible
PSE,2020-11,-0.017409329986387886,-1.725866320400378,44,47,0.9361702127659575,ILS,,False,eligible
PSE,2020-12,0.011532254595231002,1.1599007399911023,44,47,0.9361702127659575,ILS,,False,eligible
PSE,2021-01,0.0,0.0,44,47,0.9361702127659575,ILS,,False,eligible
PSE,2021-02,0.02428987952528767,2.4587281721516097,44,47,0.9361702127659575,ILS,,False,eligible
PSE,2021-03,0.024027258687747112,2.431823908110508,44,47,0.9361702127659575,ILS,,False,eligible
PSE,2021-04,0.03303985407820031,3.3591731266150004,44,47,0.9361702127659575,ILS,,False,eligible
PSE,2021-05,0.016449106879821835,1.6585138279885885,44,47,0.9361702127659575,ILS,,False,eligible
PSE,2021-06,0.0016528940672498158,0.16542608495936625,44,47,0.9361702127659575,ILS,,False,eligible
PSE,2021-07,-0.009020366455648427,-0.8979805001499745,44,47,0.9361702127659575,ILS,,False,eligible
PSE,2021-08,-0.001433707642571448,-0.14326803747618164,44,47,0.9361702127659575,ILS,,False,eligible
PSE,2021-09,0.02277082083142659,2.303205504296324,44,47,0.9361702127659575,ILS,,False,eligible
PSE,2021-10,0.020259692213963593,2.0466312775626734,44,47,0.9361702127659575,ILS,,False,eligible
PSE,2021-11,0.05714979251855882,5.8814400993172145,44,47,0.9361702127659575,ILS,,False,eligible
PSE,2021-12,0.01496103019710457,1.507350663046278,44,47,0.9361702127659575,ILS,,False,eligible
PSE,2022-01,,,0,47,0.0,ILS,,False,incomplete fixed price basket
PSE,2022-02,,,0,47,0.0,ILS,,False,incomplete fixed price basket
PSE,2022-03,,,0,47,0.0,ILS,,False,incomplete fixed price basket
PSE,2022-04,,,0,47,0.0,ILS,,False,incomplete fixed price basket
PSE,2022-05,,,0,47,0.0,ILS,,False,incomplete fixed price basket
PSE,2022-06,,,0,47,0.0,ILS,,False,incomplete fixed price basket
PSE,2022-07,,,0,47,0.0,ILS,,False,incomplete fixed price basket
PSE,2022-08,,,0,47,0.0,ILS,,False,incomplete fixed price basket
PSE,2022-09,,,0,47,0.0,ILS,,False,incomplete fixed price basket
PSE,2022-10,,,0,47,0.0,ILS,,False,incomplete fixed price basket
PSE,2022-11,,,0,47,0.0,ILS,,False,incomplete fixed price basket
PSE,2022-12,,,0,47,0.0,ILS,,False,incomplete fixed price basket
PSE,2023-01,,,0,47,0.0,ILS,,False,incomplete fixed price basket
PSE,2023-02,,,0,47,0.0,ILS,,False,incomplete fixed price basket
PSE,2023-03,,,0,47,0.0,ILS,,False,incomplete fixed price basket
PSE,2023-04,,,0,47,0.0,ILS,,False,incomplete fixed price basket
PSE,2023-05,,,0,47,0.0,ILS,,False,incomplete fixed price basket
PSE,2023-06,,,0,47,0.0,ILS,,False,incomplete fixed price basket
PSE,2023-07,,,0,47,0.0,ILS,,False,incomplete fixed price basket
PSE,2023-08,,,0,47,0.0,ILS,,False,incomplete fixed price basket
PSE,2023-09,,,0,47,0.0,ILS,,False,incomplete fixed price basket
PSE,2023-10,,,0,47,0.0,ILS,,False,incomplete fixed price basket
PSE,2023-11,,,0,47,0.0,ILS,,False,incomplete fixed price basket
PSE,2023-12,,,0,47,0.0,ILS,,False,incomplete fixed price basket
PSE,2024-01,,,0,47,0.0,ILS,,False,incomplete fixed price basket
PSE,2024-02,,,0,47,0.0,ILS,,False,incomplete fixed price basket
PSE,2024-03,,,0,47,0.0,ILS,,False,incomplete fixed price basket
PSE,2024-04,,,0,47,0.0,ILS,,False,incomplete fixed price basket
PSE,2024-05,,,0,47,0.0,ILS,,False,incomplete fixed price basket
PSE,2024-06,,,0,47,0.0,ILS,,False,incomplete fixed price basket
PSE,2024-07,,,0,47,0.0,ILS,,False,incomplete fixed price basket
PSE,2024-08,,,0,47,0.0,ILS,,False,incomplete fixed price basket
PSE,2024-09,,,0,47,0.0,ILS,,False,incomplete fixed price basket
PSE,2024-10,,,0,47,0.0,ILS,,False,incomplete fixed price basket
PSE,2024-11,,,0,47,0.0,ILS,,False,incomplete fixed price basket
PSE,2024-12,,,0,47,0.0,ILS,,False,incomplete fixed price basket
PSE,2025-01,,,0,47,0.0,ILS,,False,incomplete fixed price basket
PSE,2025-02,,,0,47,0.0,ILS,,False,incomplete fixed price basket
PSE,2025-03,,,0,47,0.0,ILS,,False,incomplete fixed price basket
PSE,2025-04,,,0,47,0.0,ILS,,False,incomplete fixed price basket
PSE,2025-05,,,0,47,0.0,ILS,,False,incomplete fixed price basket
PSE,2025-06,,,0,47,0.0,ILS,,False,incomplete fixed price basket
PSE,2025-07,,,0,47,0.0,ILS,,False,incomplete fixed price basket
PSE,2025-08,,,0,47,0.0,ILS,,False,incomplete fixed price basket
PSE,2025-09,,,0,47,0.0,ILS,,False,incomplete fixed price basket
PSE,2025-10,,,0,47,0.0,ILS,,False,incomplete fixed price basket
PSE,2025-11,,,0,47,0.0,ILS,,False,incomplete fixed price basket
PSE,2025-12,,,0,47,0.0,ILS,,False,incomplete fixed price basket
PSE,2026-01,,,0,47,0.0,ILS,,False,incomplete fixed price basket
PSE,2026-02,,,0,47,0.0,ILS,,False,incomplete fixed price basket
PSE,2026-03,,,0,47,0.0,ILS,,False,incomplete fixed price basket
PSE,2026-04,,,0,47,0.0,ILS,,False,incomplete fixed price basket
PSE,2026-05,,,0,47,0.0,ILS,,False,incomplete fixed price basket
PSE,2026-06,,,0,47,0.0,ILS,,False,incomplete fixed price basket
PSE,2026-07,,,0,47,0.0,ILS,,False,incomplete fixed price basket
PSE,2026-08,,,0,47,0.0,ILS,,False,incomplete fixed price basket
LBN,2015-01,,,8,14,0.5714285714285714,LBP,LBP,True,incomplete fixed price basket
LBN,2015-02,,,6,14,0.42857142857142855,LBP,LBP,True,incomplete fixed price basket
LBN,2015-03,,,6,14,0.42857142857142855,LBP,LBP,True,incomplete fixed price basket
LBN,2015-04,,,9,14,0.6428571428571429,LBP,LBP,True,incomplete fixed price basket
LBN,2015-05,-0.1610468913196949,-14.874784616561476,10,14,0.7142857142857143,LBP,LBP,True,eligible
LBN,2015-06,-0.14338195597730002,-13.357692978448851,10,14,0.7142857142857143,LBP,LBP,True,eligible
LBN,2015-07,-0.1381489732353483,-12.903106897894123,11,14,0.7857142857142857,LBP,LBP,True,eligible
LBN,2015-08,-0.13597711841611188,-12.713739526086677,12,14,0.8571428571428571,LBP,LBP,True,eligible
LBN,2015-09,,,9,14,0.6428571428571429,LBP,LBP,True,incomplete fixed price basket
LBN,2015-10,,,9,14,0.6428571428571429,LBP,LBP,True,incomplete fixed price basket
LBN,2015-11,,,8,14,0.5714285714285714,LBP,LBP,True,incomplete fixed price basket
LBN,2015-12,-0.16272205728528738,-15.017264108469119,11,14,0.7857142857142857,LBP,LBP,True,eligible
LBN,2016-01,-0.07061756721395342,-6.818181818181824,11,14,0.7857142857142857,LBP,LBP,True,eligible
LBN,2016-02,,,8,14,0.5714285714285714,LBP,LBP,True,incomplete fixed price basket
LBN,2016-03,-0.08985664162181223,-8.593778564444198,11,14,0.7857142857142857,LBP,LBP,True,eligible
LBN,2016-04,-0.07355864975406567,-7.091834621693782,11,14,0.7857142857142857,LBP,LBP,True,eligible
LBN,2016-05,,,0,14,0.0,LBP,LBP,True,incomplete fixed price basket
LBN,2016-06,,,0,14,0.0,LBP,LBP,True,incomplete fixed price basket
LBN,2016-07,,,0,14,0.0,LBP,LBP,True,incomplete fixed price basket
LBN,2016-08,,,0,14,0.0,LBP,LBP,True,incomplete fixed price basket
LBN,2016-09,,,0,14,0.0,LBP,LBP,True,incomplete fixed price basket
LBN,2016-10,,,0,14,0.0,LBP,LBP,True,incomplete fixed price basket
LBN,2016-11,,,0,14,0.0,LBP,LBP,True,incomplete fixed price basket
LBN,2016-12,,,0,14,0.0,LBP,LBP,True,incomplete fixed price basket
LBN,2017-01,,,9,14,0.6428571428571429,LBP,LBP,True,incomplete fixed price basket
LBN,2017-02,,,9,14,0.6428571428571429,LBP,LBP,True,incomplete fixed price basket
LBN,2017-03,0.07410797215372183,7.692307692307687,13,14,0.9285714285714286,LBP,LBP,True,eligible
LBN,2017-04,0.10074506204125702,10.599464580183204,12,14,0.8571428571428571,LBP,LBP,True,eligible
LBN,2017-05,,,0,14,0.0,LBP,LBP,True,incomplete fixed price basket
LBN,2017-06,,,0,14,0.0,LBP,LBP,True,incomplete fixed price basket
LBN,2017-07,,,0,14,0.0,LBP,LBP,True,incomplete fixed price basket
LBN,2017-08,,,0,14,0.0,LBP,LBP,True,incomplete fixed price basket
LBN,2017-09,,,0,14,0.0,LBP,LBP,True,incomplete fixed price basket
LBN,2017-10,,,0,14,0.0,LBP,LBP,True,incomplete fixed price basket
LBN,2017-11,,,0,14,0.0,LBP,LBP,True,incomplete fixed price basket
LBN,2017-12,,,0,14,0.0,LBP,LBP,True,incomplete fixed price basket
LBN,2018-01,,,8,14,0.5714285714285714,LBP,LBP,True,incomplete fixed price basket
LBN,2018-02,0.0038396300474168683,0.3847010870387223,10,14,0.7142857142857143,LBP,LBP,True,eligible
LBN,2018-03,-0.009852296443011594,-0.9803921568627416,11,14,0.7857142857142857,LBP,LBP,True,eligible
LBN,2018-04,-0.009852296443011594,-0.9803921568627416,11,14,0.7857142857142857,LBP,LBP,True,eligible
LBN,2018-05,0.006401485052040889,0.6422018348623881,13,14,0.9285714285714286,LBP,LBP,True,eligible
LBN,2018-06,0.0,0.0,13,14,0.9285714285714286,LBP,LBP,True,eligible
LBN,2018-07,-0.0002583810222742709,-0.025834764477270136,12,14,0.8571428571428571,LBP,LBP,True,eligible
LBN,2018-08,0.0,0.0,12,14,0.8571428571428571,LBP,LBP,True,eligible
LBN,2018-09,-0.002050583872107339,-0.20484828613440312,12,14,0.8571428571428571,LBP,LBP,True,eligible
LBN,2018-10,0.0,0.0,11,14,0.7857142857142857,LBP,LBP,True,eligible
LBN,2018-11,-0.00734005984230404,-0.7313187391721647,10,14,0.7142857142857143,LBP,LBP,True,eligible
LBN,2018-12,-0.005286249462080015,-0.5272301833097224,10,14,0.7142857142857143,LBP,LBP,True,eligible
LBN,2019-01,-0.0028795709833091083,-0.28754289954550094,11,14,0.7857142857142857,LBP,LBP,True,eligible
LBN,2019-02,-0.02409755157906053,-2.3809523809523836,11,14,0.7857142857142857,LBP,LBP,True,eligible
LBN,2019-03,-0.008380960798827651,-0.8345938455462285,10,14,0.7142857142857143,LBP,LBP,True,eligible
LBN,2019-04,,,9,14,0.6428571428571429,LBP,LBP,True,incomplete fixed price basket
LBN,2019-05,-0.023816388678163235,-2.3535016674607,11,14,0.7857142857142857,LBP,LBP,True,eligible
LBN,2019-06,-0.047422774299182666,-4.631588078663077,12,14,0.8571428571428571,LBP,LBP,True,eligible
LBN,2019-07,-0.0440861521524179,-4.312848261890778,12,14,0.8571428571428571,LBP,LBP,True,eligible
LBN,2019-08,-0.04489369453913542,-4.390088501202448,12,14,0.8571428571428571,LBP,LBP,True,eligible
LBN,2019-09,-0.0018630652803930657,-0.18613308515588178,13,14,0.9285714285714286,LBP,LBP,True,eligible
LBN,2019-10,-0.10121873827356902,-9.626467024176268,12,14,0.8571428571428571,LBP,LBP,True,eligible
LBN,2019-11,-0.0013554882909838856,-0.13545700316738307,12,14,0.8571428571428571,LBP,LBP,True,eligible
LBN,2019-12,0.21888912406022212,24.469326250123125,10,14,0.7142857142857143,LBP,LBP,True,eligible
LBN,2020-01,0.3327920034754003,39.48571428571428,11,14,0.7857142857142857,LBP,LBP,True,eligible
LBN,2020-02,0.349091590894211,41.777904004544155,11,14,0.7857142857142857,LBP,LBP,True,eligible
LBN,2020-03,0.4138608388013131,51.26466105213697,12,14,0.8571428571428571,LBP,LBP,True,eligible
LBN,2020-04,0.5793754003582258,78.49232201023733,11,14,0.7857142857142857,LBP,LBP,True,eligible
LBN,2020-05,0.9343837946928045,154.56443347883848,11,14,0.7857142857142857,LBP,LBP,True,eligible
LBN,2020-06,0.9966101345237202,170.9082819244789,12,14,0.8571428571428571,LBP,LBP,True,eligible
LBN,2020-07,1.196722981700506,230.92546464840007,13,14,0.9285714285714286,LBP,LBP,True,eligible
LBN,2020-08,1.2678486059134089,255.32,13,14,0.9285714285714286,LBP,LBP,True,eligible
LBN,2020-09,1.3133028223785843,271.8434782608696,13,14,0.9285714285714286,LBP,LBP,True,eligible
LBN,2020-10,1.540126332687815,366.5179598439492,12,14,0.8571428571428571,LBP,LBP,True,eligible
LBN,2020-11,1.462386741067159,331.62490130683744,12,14,0.8571428571428571,LBP,LBP,True,eligible
LBN,2020-12,1.4086558558725797,309.0453548140649,10,14,0.7142857142857143,LBP,LBP,True,eligible
LBN,2021-01,1.5177112987779,356.1772703628018,12,14,0.8571428571428571,LBP,LBP,True,eligible
LBN,2021-02,1.5279048006784866,360.8510950854701,13,14,0.9285714285714286,LBP,LBP,True,eligible
LBN,2021-03,1.654402961464624,422.99565042990235,12,14,0.8571428571428571,LBP,LBP,True,eligible
LBN,2021-04,1.7641971399154348,483.6884274997802,12,14,0.8571428571428571,LBP,LBP,True,eligible
LBN,2021-05,1.4954255702961852,346.12347178980934,11,14,0.7857142857142857,LBP,LBP,True,eligible
LBN,2021-06,1.5687677063066614,380.0728639583634,11,14,0.7857142857142857,LBP,LBP,True,eligible
LBN,2021-07,1.5031405253071248,349.5786052660571,13,14,0.9285714285714286,LBP,LBP,True,eligible
LBN,2021-08,1.536927181439622,365.0278830917184,12,14,0.8571428571428571,LBP,LBP,True,eligible
LBN,2021-09,1.4228794374396527,314.90501869764694,12,14,0.8571428571428571,LBP,LBP,True,eligible
LBN,2021-10,1.337152384524678,280.8183807439825,11,14,0.7857142857142857,LBP,LBP,True,eligible
LBN,2021-11,1.4702800969161036,335.0453519037153,10,14,0.7142857142857143,LBP,LBP,True,eligible
LBN,2021-12,,,9,14,0.6428571428571429,LBP,LBP,True,incomplete fixed price basket
LBN,2022-01,1.4079330935480283,308.74981905649344,12,14,0.8571428571428571,LBP,LBP,True,eligible
LBN,2022-02,1.1337097843351076,210.71620464681237,12,14,0.8571428571428571,LBP,LBP,True,eligible
LBN,2022-03,1.4476115707445065,325.29445177356104,12,14,0.8571428571428571,LBP,LBP,True,eligible
LBN,2022-04,1.3352949760658457,280.11170196105246,12,14,0.8571428571428571,LBP,LBP,True,eligible
LBN,2022-05,1.2780260002487793,258.95469625052215,12,14,0.8571428571428571,LBP,LBP,True,eligible
LBN,2022-06,1.1472987004729842,214.9673197005229,12,14,0.8571428571428571,LBP,LBP,True,eligible
LBN,2022-07,0.9168977059669302,150.15178958470636,12,14,0.8571428571428571,LBP,LBP,True,eligible
LBN,2022-08,0.8485510066262689,133.62591740947698,12,14,0.8571428571428571,LBP,LBP,True,eligible
LBN,2022-09,0.9374539520843472,155.34718732982378,12,14,0.8571428571428571,LBP,LBP,True,eligible
LBN,2022-10,0.897433831980474,145.3299447901148,13,14,0.9285714285714286,LBP,LBP,True,eligible
LBN,2022-11,0.748051923339951,111.2879952694138,12,14,0.8571428571428571,LBP,LBP,True,eligible
LBN,2022-12,0.6192004463243767,85.74423231328436,11,14,0.7857142857142857,LBP,LBP,True,eligible
LBN,2023-01,0.5878882245654549,80.01828166772475,12,14,0.8571428571428571,LBP,LBP,True,eligible
LBN,2023-02,1.1713215946586917,222.62536218161097,12,14,0.8571428571428571,LBP,LBP,True,eligible
LBN,2023-03,0.966520017994389,162.87804147072902,12,14,0.8571428571428571,LBP,LBP,True,eligible
LBN,2023-04,0.8304455792236516,129.43408231405922,12,14,0.8571428571428571,LBP,LBP,True,eligible
LBN,2023-05,0.6314746084772579,88.03813621493988,12,14,0.8571428571428571,LBP,LBP,True,eligible
LBN,2023-06,,,6,14,0.42857142857142855,LBP,LBP,True,incomplete fixed price basket
LBN,2023-07,,,6,14,0.42857142857142855,LBP,LBP,True,incomplete fixed price basket
LBN,2023-08,,,6,14,0.42857142857142855,LBP,LBP,True,incomplete fixed price basket
LBN,2023-09,,,6,14,0.42857142857142855,LBP,LBP,True,incomplete fixed price basket
LBN,2023-10,,,5,14,0.35714285714285715,LBP,LBP,True,incomplete fixed price basket
LBN,2023-11,,,5,14,0.35714285714285715,LBP,LBP,True,incomplete fixed price basket
LBN,2023-12,,,5,14,0.35714285714285715,LBP,LBP,True,incomplete fixed price basket
LBN,2024-01,,,6,14,0.42857142857142855,LBP,LBP,True,incomplete fixed price basket
LBN,2024-02,,,6,14,0.42857142857142855,LBP,LBP,True,incomplete fixed price basket
LBN,2024-03,,,6,14,0.42857142857142855,LBP,LBP,True,incomplete fixed price basket
LBN,2024-04,,,6,14,0.42857142857142855,LBP,LBP,True,incomplete fixed price basket
LBN,2024-05,,,6,14,0.42857142857142855,LBP,LBP,True,incomplete fixed price basket
LBN,2024-06,,,6,14,0.42857142857142855,LBP,LBP,True,incomplete fixed price basket
LBN,2024-07,,,6,14,0.42857142857142855,LBP,LBP,True,incomplete fixed price basket
LBN,2024-08,,,6,14,0.42857142857142855,LBP,LBP,True,incomplete fixed price basket
LBN,2024-09,,,6,14,0.42857142857142855,LBP,LBP,True,incomplete fixed price basket
LBN,2024-10,,,5,14,0.35714285714285715,LBP,LBP,True,incomplete fixed price basket
LBN,2024-11,,,5,14,0.35714285714285715,LBP,LBP,True,incomplete fixed price basket
LBN,2024-12,,,5,14,0.35714285714285715,LBP,LBP,True,incomplete fixed price basket
LBN,2025-01,,,6,14,0.42857142857142855,LBP,LBP,True,incomplete fixed price basket
LBN,2025-02,,,6,14,0.42857142857142855,LBP,LBP,True,incomplete fixed price basket
LBN,2025-03,,,6,14,0.42857142857142855,LBP,LBP,True,incomplete fixed price basket
LBN,2025-04,,,6,14,0.42857142857142855,LBP,LBP,True,incomplete fixed price basket
LBN,2025-05,,,6,14,0.42857142857142855,LBP,LBP,True,incomplete fixed price basket
LBN,2025-06,,,6,14,0.42857142857142855,LBP,LBP,True,incomplete fixed price basket
LBN,2025-07,,,6,14,0.42857142857142855,LBP,LBP,True,incomplete fixed price basket
LBN,2025-08,,,6,14,0.42857142857142855,LBP,LBP,True,incomplete fixed price basket
LBN,2025-09,,,6,14,0.42857142857142855,LBP,LBP,True,incomplete fixed price basket
LBN,2025-10,,,5,14,0.35714285714285715,LBP,LBP,True,incomplete fixed price basket
LBN,2025-11,,,5,14,0.35714285714285715,LBP,LBP,True,incomplete fixed price basket
LBN,2025-12,,,5,14,0.35714285714285715,LBP,LBP,True,incomplete fixed price basket
LBN,2026-01,,,6,14,0.42857142857142855,LBP,LBP,True,incomplete fixed price basket
LBN,2026-02,,,6,14,0.42857142857142855,LBP,LBP,True,incomplete fixed price basket
LBN,2026-03,,,6,14,0.42857142857142855,LBP,LBP,True,incomplete fixed price basket
LBN,2026-04,,,6,14,0.42857142857142855,LBP,LBP,True,incomplete fixed price basket
LBN,2026-05,,,6,14,0.42857142857142855,LBP,LBP,True,incomplete fixed price basket
LBN,2026-06,,,6,14,0.42857142857142855,LBP,LBP,True,incomplete fixed price basket
LBN,2026-07,,,6,14,0.42857142857142855,LBP,LBP,True,incomplete fixed price basket
LBN,2026-08,,,0,14,0.0,LBP,LBP,True,incomplete fixed price basket
UKR,2015-01,,,0,104,0.0,UAH,UAH,True,incomplete fixed price basket
UKR,2015-02,,,0,104,0.0,UAH,UAH,True,incomplete fixed price basket
UKR,2015-03,0.9401259231553777,156.03037995643808,104,104,1.0,UAH,UAH,True,eligible
UKR,2015-04,0.847877041008444,133.46851462170181,104,104,1.0,UAH,UAH,True,eligible
UKR,2015-05,0.7703024553822995,116.04195855097488,104,104,1.0,UAH,UAH,True,eligible
UKR,2015-06,0.6880927321673231,98.99166076748904,104,104,1.0,UAH,UAH,True,eligible
UKR,2015-07,0.6295667085953554,87.67972029662828,104,104,1.0,UAH,UAH,True,eligible
UKR,2015-08,0.5906121630081356,80.5093088458363,96,104,0.9230769230769231,UAH,UAH,True,eligible
UKR,2015-09,0.5409524636942449,71.76420750369813,96,104,0.9230769230769231,UAH,UAH,True,eligible
UKR,2015-10,0.5101611867067625,66.55596393836565,100,104,0.9615384615384616,UAH,UAH,True,eligible
UKR,2015-11,0.4808054298798118,61.73765611328834,100,104,0.9615384615384616,UAH,UAH,True,eligible
UKR,2015-12,0.37581828971608455,45.61825063923869,96,104,0.9230769230769231,UAH,UAH,True,eligible
UKR,2016-01,0.3237158102978308,38.22544288216916,104,104,1.0,UAH,UAH,True,eligible
UKR,2016-02,0.27287610001774965,31.373746269228658,104,104,1.0,UAH,UAH,True,eligible
UKR,2016-03,-0.011590241860773174,-1.1523333750777298,104,104,1.0,UAH,UAH,True,eligible
UKR,2016-04,-0.08503077766013087,-8.151598482242546,104,104,1.0,UAH,UAH,True,eligible
UKR,2016-05,-0.015727305450416673,-1.5604277194119427,104,104,1.0,UAH,UAH,True,eligible
UKR,2016-06,0.005039272567239696,0.5051991056246158,104,104,1.0,UAH,UAH,True,eligible
UKR,2016-07,0.030841643022707345,3.1322173892569443,104,104,1.0,UAH,UAH,True,eligible
UKR,2016-08,0.03984425596839976,4.064868674868615,104,104,1.0,UAH,UAH,True,eligible
UKR,2016-09,0.06342260029174417,6.547701499978576,104,104,1.0,UAH,UAH,True,eligible
UKR,2016-10,0.08453622852237075,8.821226784035979,104,104,1.0,UAH,UAH,True,eligible
UKR,2016-11,0.0698853092282439,7.238518151679593,104,104,1.0,UAH,UAH,True,eligible
UKR,2016-12,0.04644605031988104,4.754156301180011,104,104,1.0,UAH,UAH,True,eligible
UKR,2017-01,0.05673791819032427,5.83783923195915,104,104,1.0,UAH,UAH,True,eligible
UKR,2017-02,0.06291460670288412,6.493589696097201,104,104,1.0,UAH,UAH,True,eligible
UKR,2017-03,0.059175283458523666,6.096119338980789,104,104,1.0,UAH,UAH,True,eligible
UKR,2017-04,0.06901234530440645,7.144943643614751,104,104,1.0,UAH,UAH,True,eligible
UKR,2017-05,0.07547952790072635,7.840115035666032,104,104,1.0,UAH,UAH,True,eligible
UKR,2017-06,0.08343557443814897,8.701518147311049,104,104,1.0,UAH,UAH,True,eligible
UKR,2017-07,0.07305018593614471,7.5784524813443275,104,104,1.0,UAH,UAH,True,eligible
UKR,2017-08,,,0,104,0.0,UAH,UAH,True,incomplete fixed price basket
UKR,2017-09,0.0681974535387069,7.057667676366379,104,104,1.0,UAH,UAH,True,eligible
UKR,2017-10,0.07213505912024928,7.480049587097112,104,104,1.0,UAH,UAH,True,eligible
UKR,2017-11,0.06942573479039822,7.18924539310203,104,104,1.0,UAH,UAH,True,eligible
UKR,2017-12,0.06767659308659715,7.001920090795302,104,104,1.0,UAH,UAH,True,eligible
UKR,2018-01,,,0,104,0.0,UAH,UAH,True,incomplete fixed price basket
UKR,2018-02,,,0,104,0.0,UAH,UAH,True,incomplete fixed price basket
UKR,2018-03,,,0,104,0.0,UAH,UAH,True,incomplete fixed price basket
UKR,2018-04,,,0,104,0.0,UAH,UAH,True,incomplete fixed price basket
UKR,2018-05,,,0,104,0.0,UAH,UAH,True,incomplete fixed price basket
UKR,2018-06,,,0,104,0.0,UAH,UAH,True,incomplete fixed price basket
UKR,2018-07,,,0,104,0.0,UAH,UAH,True,incomplete fixed price basket
UKR,2018-08,,,0,104,0.0,UAH,UAH,True,incomplete fixed price basket
UKR,2018-09,,,0,104,0.0,UAH,UAH,True,incomplete fixed price basket
UKR,2018-10,,,0,104,0.0,UAH,UAH,True,incomplete fixed price basket
UKR,2018-11,,,0,104,0.0,UAH,UAH,True,incomplete fixed price basket
UKR,2018-12,,,50,104,0.4807692307692308,UAH,UAH,True,incomplete fixed price basket
UKR,2019-01,,,0,104,0.0,UAH,UAH,True,incomplete fixed price basket
UKR,2019-02,,,0,104,0.0,UAH,UAH,True,incomplete fixed price basket
UKR,2019-03,,,0,104,0.0,UAH,UAH,True,incomplete fixed price basket
UKR,2019-04,,,0,104,0.0,UAH,UAH,True,incomplete fixed price basket
UKR,2019-05,,,0,104,0.0,UAH,UAH,True,incomplete fixed price basket
UKR,2019-06,,,0,104,0.0,UAH,UAH,True,incomplete fixed price basket
UKR,2019-07,,,0,104,0.0,UAH,UAH,True,incomplete fixed price basket
UKR,2019-08,,,0,104,0.0,UAH,UAH,True,incomplete fixed price basket
UKR,2019-09,,,0,104,0.0,UAH,UAH,True,incomplete fixed price basket
UKR,2019-10,,,0,104,0.0,UAH,UAH,True,incomplete fixed price basket
UKR,2019-11,,,0,104,0.0,UAH,UAH,True,incomplete fixed price basket
UKR,2019-12,,,50,104,0.4807692307692308,UAH,UAH,True,incomplete fixed price basket
UKR,2020-01,,,50,104,0.4807692307692308,UAH,UAH,True,incomplete fixed price basket
UKR,2020-02,,,50,104,0.4807692307692308,UAH,UAH,True,incomplete fixed price basket
UKR,2020-03,,,50,104,0.4807692307692308,UAH,UAH,True,incomplete fixed price basket
UKR,2020-04,,,50,104,0.4807692307692308,UAH,UAH,True,incomplete fixed price basket
UKR,2020-05,,,50,104,0.4807692307692308,UAH,UAH,True,incomplete fixed price basket
UKR,2020-06,,,50,104,0.4807692307692308,UAH,UAH,True,incomplete fixed price basket
UKR,2020-07,,,50,104,0.4807692307692308,UAH,UAH,True,incomplete fixed price basket
UKR,2020-08,,,50,104,0.4807692307692308,UAH,UAH,True,incomplete fixed price basket
UKR,2020-09,,,50,104,0.4807692307692308,UAH,UAH,True,incomplete fixed price basket
UKR,2020-10,,,50,104,0.4807692307692308,UAH,UAH,True,incomplete fixed price basket
UKR,2020-11,,,50,104,0.4807692307692308,UAH,UAH,True,incomplete fixed price basket
UKR,2020-12,,,50,104,0.4807692307692308,UAH,UAH,True,incomplete fixed price basket
UKR,2021-01,,,50,104,0.4807692307692308,UAH,UAH,True,incomplete fixed price basket
UKR,2021-02,,,50,104,0.4807692307692308,UAH,UAH,True,incomplete fixed price basket
UKR,2021-03,,,50,104,0.4807692307692308,UAH,UAH,True,incomplete fixed price basket
UKR,2021-04,,,50,104,0.4807692307692308,UAH,UAH,True,incomplete fixed price basket
UKR,2021-05,,,50,104,0.4807692307692308,UAH,UAH,True,incomplete fixed price basket
UKR,2021-06,,,50,104,0.4807692307692308,UAH,UAH,True,incomplete fixed price basket
UKR,2021-07,,,50,104,0.4807692307692308,UAH,UAH,True,incomplete fixed price basket
UKR,2021-08,,,50,104,0.4807692307692308,UAH,UAH,True,incomplete fixed price basket
UKR,2021-09,,,50,104,0.4807692307692308,UAH,UAH,True,incomplete fixed price basket
UKR,2021-10,,,50,104,0.4807692307692308,UAH,UAH,True,incomplete fixed price basket
UKR,2021-11,,,50,104,0.4807692307692308,UAH,UAH,True,incomplete fixed price basket
UKR,2021-12,,,50,104,0.4807692307692308,UAH,UAH,True,incomplete fixed price basket
UKR,2022-01,,,50,104,0.4807692307692308,UAH,UAH,True,incomplete fixed price basket
UKR,2022-02,,,46,104,0.4423076923076923,UAH,UAH,True,incomplete fixed price basket
UKR,2022-03,,,44,104,0.4230769230769231,UAH,UAH,True,incomplete fixed price basket
UKR,2022-04,,,42,104,0.40384615384615385,UAH,UAH,True,incomplete fixed price basket
UKR,2022-05,,,44,104,0.4230769230769231,UAH,UAH,True,incomplete fixed price basket
UKR,2022-06,,,46,104,0.4423076923076923,UAH,UAH,True,incomplete fixed price basket
UKR,2022-07,,,46,104,0.4423076923076923,UAH,UAH,True,incomplete fixed price basket
UKR,2022-08,,,46,104,0.4423076923076923,UAH,UAH,True,incomplete fixed price basket
UKR,2022-09,,,46,104,0.4423076923076923,UAH,UAH,True,incomplete fixed price basket
UKR,2022-10,,,46,104,0.4423076923076923,UAH,UAH,True,incomplete fixed price basket
UKR,2022-11,,,44,104,0.4230769230769231,UAH,UAH,True,incomplete fixed price basket
UKR,2022-12,,,18,104,0.17307692307692307,UAH,UAH,True,incomplete fixed price basket
UKR,2023-01,,,18,104,0.17307692307692307,UAH,UAH,True,incomplete fixed price basket
UKR,2023-02,,,44,104,0.4230769230769231,UAH,UAH,True,incomplete fixed price basket
UKR,2023-03,,,42,104,0.40384615384615385,UAH,UAH,True,incomplete fixed price basket
UKR,2023-04,,,42,104,0.40384615384615385,UAH,UAH,True,incomplete fixed price basket
UKR,2023-05,,,44,104,0.4230769230769231,UAH,UAH,True,incomplete fixed price basket
UKR,2023-06,,,46,104,0.4423076923076923,UAH,UAH,True,incomplete fixed price basket
UKR,2023-07,,,46,104,0.4423076923076923,UAH,UAH,True,incomplete fixed price basket
UKR,2023-08,,,46,104,0.4423076923076923,UAH,UAH,True,incomplete fixed price basket
UKR,2023-09,,,46,104,0.4423076923076923,UAH,UAH,True,incomplete fixed price basket
UKR,2023-10,,,46,104,0.4423076923076923,UAH,UAH,True,incomplete fixed price basket
UKR,2023-11,,,42,104,0.40384615384615385,UAH,UAH,True,incomplete fixed price basket
UKR,2023-12,,,18,104,0.17307692307692307,UAH,UAH,True,incomplete fixed price basket
UKR,2024-01,,,18,104,0.17307692307692307,UAH,UAH,True,incomplete fixed price basket
UKR,2024-02,,,46,104,0.4423076923076923,UAH,UAH,True,incomplete fixed price basket
UKR,2024-03,,,46,104,0.4423076923076923,UAH,UAH,True,incomplete fixed price basket
UKR,2024-04,,,46,104,0.4423076923076923,UAH,UAH,True,incomplete fixed price basket
UKR,2024-05,,,46,104,0.4423076923076923,UAH,UAH,True,incomplete fixed price basket
UKR,2024-06,,,46,104,0.4423076923076923,UAH,UAH,True,incomplete fixed price basket
UKR,2024-07,,,46,104,0.4423076923076923,UAH,UAH,True,incomplete fixed price basket
UKR,2024-08,,,46,104,0.4423076923076923,UAH,UAH,True,incomplete fixed price basket
UKR,2024-09,,,46,104,0.4423076923076923,UAH,UAH,True,incomplete fixed price basket
UKR,2024-10,,,46,104,0.4423076923076923,UAH,UAH,True,incomplete fixed price basket
UKR,2024-11,,,44,104,0.4230769230769231,UAH,UAH,True,incomplete fixed price basket
UKR,2024-12,,,46,104,0.4423076923076923,UAH,UAH,True,incomplete fixed price basket
UKR,2025-01,,,46,104,0.4423076923076923,UAH,UAH,True,incomplete fixed price basket
UKR,2025-02,,,46,104,0.4423076923076923,UAH,UAH,True,incomplete fixed price basket
UKR,2025-03,,,46,104,0.4423076923076923,UAH,UAH,True,incomplete fixed price basket
UKR,2025-04,,,46,104,0.4423076923076923,UAH,UAH,True,incomplete fixed price basket
UKR,2025-05,,,46,104,0.4423076923076923,UAH,UAH,True,incomplete fixed price basket
UKR,2025-06,,,46,104,0.4423076923076923,UAH,UAH,True,incomplete fixed price basket
UKR,2025-07,,,46,104,0.4423076923076923,UAH,UAH,True,incomplete fixed price basket
UKR,2025-08,,,46,104,0.4423076923076923,UAH,UAH,True,incomplete fixed price basket
UKR,2025-09,,,46,104,0.4423076923076923,UAH,UAH,True,incomplete fixed price basket
UKR,2025-10,,,46,104,0.4423076923076923,UAH,UAH,True,incomplete fixed price basket
UKR,2025-11,,,46,104,0.4423076923076923,UAH,UAH,True,incomplete fixed price basket
UKR,2025-12,,,46,104,0.4423076923076923,UAH,UAH,True,incomplete fixed price basket
UKR,2026-01,,,46,104,0.4423076923076923,UAH,UAH,True,incomplete fixed price basket
UKR,2026-02,,,46,104,0.4423076923076923,UAH,UAH,True,incomplete fixed price basket
UKR,2026-03,,,46,104,0.4423076923076923,UAH,UAH,True,incomplete fixed price basket
UKR,2026-04,,,46,104,0.4423076923076923,UAH,UAH,True,incomplete fixed price basket
UKR,2026-05,,,46,104,0.4423076923076923,UAH,UAH,True,incomplete fixed price basket
UKR,2026-06,,,46,104,0.4423076923076923,UAH,UAH,True,incomplete fixed price basket
UKR,2026-07,,,46,104,0.4423076923076923,UAH,UAH,True,incomplete fixed price basket
UKR,2026-08,,,0,104,0.0,UAH,UAH,True,incomplete fixed price basket
SDN,2015-01,,,12,18,0.6666666666666666,SDG,SDG,True,incomplete fixed price basket
SDN,2015-02,,,12,18,0.6666666666666666,SDG,SDG,True,incomplete fixed price basket
SDN,2015-03,,,12,18,0.6666666666666666,SDG,SDG,True,incomplete fixed price basket
SDN,2015-04,-0.2029408439966903,-18.36734693877551,13,18,0.7222222222222222,SDG,SDG,True,eligible
SDN,2015-05,-0.1478251210504789,-13.741805082205724,14,18,0.7777777777777778,SDG,SDG,True,eligible
SDN,2015-06,-0.296902368613841,-25.688343967973488,14,18,0.7777777777777778,SDG,SDG,True,eligible
SDN,2015-07,-0.40546510810816444,-33.333333333333336,13,18,0.7222222222222222,SDG,SDG,True,eligible
SDN,2015-08,-0.2775729518430304,-24.237970720976765,14,18,0.7777777777777778,SDG,SDG,True,eligible
SDN,2015-09,-0.2525064219401141,-22.31487760687435,14,18,0.7777777777777778,SDG,SDG,True,eligible
SDN,2015-10,,,12,18,0.6666666666666666,SDG,SDG,True,incomplete fixed price basket
SDN,2015-11,,,12,18,0.6666666666666666,SDG,SDG,True,incomplete fixed price basket
SDN,2015-12,,,12,18,0.6666666666666666,SDG,SDG,True,incomplete fixed price basket
SDN,2016-01,,,12,18,0.6666666666666666,SDG,SDG,True,incomplete fixed price basket
SDN,2016-02,0.2429461786103894,27.499999999999993,13,18,0.7222222222222222,SDG,SDG,True,eligible
SDN,2016-03,0.28768207245178085,33.33333333333332,13,18,0.7222222222222222,SDG,SDG,True,eligible
SDN,2016-04,0.28876691420878264,33.47805738808889,16,18,0.8888888888888888,SDG,SDG,True,eligible
SDN,2016-05,0.34772758489403993,41.58464992261656,18,18,1.0,SDG,SDG,True,eligible
SDN,2016-06,0.33369553804979296,39.6118014046631,18,18,1.0,SDG,SDG,True,eligible
SDN,2016-07,0.4054651081081644,50.0,17,18,0.9444444444444444,SDG,SDG,True,eligible
SDN,2016-08,0.38566248081198473,47.058823529411775,17,18,0.9444444444444444,SDG,SDG,True,eligible
SDN,2016-09,0.3052196931171085,35.69230769230769,17,18,0.9444444444444444,SDG,SDG,True,eligible
SDN,2016-10,0.24324779224561213,27.538461538461533,17,18,0.9444444444444444,SDG,SDG,True,eligible
SDN,2016-11,0.14961178199982375,16.13832853025936,17,18,0.9444444444444444,SDG,SDG,True,eligible
SDN,2016-12,0.17754827804129705,19.428571428571438,17,18,0.9444444444444444,SDG,SDG,True,eligible
SDN,2017-01,0.13639262490555476,14.613180515759305,17,18,0.9444444444444444,SDG,SDG,True,eligible
SDN,2017-02,0.09531017980432493,10.000000000000009,17,18,0.9444444444444444,SDG,SDG,True,eligible
SDN,2017-03,0.08408311721054144,8.771929824561408,17,18,0.9444444444444444,SDG,SDG,True,eligible
SDN,2017-04,0.1280315118221794,13.658881811748035,17,18,0.9444444444444444,SDG,SDG,True,eligible
SDN,2017-05,0.015874349157290135,1.6001016001523987,18,18,1.0,SDG,SDG,True,eligible
SDN,2017-06,0.027128667388252696,2.750000000000008,17,18,0.9444444444444444,SDG,SDG,True,eligible
SDN,2017-07,0.0,0.0,18,18,1.0,SDG,SDG,True,eligible
SDN,2017-08,0.08004270767353636,8.333333333333325,17,18,0.9444444444444444,SDG,SDG,True,eligible
SDN,2017-09,0.0769610411361284,8.000000000000007,17,18,0.9444444444444444,SDG,SDG,True,eligible
SDN,2017-10,0.10118510941911459,10.648144294468944,18,18,1.0,SDG,SDG,True,eligible
SDN,2017-11,0.39256170327225653,48.07692307692308,17,18,0.9444444444444444,SDG,SDG,True,eligible
SDN,2017-12,0.45305038686976784,57.31034482758619,17,18,0.9444444444444444,SDG,SDG,True,eligible
SDN,2018-01,0.8082165103447326,124.39024390243904,17,18,0.9444444444444444,SDG,SDG,True,eligible
SDN,2018-02,0.8284393754158426,128.9742521951764,16,18,0.8888888888888888,SDG,SDG,True,eligible
SDN,2018-03,0.8626997049987103,136.9549150036955,17,18,0.9444444444444444,SDG,SDG,True,eligible
SDN,2018-04,,,0,18,0.0,SDG,SDG,True,incomplete fixed price basket
SDN,2018-05,0.9456748114874267,157.45501285347046,17,18,0.9444444444444444,SDG,SDG,True,eligible
SDN,2018-06,0.8891620644859023,143.30900243309,15,18,0.8333333333333334,SDG,SDG,True,eligible
SDN,2018-07,1.0410754805159466,183.22614189313387,16,18,0.8888888888888888,SDG,SDG,True,eligible
SDN,2018-08,0.8851807382743937,142.34223570807308,16,18,0.8888888888888888,SDG,SDG,True,eligible
SDN,2018-09,0.9127699426918985,149.12135038211235,18,18,1.0,SDG,SDG,True,eligible
SDN,2018-10,0.9131940908864272,149.22703716494013,18,18,1.0,SDG,SDG,True,eligible
SDN,2018-11,0.8639807073091038,137.25864929790583,16,18,0.8888888888888888,SDG,SDG,True,eligible
SDN,2018-12,0.8525834018506232,134.56989140213327,16,18,0.8888888888888888,SDG,SDG,True,eligible
SDN,2019-01,0.5352723074431394,70.79132564298898,16,18,0.8888888888888888,SDG,SDG,True,eligible
SDN,2019-02,0.47000362924573563,60.00000000000001,15,18,0.8333333333333334,SDG,SDG,True,eligible
SDN,2019-03,0.4696498145061758,59.943399655279016,16,18,0.8888888888888888,SDG,SDG,True,eligible
SDN,2019-04,,,0,18,0.0,SDG,SDG,True,incomplete fixed price basket
SDN,2019-05,0.41846258357517446,51.96234646953024,16,18,0.8888888888888888,SDG,SDG,True,eligible
SDN,2019-06,,,12,18,0.6666666666666666,SDG,SDG,True,incomplete fixed price basket
SDN,2019-07,0.4560229696317306,57.7786585527077,16,18,0.8888888888888888,SDG,SDG,True,eligible
SDN,2019-08,0.5640956586211586,75.78573605386758,16,18,0.8888888888888888,SDG,SDG,True,eligible
SDN,2019-09,0.570765262269217,76.96207573940806,18,18,1.0,SDG,SDG,True,eligible
SDN,2019-10,0.5809546723588079,78.77443264278418,18,18,1.0,SDG,SDG,True,eligible
SDN,2019-11,0.5232481437645479,68.75,17,18,0.9444444444444444,SDG,SDG,True,eligible
SDN,2019-12,,,12,18,0.6666666666666666,SDG,SDG,True,incomplete fixed price basket
SDN,2020-01,0.630233355149376,87.80487804878047,17,18,0.9444444444444444,SDG,SDG,True,eligible
SDN,2020-02,0.7827593392496325,118.75,15,18,0.8333333333333334,SDG,SDG,True,eligible
SDN,2020-03,0.830768558435993,129.50819672131146,17,18,0.9444444444444444,SDG,SDG,True,eligible
SDN,2020-04,1.0334729864971484,181.08108108108112,17,18,0.9444444444444444,SDG,SDG,True,eligible
SDN,2020-05,1.0441241033840398,184.09090909090907,17,18,0.9444444444444444,SDG,SDG,True,eligible
SDN,2020-06,1.2148652454923596,236.98399326032015,15,18,0.8333333333333334,SDG,SDG,True,eligible
SDN,2020-07,1.1836551337758903,226.6291141693277,18,18,1.0,SDG,SDG,True,eligible
SDN,2020-08,1.2256927028571027,240.65249752738782,18,18,1.0,SDG,SDG,True,eligible
SDN,2020-09,1.214380960389449,236.82083644286172,18,18,1.0,SDG,SDG,True,eligible
SDN,2020-10,1.2552660987134865,250.8771929824561,15,18,0.8333333333333334,SDG,SDG,True,eligible
SDN,2020-11,1.2338928045039443,243.45736702386068,18,18,1.0,SDG,SDG,True,eligible
SDN,2020-12,1.2723501017706729,256.92307692307696,13,18,0.7222222222222222,SDG,SDG,True,eligible
SDN,2021-01,1.158344849587794,218.46578237772195,18,18,1.0,SDG,SDG,True,eligible
SDN,2021-02,1.0498221244986776,185.7142857142857,16,18,0.8888888888888888,SDG,SDG,True,eligible
SDN,2021-03,0.9810762275783679,166.73253468463224,18,18,1.0,SDG,SDG,True,eligible
SDN,2021-04,0.6665922679029711,94.75891374404053,18,18,1.0,SDG,SDG,True,eligible
SDN,2021-05,0.7177072898756522,104.97283862821885,18,18,1.0,SDG,SDG,True,eligible
SDN,2021-06,0.6423420923545541,90.09278182109675,18,18,1.0,SDG,SDG,True,eligible
SDN,2021-07,0.5997460054715446,82.16560509554141,17,18,0.9444444444444444,SDG,SDG,True,eligible
SDN,2021-08,0.44183275227903923,55.55555555555556,17,18,0.9444444444444444,SDG,SDG,True,eligible
SDN,2021-09,0.5241889059051048,68.90882830933509,18,18,1.0,SDG,SDG,True,eligible
SDN,2021-10,0.5321038005025026,70.25102856183753,14,18,0.7777777777777778,SDG,SDG,True,eligible
SDN,2021-11,0.5964614840696755,81.56825980064072,18,18,1.0,SDG,SDG,True,eligible
SDN,2021-12,0.5108256237659907,66.66666666666667,17,18,0.9444444444444444,SDG,SDG,True,eligible
SDN,2022-01,0.5691060321938668,76.66869839870513,18,18,1.0,SDG,SDG,True,eligible
SDN,2022-02,0.5978370007556204,81.81818181818181,17,18,0.9444444444444444,SDG,SDG,True,eligible
SDN,2022-03,0.9344033339608966,154.56940753014544,16,18,0.8888888888888888,SDG,SDG,True,eligible
SDN,2022-04,1.1077824233927418,202.76369276803416,16,18,0.8888888888888888,SDG,SDG,True,eligible
SDN,2022-05,1.1064864671521792,202.37157840738175,16,18,0.8888888888888888,SDG,SDG,True,eligible
SDN,2022-06,1.1230358162086718,207.41726747872508,16,18,0.8888888888888888,SDG,SDG,True,eligible
SDN,2022-07,1.1857103779433875,227.3011070693601,16,18,0.8888888888888888,SDG,SDG,True,eligible
SDN,2022-08,1.4046434997880872,307.40740740740745,17,18,0.9444444444444444,SDG,SDG,True,eligible
SDN,2022-09,1.308332819650179,270.00000000000006,15,18,0.8333333333333334,SDG,SDG,True,eligible
SDN,2022-10,1.1417326973362005,213.21908047701194,15,18,0.8333333333333334,SDG,SDG,True,eligible
SDN,2022-11,0.9262410627273231,152.5,15,18,0.8333333333333334,SDG,SDG,True,eligible
SDN,2022-12,1.0245043165143877,178.57142857142853,15,18,0.8333333333333334,SDG,SDG,True,eligible
SDN,2023-01,0.7724928824018826,116.51570135445016,16,18,0.8888888888888888,SDG,SDG,True,eligible
SDN,2023-02,0.7525930581869457,112.2496644295302,15,18,0.8333333333333334,SDG,SDG,True,eligible
SDN,2023-03,0.3358565619060976,39.913832068314115,16,18,0.8888888888888888,SDG,SDG,True,eligible
SDN,2023-04,,,12,18,0.6666666666666666,SDG,SDG,True,incomplete fixed price basket
SDN,2023-05,,,8,18,0.4444444444444444,SDG,SDG,True,incomplete fixed price basket
SDN,2023-06,,,9,18,0.5,SDG,SDG,True,incomplete fixed price basket
SDN,2023-07,,,8,18,0.4444444444444444,SDG,SDG,True,incomplete fixed price basket
SDN,2023-08,,,9,18,0.5,SDG,SDG,True,incomplete fixed price basket
SDN,2023-09,,,9,18,0.5,SDG,SDG,True,incomplete fixed price basket
SDN,2023-10,,,11,18,0.6111111111111112,SDG,SDG,True,incomplete fixed price basket
SDN,2023-11,,,7,18,0.3888888888888889,SDG,SDG,True,incomplete fixed price basket
SDN,2023-12,,,5,18,0.2777777777777778,SDG,SDG,True,incomplete fixed price basket
SDN,2024-01,,,7,18,0.3888888888888889,SDG,SDG,True,incomplete fixed price basket
SDN,2024-02,,,4,18,0.2222222222222222,SDG,SDG,True,incomplete fixed price basket
SDN,2024-03,,,8,18,0.4444444444444444,SDG,SDG,True,incomplete fixed price basket
SDN,2024-04,,,6,18,0.3333333333333333,SDG,SDG,True,incomplete fixed price basket
SDN,2024-05,,,6,18,0.3333333333333333,SDG,SDG,True,incomplete fixed price basket
SDN,2024-06,,,6,18,0.3333333333333333,SDG,SDG,True,incomplete fixed price basket
SDN,2024-07,,,5,18,0.2777777777777778,SDG,SDG,True,incomplete fixed price basket
SDN,2024-08,,,7,18,0.3888888888888889,SDG,SDG,True,incomplete fixed price basket
SDN,2024-09,,,9,18,0.5,SDG,SDG,True,incomplete fixed price basket
SDN,2024-10,,,9,18,0.5,SDG,SDG,True,incomplete fixed price basket
SDN,2024-11,,,6,18,0.3333333333333333,SDG,SDG,True,incomplete fixed price basket
SDN,2024-12,,,5,18,0.2777777777777778,SDG,SDG,True,incomplete fixed price basket
SDN,2025-01,,,7,18,0.3888888888888889,SDG,SDG,True,incomplete fixed price basket
SDN,2025-02,,,4,18,0.2222222222222222,SDG,SDG,True,incomplete fixed price basket
SDN,2025-03,,,8,18,0.4444444444444444,SDG,SDG,True,incomplete fixed price basket
SDN,2025-04,,,8,18,0.4444444444444444,SDG,SDG,True,incomplete fixed price basket
SDN,2025-05,,,7,18,0.3888888888888889,SDG,SDG,True,incomplete fixed price basket
SDN,2025-06,,,6,18,0.3333333333333333,SDG,SDG,True,incomplete fixed price basket
SDN,2025-07,,,9,18,0.5,SDG,SDG,True,incomplete fixed price basket
SDN,2025-08,,,12,18,0.6666666666666666,SDG,SDG,True,incomplete fixed price basket
SDN,2025-09,,,12,18,0.6666666666666666,SDG,SDG,True,incomplete fixed price basket
SDN,2025-10,-0.4624279922453063,-37.02472470392687,13,18,0.7222222222222222,SDG,SDG,True,eligible
SDN,2025-11,,,12,18,0.6666666666666666,SDG,SDG,True,incomplete fixed price basket
SDN,2025-12,,,11,18,0.6111111111111112,SDG,SDG,True,incomplete fixed price basket
SDN,2026-01,,,10,18,0.5555555555555556,SDG,SDG,True,incomplete fixed price basket
SDN,2026-02,,,12,18,0.6666666666666666,SDG,SDG,True,incomplete fixed price basket
SDN,2026-03,,,11,18,0.6111111111111112,SDG,SDG,True,incomplete fixed price basket
SDN,2026-04,,,12,18,0.6666666666666666,SDG,SDG,True,incomplete fixed price basket
SDN,2026-05,,,10,18,0.5555555555555556,SDG,SDG,True,incomplete fixed price basket
SDN,2026-06,,,10,18,0.5555555555555556,SDG,SDG,True,incomplete fixed price basket
SDN,2026-07,,,10,18,0.5555555555555556,SDG,SDG,True,incomplete fixed price basket
SDN,2026-08,,,10,18,0.5555555555555556,SDG,SDG,True,incomplete fixed price basket
ETH,2015-01,,,8,12,0.6666666666666666,ETB,ETB,True,incomplete fixed price basket
ETH,2015-02,0.0,0.0,9,12,0.75,ETB,ETB,True,eligible
ETH,2015-03,0.002645504188424175,0.26490066225166586,9,12,0.75,ETB,ETB,True,eligible
ETH,2015-04,,,5,12,0.4166666666666667,ETB,ETB,True,incomplete fixed price basket
ETH,2015-05,0.0,0.0,10,12,0.8333333333333334,ETB,ETB,True,eligible
ETH,2015-06,,,3,12,0.25,ETB,ETB,True,incomplete fixed price basket
ETH,2015-07,,,6,12,0.5,ETB,ETB,True,incomplete fixed price basket
ETH,2015-08,,,2,12,0.16666666666666666,ETB,ETB,True,incomplete fixed price basket
ETH,2015-09,,,8,12,0.6666666666666666,ETB,ETB,True,incomplete fixed price basket
ETH,2015-10,,,7,12,0.5833333333333334,ETB,ETB,True,incomplete fixed price basket
ETH,2015-11,,,3,12,0.25,ETB,ETB,True,incomplete fixed price basket
ETH,2015-12,,,2,12,0.16666666666666666,ETB,ETB,True,incomplete fixed price basket
ETH,2016-01,,,8,12,0.6666666666666666,ETB,ETB,True,incomplete fixed price basket
ETH,2016-02,,,6,12,0.5,ETB,ETB,True,incomplete fixed price basket
ETH,2016-03,,,5,12,0.4166666666666667,ETB,ETB,True,incomplete fixed price basket
ETH,2016-04,,,3,12,0.25,ETB,ETB,True,incomplete fixed price basket
ETH,2016-05,0.09531017980432493,10.000000000000009,9,12,0.75,ETB,ETB,True,eligible
ETH,2016-06,,,2,12,0.16666666666666666,ETB,ETB,True,incomplete fixed price basket
ETH,2016-07,,,2,12,0.16666666666666666,ETB,ETB,True,incomplete fixed price basket
ETH,2016-08,,,1,12,0.08333333333333333,ETB,ETB,True,incomplete fixed price basket
ETH,2016-09,,,4,12,0.3333333333333333,ETB,ETB,True,incomplete fixed price basket
ETH,2016-10,,,5,12,0.4166666666666667,ETB,ETB,True,incomplete fixed price basket
ETH,2016-11,,,3,12,0.25,ETB,ETB,True,incomplete fixed price basket
ETH,2016-12,,,4,12,0.3333333333333333,ETB,ETB,True,incomplete fixed price basket
ETH,2017-01,0.06732404366229898,6.964203274380106,10,12,0.8333333333333334,ETB,ETB,True,eligible
ETH,2017-02,,,7,12,0.5833333333333334,ETB,ETB,True,incomplete fixed price basket
ETH,2017-03,,,4,12,0.3333333333333333,ETB,ETB,True,incomplete fixed price basket
ETH,2017-04,,,8,12,0.6666666666666666,ETB,ETB,True,incomplete fixed price basket
ETH,2017-05,0.0870113769896297,9.090909090909085,9,12,0.75,ETB,ETB,True,eligible
ETH,2017-06,0.058840500022933395,6.060606060606055,9,12,0.75,ETB,ETB,True,eligible
ETH,2017-07,,,7,12,0.5833333333333334,ETB,ETB,True,incomplete fixed price basket
ETH,2017-08,,,7,12,0.5833333333333334,ETB,ETB,True,incomplete fixed price basket
ETH,2017-09,,,7,12,0.5833333333333334,ETB,ETB,True,incomplete fixed price basket
ETH,2017-10,,,7,12,0.5833333333333334,ETB,ETB,True,incomplete fixed price basket
ETH,2017-11,0.13976194237515863,14.999999999999991,9,12,0.75,ETB,ETB,True,eligible
ETH,2017-12,,,8,12,0.6666666666666666,ETB,ETB,True,incomplete fixed price basket
ETH,2018-01,0.26236426446749106,30.0,11,12,0.9166666666666666,ETB,ETB,True,eligible
ETH,2018-02,0.28768207245178085,33.33333333333332,11,12,0.9166666666666666,ETB,ETB,True,eligible
ETH,2018-03,0.2404863303081548,27.186754767292083,10,12,0.8333333333333334,ETB,ETB,True,eligible
ETH,2018-04,,,0,12,0.0,ETB,ETB,True,incomplete fixed price basket
ETH,2018-05,0.22314355131420976,25.0,11,12,0.9166666666666666,ETB,ETB,True,eligible
ETH,2018-06,0.16823611831060648,18.321595661992323,12,12,1.0,ETB,ETB,True,eligible
ETH,2018-07,0.13721842285088012,14.707866935280881,12,12,1.0,ETB,ETB,True,eligible
ETH,2018-08,0.010810916104215676,1.0869565217391355,11,12,0.9166666666666666,ETB,ETB,True,eligible
ETH,2018-09,,,0,12,0.0,ETB,ETB,True,incomplete fixed price basket
ETH,2018-10,,,0,12,0.0,ETB,ETB,True,incomplete fixed price basket
ETH,2018-11,,,0,12,0.0,ETB,ETB,True,incomplete fixed price basket
ETH,2018-12,,,0,12,0.0,ETB,ETB,True,incomplete fixed price basket
ETH,2019-01,,,0,12,0.0,ETB,ETB,True,incomplete fixed price basket
ETH,2019-02,,,0,12,0.0,ETB,ETB,True,incomplete fixed price basket
ETH,2019-03,,,0,12,0.0,ETB,ETB,True,incomplete fixed price basket
ETH,2019-04,,,0,12,0.0,ETB,ETB,True,incomplete fixed price basket
ETH,2019-05,,,0,12,0.0,ETB,ETB,True,incomplete fixed price basket
ETH,2019-06,,,0,12,0.0,ETB,ETB,True,incomplete fixed price basket
ETH,2019-07,0.12280820358313423,13.066754216661364,12,12,1.0,ETB,ETB,True,eligible
ETH,2019-08,0.18399100742671196,20.200501392952006,12,12,1.0,ETB,ETB,True,eligible
ETH,2019-09,,,0,12,0.0,ETB,ETB,True,incomplete fixed price basket
ETH,2019-10,,,0,12,0.0,ETB,ETB,True,incomplete fixed price basket
ETH,2019-11,,,0,12,0.0,ETB,ETB,True,incomplete fixed price basket
ETH,2019-12,,,0,12,0.0,ETB,ETB,True,incomplete fixed price basket
ETH,2020-01,,,0,12,0.0,ETB,ETB,True,incomplete fixed price basket
ETH,2020-02,,,0,12,0.0,ETB,ETB,True,incomplete fixed price basket
ETH,2020-03,,,0,12,0.0,ETB,ETB,True,incomplete fixed price basket
ETH,2020-04,,,0,12,0.0,ETB,ETB,True,incomplete fixed price basket
ETH,2020-05,,,0,12,0.0,ETB,ETB,True,incomplete fixed price basket
ETH,2020-06,,,0,12,0.0,ETB,ETB,True,incomplete fixed price basket
ETH,2020-07,,,1,12,0.08333333333333333,ETB,ETB,True,incomplete fixed price basket
ETH,2020-08,,,1,12,0.08333333333333333,ETB,ETB,True,incomplete fixed price basket
ETH,2020-09,,,3,12,0.25,ETB,ETB,True,incomplete fixed price basket
ETH,2020-10,,,4,12,0.3333333333333333,ETB,ETB,True,incomplete fixed price basket
ETH,2020-11,,,1,12,0.08333333333333333,ETB,ETB,True,incomplete fixed price basket
ETH,2020-12,,,2,12,0.16666666666666666,ETB,ETB,True,incomplete fixed price basket
ETH,2021-01,,,5,12,0.4166666666666667,ETB,ETB,True,incomplete fixed price basket
ETH,2021-02,,,5,12,0.4166666666666667,ETB,ETB,True,incomplete fixed price basket
ETH,2021-03,,,1,12,0.08333333333333333,ETB,ETB,True,incomplete fixed price basket
ETH,2021-04,,,1,12,0.08333333333333333,ETB,ETB,True,incomplete fixed price basket
ETH,2021-05,,,0,12,0.0,ETB,ETB,True,incomplete fixed price basket
ETH,2021-06,,,1,12,0.08333333333333333,ETB,ETB,True,incomplete fixed price basket
ETH,2021-07,,,1,12,0.08333333333333333,ETB,ETB,True,incomplete fixed price basket
ETH,2021-08,,,1,12,0.08333333333333333,ETB,ETB,True,incomplete fixed price basket
ETH,2021-09,,,1,12,0.08333333333333333,ETB,ETB,True,incomplete fixed price basket
ETH,2021-10,,,2,12,0.16666666666666666,ETB,ETB,True,incomplete fixed price basket
ETH,2021-11,,,2,12,0.16666666666666666,ETB,ETB,True,incomplete fixed price basket
ETH,2021-12,,,1,12,0.08333333333333333,ETB,ETB,True,incomplete fixed price basket
ETH,2022-01,,,2,12,0.16666666666666666,ETB,ETB,True,incomplete fixed price basket
ETH,2022-02,,,4,12,0.3333333333333333,ETB,ETB,True,incomplete fixed price basket
ETH,2022-03,,,4,12,0.3333333333333333,ETB,ETB,True,incomplete fixed price basket
ETH,2022-04,,,2,12,0.16666666666666666,ETB,ETB,True,incomplete fixed price basket
ETH,2022-05,,,0,12,0.0,ETB,ETB,True,incomplete fixed price basket
ETH,2022-06,,,3,12,0.25,ETB,ETB,True,incomplete fixed price basket
ETH,2022-07,,,5,12,0.4166666666666667,ETB,ETB,True,incomplete fixed price basket
ETH,2022-08,,,3,12,0.25,ETB,ETB,True,incomplete fixed price basket
ETH,2022-09,,,2,12,0.16666666666666666,ETB,ETB,True,incomplete fixed price basket
ETH,2022-10,,,3,12,0.25,ETB,ETB,True,incomplete fixed price basket
ETH,2022-11,,,2,12,0.16666666666666666,ETB,ETB,True,incomplete fixed price basket
ETH,2022-12,,,1,12,0.08333333333333333,ETB,ETB,True,incomplete fixed price basket
ETH,2023-01,,,1,12,0.08333333333333333,ETB,ETB,True,incomplete fixed price basket
ETH,2023-02,,,4,12,0.3333333333333333,ETB,ETB,True,incomplete fixed price basket
ETH,2023-03,,,4,12,0.3333333333333333,ETB,ETB,True,incomplete fixed price basket
ETH,2023-04,,,3,12,0.25,ETB,ETB,True,incomplete fixed price basket
ETH,2023-05,,,3,12,0.25,ETB,ETB,True,incomplete fixed price basket
ETH,2023-06,,,4,12,0.3333333333333333,ETB,ETB,True,incomplete fixed price basket
ETH,2023-07,,,3,12,0.25,ETB,ETB,True,incomplete fixed price basket
ETH,2023-08,,,2,12,0.16666666666666666,ETB,ETB,True,incomplete fixed price basket
ETH,2023-09,,,2,12,0.16666666666666666,ETB,ETB,True,incomplete fixed price basket
ETH,2023-10,,,3,12,0.25,ETB,ETB,True,incomplete fixed price basket
ETH,2023-11,,,3,12,0.25,ETB,ETB,True,incomplete fixed price basket
ETH,2023-12,,,1,12,0.08333333333333333,ETB,ETB,True,incomplete fixed price basket
ETH,2024-01,,,2,12,0.16666666666666666,ETB,ETB,True,incomplete fixed price basket
ETH,2024-02,,,2,12,0.16666666666666666,ETB,ETB,True,incomplete fixed price basket
ETH,2024-03,,,3,12,0.25,ETB,ETB,True,incomplete fixed price basket
ETH,2024-04,,,1,12,0.08333333333333333,ETB,ETB,True,incomplete fixed price basket
ETH,2024-05,,,4,12,0.3333333333333333,ETB,ETB,True,incomplete fixed price basket
ETH,2024-06,,,3,12,0.25,ETB,ETB,True,incomplete fixed price basket
ETH,2024-07,,,3,12,0.25,ETB,ETB,True,incomplete fixed price basket
ETH,2024-08,,,0,12,0.0,ETB,ETB,True,incomplete fixed price basket
ETH,2024-09,,,2,12,0.16666666666666666,ETB,ETB,True,incomplete fixed price basket
ETH,2024-10,,,3,12,0.25,ETB,ETB,True,incomplete fixed price basket
ETH,2024-11,,,1,12,0.08333333333333333,ETB,ETB,True,incomplete fixed price basket
ETH,2024-12,,,0,12,0.0,ETB,ETB,True,incomplete fixed price basket
ETH,2025-01,,,2,12,0.16666666666666666,ETB,ETB,True,incomplete fixed price basket
ETH,2025-02,,,2,12,0.16666666666666666,ETB,ETB,True,incomplete fixed price basket
ETH,2025-03,,,2,12,0.16666666666666666,ETB,ETB,True,incomplete fixed price basket
ETH,2025-04,,,1,12,0.08333333333333333,ETB,ETB,True,incomplete fixed price basket
ETH,2025-05,,,5,12,0.4166666666666667,ETB,ETB,True,incomplete fixed price basket
ETH,2025-06,,,3,12,0.25,ETB,ETB,True,incomplete fixed price basket
ETH,2025-07,,,3,12,0.25,ETB,ETB,True,incomplete fixed price basket
ETH,2025-08,,,2,12,0.16666666666666666,ETB,ETB,True,incomplete fixed price basket
ETH,2025-09,,,2,12,0.16666666666666666,ETB,ETB,True,incomplete fixed price basket
ETH,2025-10,,,2,12,0.16666666666666666,ETB,ETB,True,incomplete fixed price basket
ETH,2025-11,,,1,12,0.08333333333333333,ETB,ETB,True,incomplete fixed price basket
ETH,2025-12,,,0,12,0.0,ETB,ETB,True,incomplete fixed price basket
ETH,2026-01,,,3,12,0.25,ETB,ETB,True,incomplete fixed price basket
ETH,2026-02,,,2,12,0.16666666666666666,ETB,ETB,True,incomplete fixed price basket
ETH,2026-03,,,3,12,0.25,ETB,ETB,True,incomplete fixed price basket
ETH,2026-04,,,3,12,0.25,ETB,ETB,True,incomplete fixed price basket
ETH,2026-05,,,3,12,0.25,ETB,ETB,True,incomplete fixed price basket
ETH,2026-06,,,5,12,0.4166666666666667,ETB,ETB,True,incomplete fixed price basket
ETH,2026-07,,,3,12,0.25,ETB,ETB,True,incomplete fixed price basket
ETH,2026-08,,,0,12,0.0,ETB,ETB,True,incomplete fixed price basket
SOM,2015-01,,,30,84,0.35714285714285715,SLS;SOS,SOS,False,incomplete fixed price basket
SOM,2015-02,,,44,84,0.5238095238095238,SLS;SOS,SOS,False,incomplete fixed price basket
SOM,2015-03,,,30,84,0.35714285714285715,SLS;SOS,SOS,False,incomplete fixed price basket
SOM,2015-04,,,30,84,0.35714285714285715,SLS;SOS,SOS,False,incomplete fixed price basket
SOM,2015-05,,,30,84,0.35714285714285715,SLS;SOS,SOS,False,incomplete fixed price basket
SOM,2015-06,,,30,84,0.35714285714285715,SLS;SOS,SOS,False,incomplete fixed price basket
SOM,2015-07,,,45,84,0.5357142857142857,SLS;SOS,SOS,False,incomplete fixed price basket
SOM,2015-08,,,45,84,0.5357142857142857,SLS;SOS,SOS,False,incomplete fixed price basket
SOM,2015-09,,,42,84,0.5,SLS;SOS,SOS,False,incomplete fixed price basket
SOM,2015-10,,,39,84,0.4642857142857143,SLS;SOS,SOS,False,incomplete fixed price basket
SOM,2015-11,,,36,84,0.42857142857142855,SLS;SOS,SOS,False,incomplete fixed price basket
SOM,2015-12,,,37,84,0.44047619047619047,SLS;SOS,SOS,False,incomplete fixed price basket
SOM,2016-01,,,35,84,0.4166666666666667,SLS;SOS,SOS,False,incomplete fixed price basket
SOM,2016-02,,,35,84,0.4166666666666667,SLS;SOS,SOS,False,incomplete fixed price basket
SOM,2016-03,,,30,84,0.35714285714285715,SLS;SOS,SOS,False,incomplete fixed price basket
SOM,2016-04,,,31,84,0.36904761904761907,SLS;SOS,SOS,False,incomplete fixed price basket
SOM,2016-05,,,29,84,0.34523809523809523,SLS;SOS,SOS,False,incomplete fixed price basket
SOM,2016-06,,,38,84,0.4523809523809524,SLS;SOS,SOS,False,incomplete fixed price basket
SOM,2016-07,,,38,84,0.4523809523809524,SLS;SOS,SOS,False,incomplete fixed price basket
SOM,2016-08,,,38,84,0.4523809523809524,SLS;SOS,SOS,False,incomplete fixed price basket
SOM,2016-09,,,37,84,0.44047619047619047,SLS;SOS,SOS,False,incomplete fixed price basket
SOM,2016-10,,,34,84,0.40476190476190477,SLS;SOS,SOS,False,incomplete fixed price basket
SOM,2016-11,,,38,84,0.4523809523809524,SLS;SOS,SOS,False,incomplete fixed price basket
SOM,2016-12,,,42,84,0.5,SLS;SOS,SOS,False,incomplete fixed price basket
SOM,2017-01,,,38,84,0.4523809523809524,SLS;SOS,SOS,False,incomplete fixed price basket
SOM,2017-02,,,30,84,0.35714285714285715,SLS;SOS,SOS,False,incomplete fixed price basket
SOM,2017-03,,,38,84,0.4523809523809524,SLS;SOS,SOS,False,incomplete fixed price basket
SOM,2017-04,,,34,84,0.40476190476190477,SLS;SOS,SOS,False,incomplete fixed price basket
SOM,2017-05,,,38,84,0.4523809523809524,SLS;SOS,SOS,False,incomplete fixed price basket
SOM,2017-06,,,39,84,0.4642857142857143,SLS;SOS,SOS,False,incomplete fixed price basket
SOM,2017-07,,,39,84,0.4642857142857143,SLS;SOS,SOS,False,incomplete fixed price basket
SOM,2017-08,,,39,84,0.4642857142857143,SLS;SOS,SOS,False,incomplete fixed price basket
SOM,2017-09,,,39,84,0.4642857142857143,SLS;SOS,SOS,False,incomplete fixed price basket
SOM,2017-10,,,37,84,0.44047619047619047,SLS;SOS,SOS,False,incomplete fixed price basket
SOM,2017-11,,,36,84,0.42857142857142855,SLS;SOS,SOS,False,incomplete fixed price basket
SOM,2017-12,,,39,84,0.4642857142857143,SLS;SOS,SOS,False,incomplete fixed price basket
SOM,2018-01,,,35,84,0.4166666666666667,SLS;SOS,SOS,False,incomplete fixed price basket
SOM,2018-02,,,33,84,0.39285714285714285,SLS;SOS,SOS,False,incomplete fixed price basket
SOM,2018-03,,,33,84,0.39285714285714285,SLS;SOS,SOS,False,incomplete fixed price basket
SOM,2018-04,,,20,84,0.23809523809523808,SLS;SOS,SOS,False,incomplete fixed price basket
SOM,2018-05,-0.007897305460365052,-0.7866203670895078,67,84,0.7976190476190477,SLS;SOS,SOS,False,eligible
SOM,2018-06,-0.004889985294191792,-0.4878048780487809,67,84,0.7976190476190477,SLS;SOS,SOS,False,eligible
SOM,2018-07,-0.07956707010039336,-7.648392242464952,67,84,0.7976190476190477,SLS;SOS,SOS,False,eligible
SOM,2018-08,-0.09772689080275512,-9.310344827586203,67,84,0.7976190476190477,SLS;SOS,SOS,False,eligible
SOM,2018-09,-0.02059887883122096,-2.038817118716707,67,84,0.7976190476190477,SLS;SOS,SOS,False,eligible
SOM,2018-10,-0.061164823082989636,-5.933181683211332,68,84,0.8095238095238095,SLS;SOS,SOS,False,eligible
SOM,2018-11,-0.0662493855412006,-6.41025641025641,65,84,0.7738095238095238,SLS;SOS,SOS,False,eligible
SOM,2018-12,0.0,0.0,61,84,0.7261904761904762,SLS;SOS,SOS,False,eligible
SOM,2019-01,-0.022805255626026137,-2.2547181323388106,72,84,0.8571428571428571,SLS;SOS,SOS,False,eligible
SOM,2019-02,-0.04255961441879589,-4.1666666666666625,75,84,0.8928571428571429,SLS;SOS,SOS,False,eligible
SOM,2019-03,0.0,0.0,72,84,0.8571428571428571,SLS;SOS,SOS,False,eligible
SOM,2019-04,,,20,84,0.23809523809523808,SLS;SOS,SOS,False,incomplete fixed price basket
SOM,2019-05,-0.03822121282019774,-3.749999999999998,79,84,0.9404761904761905,SLS;SOS,SOS,False,eligible
SOM,2019-06,-0.02481516911972402,-2.450980392156865,79,84,0.9404761904761905,SLS;SOS,SOS,False,eligible
SOM,2019-07,0.0,0.0,72,84,0.8571428571428571,SLS;SOS,SOS,False,eligible
SOM,2019-08,0.0262998302926062,2.6648722718051845,72,84,0.8571428571428571,SLS;SOS,SOS,False,eligible
SOM,2019-09,,,18,84,0.21428571428571427,SLS;SOS,SOS,False,incomplete fixed price basket
SOM,2019-10,0.04879016416943205,5.000000000000004,77,84,0.9166666666666666,SLS;SOS,SOS,False,eligible
SOM,2019-11,0.03922071315328133,4.0000000000000036,79,84,0.9404761904761905,SLS;SOS,SOS,False,eligible
SOM,2019-12,0.050693114315518165,5.200000000000005,79,84,0.9404761904761905,SLS;SOS,SOS,False,eligible
SOM,2020-01,0.037810002621486836,3.853389541466512,76,84,0.9047619047619048,SLS;SOS,SOS,False,eligible
SOM,2020-02,0.03278982282299097,3.3333333333333437,75,84,0.8928571428571429,SLS;SOS,SOS,False,eligible
SOM,2020-03,0.03822121282019767,3.8961038961038863,75,84,0.8928571428571429,SLS;SOS,SOS,False,eligible
SOM,2020-04,,,28,84,0.3333333333333333,SLS;SOS,SOS,False,incomplete fixed price basket
SOM,2020-05,,,20,84,0.23809523809523808,SLS;SOS,SOS,False,incomplete fixed price basket
SOM,2020-06,,,20,84,0.23809523809523808,SLS;SOS,SOS,False,incomplete fixed price basket
SOM,2020-07,,,20,84,0.23809523809523808,SLS;SOS,SOS,False,incomplete fixed price basket
SOM,2020-08,,,20,84,0.23809523809523808,SLS;SOS,SOS,False,incomplete fixed price basket
SOM,2020-09,,,18,84,0.21428571428571427,SLS;SOS,SOS,False,incomplete fixed price basket
SOM,2020-10,,,18,84,0.21428571428571427,SLS;SOS,SOS,False,incomplete fixed price basket
SOM,2020-11,,,3,84,0.03571428571428571,SLS;SOS,SOS,False,incomplete fixed price basket
SOM,2020-12,,,3,84,0.03571428571428571,SLS;SOS,SOS,False,incomplete fixed price basket
SOM,2021-01,,,0,84,0.0,SLS;SOS,SOS,False,incomplete fixed price basket
SOM,2021-02,,,0,84,0.0,SLS;SOS,SOS,False,incomplete fixed price basket
SOM,2021-03,,,0,84,0.0,SLS;SOS,SOS,False,incomplete fixed price basket
SOM,2021-04,,,0,84,0.0,SLS;SOS,SOS,False,incomplete fixed price basket
SOM,2021-05,,,0,84,0.0,SLS;SOS,SOS,False,incomplete fixed price basket
SOM,2021-06,,,0,84,0.0,SLS;SOS,SOS,False,incomplete fixed price basket
SOM,2021-07,,,0,84,0.0,SLS;SOS,SOS,False,incomplete fixed price basket
SOM,2021-08,,,0,84,0.0,SLS;SOS,SOS,False,incomplete fixed price basket
SOM,2021-09,,,0,84,0.0,SLS;SOS,SOS,False,incomplete fixed price basket
SOM,2021-10,,,0,84,0.0,SLS;SOS,SOS,False,incomplete fixed price basket
SOM,2021-11,,,0,84,0.0,SLS;SOS,SOS,False,incomplete fixed price basket
SOM,2021-12,,,0,84,0.0,SLS;SOS,SOS,False,incomplete fixed price basket
SOM,2022-01,,,0,84,0.0,SLS;SOS,SOS,False,incomplete fixed price basket
SOM,2022-02,,,0,84,0.0,SLS;SOS,SOS,False,incomplete fixed price basket
SOM,2022-03,,,0,84,0.0,SLS;SOS,SOS,False,incomplete fixed price basket
SOM,2022-04,,,0,84,0.0,SLS;SOS,SOS,False,incomplete fixed price basket
SOM,2022-05,,,0,84,0.0,SLS;SOS,SOS,False,incomplete fixed price basket
SOM,2022-06,,,0,84,0.0,SLS;SOS,SOS,False,incomplete fixed price basket
SOM,2022-07,,,0,84,0.0,SLS;SOS,SOS,False,incomplete fixed price basket
SOM,2022-08,,,0,84,0.0,SLS;SOS,SOS,False,incomplete fixed price basket
SOM,2022-09,,,0,84,0.0,SLS;SOS,SOS,False,incomplete fixed price basket
SOM,2022-10,,,0,84,0.0,SLS;SOS,SOS,False,incomplete fixed price basket
SOM,2022-11,,,0,84,0.0,SLS;SOS,SOS,False,incomplete fixed price basket
SOM,2022-12,,,0,84,0.0,SLS;SOS,SOS,False,incomplete fixed price basket
SOM,2023-01,,,0,84,0.0,SLS;SOS,SOS,False,incomplete fixed price basket
SOM,2023-02,,,0,84,0.0,SLS;SOS,SOS,False,incomplete fixed price basket
SOM,2023-03,,,0,84,0.0,SLS;SOS,SOS,False,incomplete fixed price basket
SOM,2023-04,,,0,84,0.0,SLS;SOS,SOS,False,incomplete fixed price basket
SOM,2023-05,,,0,84,0.0,SLS;SOS,SOS,False,incomplete fixed price basket
SOM,2023-06,,,0,84,0.0,SLS;SOS,SOS,False,incomplete fixed price basket
SOM,2023-07,,,0,84,0.0,SLS;SOS,SOS,False,incomplete fixed price basket
SOM,2023-08,,,0,84,0.0,SLS;SOS,SOS,False,incomplete fixed price basket
SOM,2023-09,,,0,84,0.0,SLS;SOS,SOS,False,incomplete fixed price basket
SOM,2023-10,,,0,84,0.0,SLS;SOS,SOS,False,incomplete fixed price basket
SOM,2023-11,,,0,84,0.0,SLS;SOS,SOS,False,incomplete fixed price basket
SOM,2023-12,,,0,84,0.0,SLS;SOS,SOS,False,incomplete fixed price basket
SOM,2024-01,,,0,84,0.0,SLS;SOS,SOS,False,incomplete fixed price basket
SOM,2024-02,,,0,84,0.0,SLS;SOS,SOS,False,incomplete fixed price basket
SOM,2024-03,,,0,84,0.0,SLS;SOS,SOS,False,incomplete fixed price basket
SOM,2024-04,,,0,84,0.0,SLS;SOS,SOS,False,incomplete fixed price basket
SOM,2024-05,,,0,84,0.0,SLS;SOS,SOS,False,incomplete fixed price basket
SOM,2024-06,,,0,84,0.0,SLS;SOS,SOS,False,incomplete fixed price basket
SOM,2024-07,,,0,84,0.0,SLS;SOS,SOS,False,incomplete fixed price basket
SOM,2024-08,,,0,84,0.0,SLS;SOS,SOS,False,incomplete fixed price basket
SOM,2024-09,,,0,84,0.0,SLS;SOS,SOS,False,incomplete fixed price basket
SOM,2024-10,,,0,84,0.0,SLS;SOS,SOS,False,incomplete fixed price basket
SOM,2024-11,,,0,84,0.0,SLS;SOS,SOS,False,incomplete fixed price basket
SOM,2024-12,,,0,84,0.0,SLS;SOS,SOS,False,incomplete fixed price basket
SOM,2025-01,,,0,84,0.0,SLS;SOS,SOS,False,incomplete fixed price basket
SOM,2025-02,,,0,84,0.0,SLS;SOS,SOS,False,incomplete fixed price basket
SOM,2025-03,,,0,84,0.0,SLS;SOS,SOS,False,incomplete fixed price basket
SOM,2025-04,,,0,84,0.0,SLS;SOS,SOS,False,incomplete fixed price basket
SOM,2025-05,,,0,84,0.0,SLS;SOS,SOS,False,incomplete fixed price basket
SOM,2025-06,,,0,84,0.0,SLS;SOS,SOS,False,incomplete fixed price basket
SOM,2025-07,,,0,84,0.0,SLS;SOS,SOS,False,incomplete fixed price basket
SOM,2025-08,,,0,84,0.0,SLS;SOS,SOS,False,incomplete fixed price basket
SOM,2025-09,,,0,84,0.0,SLS;SOS,SOS,False,incomplete fixed price basket
SOM,2025-10,,,0,84,0.0,SLS;SOS,SOS,False,incomplete fixed price basket
SOM,2025-11,,,0,84,0.0,SLS;SOS,SOS,False,incomplete fixed price basket
SOM,2025-12,,,0,84,0.0,SLS;SOS,SOS,False,incomplete fixed price basket
SOM,2026-01,,,0,84,0.0,SLS;SOS,SOS,False,incomplete fixed price basket
SOM,2026-02,,,0,84,0.0,SLS;SOS,SOS,False,incomplete fixed price basket
SOM,2026-03,,,0,84,0.0,SLS;SOS,SOS,False,incomplete fixed price basket
SOM,2026-04,,,0,84,0.0,SLS;SOS,SOS,False,incomplete fixed price basket
SOM,2026-05,,,0,84,0.0,SLS;SOS,SOS,False,incomplete fixed price basket
SOM,2026-06,,,0,84,0.0,SLS;SOS,SOS,False,incomplete fixed price basket
SOM,2026-07,,,0,84,0.0,SLS;SOS,SOS,False,incomplete fixed price basket
SOM,2026-08,,,0,84,0.0,SLS;SOS,SOS,False,incomplete fixed price basket
YEM,2015-01,,,24,102,0.23529411764705882,YER,YER,True,incomplete fixed price basket
YEM,2015-02,,,24,102,0.23529411764705882,YER,YER,True,incomplete fixed price basket
YEM,2015-03,,,24,102,0.23529411764705882,YER,YER,True,incomplete fixed price basket
YEM,2015-04,,,0,102,0.0,YER,YER,True,incomplete fixed price basket
YEM,2015-05,,,14,102,0.13725490196078433,YER,YER,True,incomplete fixed price basket
YEM,2015-06,,,14,102,0.13725490196078433,YER,YER,True,incomplete fixed price basket
YEM,2015-07,,,14,102,0.13725490196078433,YER,YER,True,incomplete fixed price basket
YEM,2015-08,,,14,102,0.13725490196078433,YER,YER,True,incomplete fixed price basket
YEM,2015-09,,,14,102,0.13725490196078433,YER,YER,True,incomplete fixed price basket
YEM,2015-10,,,14,102,0.13725490196078433,YER,YER,True,incomplete fixed price basket
YEM,2015-11,,,16,102,0.1568627450980392,YER,YER,True,incomplete fixed price basket
YEM,2015-12,,,16,102,0.1568627450980392,YER,YER,True,incomplete fixed price basket
YEM,2016-01,,,16,102,0.1568627450980392,YER,YER,True,incomplete fixed price basket
YEM,2016-02,,,28,102,0.27450980392156865,YER,YER,True,incomplete fixed price basket
YEM,2016-03,,,28,102,0.27450980392156865,YER,YER,True,incomplete fixed price basket
YEM,2016-04,,,28,102,0.27450980392156865,YER,YER,True,incomplete fixed price basket
YEM,2016-05,,,26,102,0.2549019607843137,YER,YER,True,incomplete fixed price basket
YEM,2016-06,,,26,102,0.2549019607843137,YER,YER,True,incomplete fixed price basket
YEM,2016-07,,,25,102,0.24509803921568626,YER,YER,True,incomplete fixed price basket
YEM,2016-08,,,25,102,0.24509803921568626,YER,YER,True,incomplete fixed price basket
YEM,2016-09,,,25,102,0.24509803921568626,YER,YER,True,incomplete fixed price basket
YEM,2016-10,,,25,102,0.24509803921568626,YER,YER,True,incomplete fixed price basket
YEM,2016-11,,,41,102,0.4019607843137255,YER,YER,True,incomplete fixed price basket
YEM,2016-12,,,41,102,0.4019607843137255,YER,YER,True,incomplete fixed price basket
YEM,2017-01,,,41,102,0.4019607843137255,YER,YER,True,incomplete fixed price basket
YEM,2017-02,,,41,102,0.4019607843137255,YER,YER,True,incomplete fixed price basket
YEM,2017-03,,,41,102,0.4019607843137255,YER,YER,True,incomplete fixed price basket
YEM,2017-04,,,41,102,0.4019607843137255,YER,YER,True,incomplete fixed price basket
YEM,2017-05,,,31,102,0.30392156862745096,YER,YER,True,incomplete fixed price basket
YEM,2017-06,0.0,0.0,95,102,0.9313725490196079,YER,YER,True,eligible
YEM,2017-07,0.08024353105005229,8.355091383812008,101,102,0.9901960784313726,YER,YER,True,eligible
YEM,2017-08,0.09994044818848707,10.510510510510507,101,102,0.9901960784313726,YER,YER,True,eligible
YEM,2017-09,0.125163142954006,13.33333333333333,101,102,0.9901960784313726,YER,YER,True,eligible
YEM,2017-10,0.13185213110480254,14.093959731543615,101,102,0.9901960784313726,YER,YER,True,eligible
YEM,2017-11,0.1823215567939546,19.999999999999996,101,102,0.9901960784313726,YER,YER,True,eligible
YEM,2017-12,0.22314355131420976,25.0,101,102,0.9901960784313726,YER,YER,True,eligible
YEM,2018-01,0.23638877806423034,26.66666666666666,101,102,0.9901960784313726,YER,YER,True,eligible
YEM,2018-02,0.15113301533793755,16.315136476426794,101,102,0.9901960784313726,YER,YER,True,eligible
YEM,2018-03,0.17824823140631876,19.512195121951216,101,102,0.9901960784313726,YER,YER,True,eligible
YEM,2018-04,0.24846135929849972,28.205128205128215,101,102,0.9901960784313726,YER,YER,True,eligible
YEM,2018-05,0.23638877806423034,26.66666666666666,101,102,0.9901960784313726,YER,YER,True,eligible
YEM,2018-06,0.24116205681688804,27.27272727272727,101,102,0.9901960784313726,YER,YER,True,eligible
YEM,2018-07,0.2767757062300049,31.887052341597787,101,102,0.9901960784313726,YER,YER,True,eligible
YEM,2018-08,0.33308813863697234,39.527027027027025,101,102,0.9901960784313726,YER,YER,True,eligible
YEM,2018-09,0.4843923666978352,62.318840579710155,101,102,0.9901960784313726,YER,YER,True,eligible
YEM,2018-10,0.6286086594223741,87.49999999999999,99,102,0.9705882352941176,YER,YER,True,eligible
YEM,2018-11,0.5355182363563621,70.83333333333331,99,102,0.9705882352941176,YER,YER,True,eligible
YEM,2018-12,0.3074846997479607,36.00000000000001,99,102,0.9705882352941176,YER,YER,True,eligible
YEM,2019-01,0.26236426446749106,30.0,99,102,0.9705882352941176,YER,YER,True,eligible
YEM,2019-02,0.28768207245178085,33.33333333333332,99,102,0.9705882352941176,YER,YER,True,eligible
YEM,2019-03,0.28768207245178085,33.33333333333332,99,102,0.9705882352941176,YER,YER,True,eligible
YEM,2019-04,0.22314355131420976,25.0,99,102,0.9705882352941176,YER,YER,True,eligible
YEM,2019-05,0.22054276961415237,24.675324675324674,99,102,0.9705882352941176,YER,YER,True,eligible
YEM,2019-06,0.1773954085724488,19.410315841688337,92,102,0.9019607843137255,YER,YER,True,eligible
YEM,2019-07,0.20763936477824455,23.07692307692308,99,102,0.9705882352941176,YER,YER,True,eligible
YEM,2019-08,0.14378789279171164,15.463917525773185,99,102,0.9705882352941176,YER,YER,True,eligible
YEM,2019-09,-0.011552896327642271,-1.1486417873371493,98,102,0.9607843137254902,YER,YER,True,eligible
YEM,2019-10,-0.14937150990560294,-13.87509071122339,98,102,0.9607843137254902,YER,YER,True,eligible
YEM,2019-11,-0.11715842595616752,-11.055572905824445,98,102,0.9607843137254902,YER,YER,True,eligible
YEM,2019-12,0.04157817917340797,4.245465690921627,92,102,0.9019607843137255,YER,YER,True,eligible
YEM,2020-01,0.0425596144187959,4.347826086956519,99,102,0.9705882352941176,YER,YER,True,eligible
YEM,2020-02,0.023609865639133667,2.3890784982935065,99,102,0.9705882352941176,YER,YER,True,eligible
YEM,2020-03,0.0425596144187959,4.347826086956519,97,102,0.9509803921568627,YER,YER,True,eligible
YEM,2020-04,0.08961215868968714,9.375,95,102,0.9313725490196079,YER,YER,True,eligible
YEM,2020-05,0.10821358464023279,11.428571428571432,95,102,0.9313725490196079,YER,YER,True,eligible
YEM,2020-06,0.12280820358313423,13.066754216661364,88,102,0.8627450980392157,YER,YER,True,eligible
YEM,2020-07,0.17095779814363948,18.644067796610166,95,102,0.9313725490196079,YER,YER,True,eligible
YEM,2020-08,0.15415067982725836,16.666666666666675,95,102,0.9313725490196079,YER,YER,True,eligible
YEM,2020-09,0.15620804688348833,16.906939903596356,94,102,0.9215686274509803,YER,YER,True,eligible
YEM,2020-10,0.15889005180453025,17.22090573247053,94,102,0.9215686274509803,YER,YER,True,eligible
YEM,2020-11,0.16833531481921474,18.333333333333336,90,102,0.8823529411764706,YER,YER,True,eligible
YEM,2020-12,0.21671948007528524,24.199564874010797,88,102,0.8627450980392157,YER,YER,True,eligible
YEM,2021-01,0.1823215567939546,19.999999999999996,95,102,0.9313725490196079,YER,YER,True,eligible
YEM,2021-02,0.20763936477824455,23.07692307692308,95,102,0.9313725490196079,YER,YER,True,eligible
YEM,2021-03,0.2451224580329849,27.777777777777768,93,102,0.9117647058823529,YER,YER,True,eligible
YEM,2021-04,0.2324459439765233,26.16822429906542,97,102,0.9509803921568627,YER,YER,True,eligible
YEM,2021-05,0.26826398659467937,30.76923076923077,97,102,0.9509803921568627,YER,YER,True,eligible
YEM,2021-06,0.28768207245178085,33.33333333333332,97,102,0.9509803921568627,YER,YER,True,eligible
YEM,2021-07,0.22746668816236867,25.541561885631168,96,102,0.9411764705882353,YER,YER,True,eligible
YEM,2021-08,0.2814124594381855,32.49999999999999,95,102,0.9313725490196079,YER,YER,True,eligible
YEM,2021-09,0.3060108178737884,35.79969971085518,96,102,0.9411764705882353,YER,YER,True,eligible
YEM,2021-10,0.37106368139083196,44.927536231884055,96,102,0.9411764705882353,YER,YER,True,eligible
YEM,2021-11,0.47443934093944545,60.71129024396883,92,102,0.9019607843137255,YER,YER,True,eligible
YEM,2021-12,0.46277602282813135,58.84775198670267,92,102,0.9019607843137255,YER,YER,True,eligible
YEM,2022-01,0.43266261755440716,54.135610647412946,94,102,0.9215686274509803,YER,YER,True,eligible
YEM,2022-02,0.41985384556026406,52.17391304347827,95,102,0.9313725490196079,YER,YER,True,eligible
YEM,2022-03,0.4767986723785643,61.090909090909086,95,102,0.9313725490196079,YER,YER,True,eligible
YEM,2022-04,0.4216039375678392,52.44046456927123,92,102,0.9019607843137255,YER,YER,True,eligible
YEM,2022-05,0.39751795912188387,48.81265191723691,92,102,0.9019607843137255,YER,YER,True,eligible
YEM,2022-06,0.42269864331001383,52.607433395366975,92,102,0.9019607843137255,YER,YER,True,eligible
YEM,2022-07,0.4028744287371656,49.61190103141047,92,102,0.9019607843137255,YER,YER,True,eligible
YEM,2022-08,0.34240697214102755,40.83333333333334,91,102,0.8921568627450981,YER,YER,True,eligible
YEM,2022-09,0.26563541949476177,30.425946442149655,92,102,0.9019607843137255,YER,YER,True,eligible
YEM,2022-10,0.15103540495194032,16.30378346515293,92,102,0.9019607843137255,YER,YER,True,eligible
YEM,2022-11,0.027575910037539925,2.7959644600815468,92,102,0.9019607843137255,YER,YER,True,eligible
YEM,2022-12,0.0,0.0,92,102,0.9019607843137255,YER,YER,True,eligible
YEM,2023-01,0.08004270767353636,8.333333333333325,91,102,0.8921568627450981,YER,YER,True,eligible
YEM,2023-02,0.029591384756738327,3.0033560537390134,88,102,0.8627450980392157,YER,YER,True,eligible
YEM,2023-03,-0.05973256091968416,-5.798356809278892,88,102,0.8627450980392157,YER,YER,True,eligible
YEM,2023-04,-0.062412120158744394,-6.050437808810362,88,102,0.8627450980392157,YER,YER,True,eligible
YEM,2023-05,-0.050688226027125444,-4.942501112134946,88,102,0.8627450980392157,YER,YER,True,eligible
YEM,2023-06,-0.07966728743740228,-7.657647010911034,88,102,0.8627450980392157,YER,YER,True,eligible
YEM,2023-07,-0.11778303565638351,-11.111111111111116,88,102,0.8627450980392157,YER,YER,True,eligible
YEM,2023-08,-0.12565721414045306,-11.808289631180315,88,102,0.8627450980392157,YER,YER,True,eligible
YEM,2023-09,-0.11259751844427487,-10.64897908657336,88,102,0.8627450980392157,YER,YER,True,eligible
YEM,2023-10,-0.10536051565782628,-9.999999999999998,88,102,0.8627450980392157,YER,YER,True,eligible
YEM,2023-11,-0.058928530646981586,-5.722585379235409,88,102,0.8627450980392157,YER,YER,True,eligible
YEM,2023-12,-0.03348752834773223,-3.293302792081118,88,102,0.8627450980392157,YER,YER,True,eligible
YEM,2024-01,0.0,0.0,92,102,0.9019607843137255,YER,YER,True,eligible
YEM,2024-02,0.0,0.0,88,102,0.8627450980392157,YER,YER,True,eligible
YEM,2024-03,0.03209408195582861,3.2614651141208277,88,102,0.8627450980392157,YER,YER,True,eligible
YEM,2024-04,0.06001259453103658,6.184991996291664,88,102,0.8627450980392157,YER,YER,True,eligible
YEM,2024-05,0.08658274430157054,9.044159181288107,88,102,0.8627450980392157,YER,YER,True,eligible
YEM,2024-06,,,44,102,0.43137254901960786,YER,YER,True,incomplete fixed price basket
YEM,2024-07,,,44,102,0.43137254901960786,YER,YER,True,incomplete fixed price basket
YEM,2024-08,,,44,102,0.43137254901960786,YER,YER,True,incomplete fixed price basket
YEM,2024-09,,,44,102,0.43137254901960786,YER,YER,True,incomplete fixed price basket
YEM,2024-10,,,44,102,0.43137254901960786,YER,YER,True,incomplete fixed price basket
YEM,2024-11,,,44,102,0.43137254901960786,YER,YER,True,incomplete fixed price basket
YEM,2024-12,,,44,102,0.43137254901960786,YER,YER,True,incomplete fixed price basket
YEM,2025-01,,,44,102,0.43137254901960786,YER,YER,True,incomplete fixed price basket
YEM,2025-02,,,44,102,0.43137254901960786,YER,YER,True,incomplete fixed price basket
YEM,2025-03,,,44,102,0.43137254901960786,YER,YER,True,incomplete fixed price basket
YEM,2025-04,,,44,102,0.43137254901960786,YER,YER,True,incomplete fixed price basket
YEM,2025-05,,,44,102,0.43137254901960786,YER,YER,True,incomplete fixed price basket
YEM,2025-06,,,44,102,0.43137254901960786,YER,YER,True,incomplete fixed price basket
YEM,2025-07,,,44,102,0.43137254901960786,YER,YER,True,incomplete fixed price basket
YEM,2025-08,,,44,102,0.43137254901960786,YER,YER,True,incomplete fixed price basket
YEM,2025-09,,,44,102,0.43137254901960786,YER,YER,True,incomplete fixed price basket
YEM,2025-10,,,44,102,0.43137254901960786,YER,YER,True,incomplete fixed price basket
YEM,2025-11,,,44,102,0.43137254901960786,YER,YER,True,incomplete fixed price basket
YEM,2025-12,,,43,102,0.4215686274509804,YER,YER,True,incomplete fixed price basket
YEM,2026-01,,,0,102,0.0,YER,YER,True,incomplete fixed price basket
YEM,2026-02,,,44,102,0.43137254901960786,YER,YER,True,incomplete fixed price basket
YEM,2026-03,,,44,102,0.43137254901960786,YER,YER,True,incomplete fixed price basket
YEM,2026-04,,,44,102,0.43137254901960786,YER,YER,True,incomplete fixed price basket
YEM,2026-05,,,44,102,0.43137254901960786,YER,YER,True,incomplete fixed price basket
YEM,2026-06,,,44,102,0.43137254901960786,YER,YER,True,incomplete fixed price basket
YEM,2026-07,,,44,102,0.43137254901960786,YER,YER,True,incomplete fixed price basket
YEM,2026-08,,,0,102,0.0,YER,YER,True,incomplete fixed price basket
