country,month,official_fx,official_fx_log_yoy,official_fx_yoy_pct
ISR,2015-01,3.94213636364,,
ISR,2015-02,3.8955,,
ISR,2015-03,3.99486363636,,
ISR,2015-04,3.93222727273,,
ISR,2015-05,3.86435714286,,
ISR,2015-06,3.81531818182,,
ISR,2015-07,3.78980434783,,
ISR,2015-08,3.83138961039,,
ISR,2015-09,3.90149173554,,
ISR,2015-10,3.86040909091,,
ISR,2015-11,3.88871428571,,
ISR,2015-12,3.87491304348,,
ISR,2016-01,3.94866666667,0.001655168554017875,0.1656539101547061
ISR,2016-02,3.9070952381,0.002972151260416826,0.2976572481067974
ISR,2016-03,3.86376521739,-0.033367292099519885,-3.2816744425712807
ISR,2016-04,3.7744952381,-0.04093933941136689,-4.011264448621055
ISR,2016-05,3.81647727273,-0.01246752312005751,-1.2390125539629704
ISR,2016-06,3.85586363636,0.010570948013684764,1.0627017881024825
ISR,2016-07,3.85683333333,0.017532072316659205,1.7686661196211872
ISR,2016-08,3.79445652174,-0.009686368379969782,-0.9639606619448071
ISR,2016-09,3.76338636364,-0.036039795588004346,-3.539809418073392
ISR,2016-10,3.81895887446,-0.010795320443863497,-1.0737260086658207
ISR,2016-11,3.84517561983,-0.011259308412164786,-1.1196159625301627
ISR,2016-12,3.82930681818,-0.011839422769273297,-1.176961257923903
ISR,2017-01,3.81621590909,-0.034118637251843185,-3.354315994763335
ISR,2017-02,3.7245,-0.04786157741499869,-4.673426854800589
ISR,2017-03,3.65106521739,-0.056623187561081395,-5.504992876965764
ISR,2017-04,3.65295,-0.032731601659947096,-3.2201719814907825
ISR,2017-05,3.59319565217,-0.060285856879340766,-5.850463781231485
ISR,2017-06,3.52845454545,-0.08873504284972915,-8.49119994344717
ISR,2017-07,3.54819047619,-0.08340871829815133,-8.002494027231332
ISR,2017-08,3.59954347826,-0.052734165738183465,-5.136784210420197
ISR,2017-09,3.5319047619,-0.06348186268314998,-6.150885914251647
ISR,2017-10,3.51027272727,-0.08428410498200337,-8.082992180261384
ISR,2017-11,3.51677272727,-0.08927554656035022,-8.540647424954784
ISR,2017-12,3.50107482993,-0.08961378377469979,-8.571577150509002
ISR,2018-01,3.42658385093,-0.10769552888534345,-10.209906028427774
ISR,2018-02,3.4953,-0.06351340572232586,-6.153846153846153
ISR,2018-03,3.46883333333,-0.051200643151003256,-4.991197724763463
ISR,2018-04,3.5381031746,-0.031944303183992696,-3.1439473685651365
ISR,2018-05,3.58589130435,-0.0020348967451510563,-0.20328277464068956
ISR,2018-06,3.60676190476,0.021950421268557615,2.2193104176722045
ISR,2018-07,3.64438636364,0.02675025260432463,2.711125236807854
ISR,2018-08,3.66145652174,0.017053999182698388,1.7200248824311481
ISR,2018-09,3.589275,0.016112914221148866,1.6243427263066268
ISR,2018-10,3.65723913043,0.04101479227446426,4.186751702176106
ISR,2018-11,3.70011363636,0.050819801495838396,5.213328335616496
ISR,2018-12,3.75497619048,0.07001192882770704,7.252097509583266
ISR,2019-01,3.68673913043,0.0731785598145956,7.59226363100356
ISR,2019-02,3.6257,0.03662816420097491,3.730724115240469
ISR,2019-03,3.61638095238,0.04165546660871254,4.253522866962234
ISR,2019-04,3.59447727273,0.0158078194761818,1.5933424026384868
ISR,2019-05,3.593,0.0019804445204920215,0.19824068959861663
ISR,2019-06,3.596575,-0.0028283868117687356,-0.2824390694200152
ISR,2019-07,3.54523913043,-0.027582387719206226,-2.720546707099736
ISR,2019-08,3.50845454545,-0.042685384933571005,-4.178718916407897
ISR,2019-09,3.52571428571,-0.01786718226418617,-1.7708510573862468
ISR,2019-10,3.51765217391,-0.03891475578978236,-3.8167303679589537
ISR,2019-11,3.48369047619,-0.060271318171561054,-5.849094958686374
ISR,2019-12,3.47337878788,-0.07795411015182684,-7.499312600541497
ISR,2020-01,3.46083333333,-0.0632329550112181,-6.127523242298171
ISR,2020-02,3.4335,-0.05446722403424895,-5.301045315387376
ISR,2020-03,3.55765909091,-0.016371019011581084,-1.623774216357221
ISR,2020-04,3.56997727273,-0.006839347042215367,-0.6816011937499922
ISR,2020-05,3.51866666667,-0.020905378157466365,-2.0688375544113513
ISR,2020-06,3.45968181818,-0.038805378938051326,-3.8062095693819797
ISR,2020-07,3.43210869565,-0.032430761050699496,-3.191052299094943
ISR,2020-08,3.402,-0.03081214610180713,-3.034229005134381
ISR,2020-09,3.42363636364,-0.029379799548960212,-2.8952409015027047
ISR,2020-10,3.39365909091,-0.035885053888399646,-3.524881849309658
ISR,2020-11,3.36247619048,-0.035414549531980775,-3.4794792057005086
ISR,2020-12,3.2477173913,-0.06717542584706782,-6.496884168447803
ISR,2021-01,3.22785714286,-0.06969091404488381,-6.731794571737759
ISR,2021-02,3.271225,-0.04841561658413391,-4.726226882190188
ISR,2021-03,3.31382608696,-0.07099933050295146,-6.853748426121154
ISR,2021-04,3.28052272727,-0.0845564518207781,-8.10802207820922
ISR,2021-05,3.25842857143,-0.0768370841143809,-7.395929194005879
ISR,2021-06,3.2485,-0.06298327343901454,-6.104082088424367
ISR,2021-07,3.27081818182,-0.04813469023100415,-4.6994582087224295
ISR,2021-08,3.22518181818,-0.05337416758486623,-5.197477419753094
ISR,2021-09,3.20690909091,-0.06539567720385067,-6.330323951214734
ISR,2021-10,3.21535714286,-0.05397027918641497,-5.253973462672967
ISR,2021-11,3.12168181818,-0.07430576312707772,-7.161221631301007
ISR,2021-12,3.13506521739,-0.03530243158238198,-3.468656916139723
ISR,2022-01,3.1344047619,-0.029379206363697945,-2.895183300373627
ISR,2022-02,3.21605,-0.017010634034915987,-1.6866770093772132
ISR,2022-03,3.24276086957,-0.021678352147723567,-2.1445065469682723
ISR,2022-04,3.24269047619,-0.011599398664646458,-1.1532384996303158
ISR,2022-05,3.37725,0.03581672300811921,3.6465868735570783
ISR,2022-06,3.40854545455,0.048092296039514086,4.926749408957987
ISR,2022-07,3.46452380952,0.05753503236784047,5.922237707270406
ISR,2022-08,3.30015217391,0.022979254326505456,2.324531141388686
ISR,2022-09,3.44618181818,0.07195932558120309,7.461163397123416
ISR,2022-10,3.53530952381,0.09486241734585307,9.950757154939517
ISR,2022-11,3.47668181818,0.10770643751493277,11.372075076087418
ISR,2022-12,3.45409090909,0.09690932245939445,10.17604641620804
ISR,2023-01,3.44361363636,0.09408210826274867,9.864995045265479
ISR,2023-02,3.5354625,0.09469022684292634,9.931826308670576
ISR,2023-03,3.61883695652,0.10972760429248976,11.597404251392396
ISR,2023-04,3.6348,0.11415070973526878,12.092104586889496
ISR,2023-05,3.66808695652,0.08260849203945632,8.611650204160192
ISR,2023-06,3.64586363636,0.067307627290433,6.962447324656007
ISR,2023-07,3.6700952381,0.057642417678019926,5.933612810370059
ISR,2023-08,3.7382173913,0.1246402837431071,13.274091445031244
ISR,2023-09,3.82142857143,0.10335742547802569,10.888768296275654
ISR,2023-10,3.97377272727,0.11691509728533617,12.402399295082622
ISR,2023-11,3.80922727273,0.09134801461972136,9.565024121881915
ISR,2023-12,3.67104761905,0.06091777679091615,6.28115228203876
ISR,2024-01,3.71069565217,0.0746979706576276,7.755864740166207
ISR,2024-02,3.64733333333,0.031152181670140285,3.164248901805644
ISR,2024-03,3.63057142857,0.003237362740591298,0.3242608658800883
ISR,2024-04,3.74488636364,0.02983718418243857,3.0286773313524806
ISR,2024-05,3.70302173913,0.00947891168766259,0.9523978854400816
ISR,2024-06,3.72675,0.021943265500007057,2.218578962562523
ISR,2024-07,3.67780434783,0.002098317340460315,0.21005203488917434
ISR,2024-08,3.732,-0.0016645814733190372,-0.16631968259710472
ISR,2024-09,3.73211904762,-0.023648142662835714,-2.3370716511019296
ISR,2024-10,3.76345652174,-0.054378129764800574,-5.29260780534091
ISR,2024-11,3.7219047619,-0.023190783002497987,-2.292394351346161
ISR,2024-12,3.62225,-0.013381696395336045,-1.3292559539891724
ISR,2025-01,3.6157826087,-0.02591104491824151,-2.5578234478620065
ISR,2025-02,3.57095,-0.02116464013852533,-2.0942240905703735
ISR,2025-03,3.65135714286,0.005708864221496078,0.5725190840877303
ISR,2025-04,3.699,-0.012328760171176546,-1.2253072372374718
ISR,2025-05,3.56690909091,-0.037449752690819044,-3.675718313551646
ISR,2025-06,3.49242857143,-0.06493918021711437,-6.287554264976181
ISR,2025-07,3.35243478261,-0.09262904688190128,-8.84684269330358
ISR,2025-08,3.40080952381,-0.09293078446491937,-8.87434287754556
ISR,2025-09,3.34172727273,-0.11048836078637551,-10.460324815709065
ISR,2025-10,3.2852826087,-0.13588514453059478,-12.705711100361539
ISR,2025-11,3.2535,-0.13450423005692314,-12.58508188320443
ISR,2025-12,3.22,-0.11771402016237763,-11.104976188832904
ISR,2026-01,3.14618181818,-0.13911872503549705,-12.987528326235243
ISR,2026-02,3.10105,-0.1410909030147388,-13.158963301082348
ISR,2026-03,3.111775,-0.15990561551702162,-14.777577808709253
ISR,2026-04,,,
ISR,2026-05,,,
ISR,2026-06,,,
ISR,2026-07,,,
ISR,2026-08,,,
PSE,2015-01,,,
PSE,2015-02,,,
PSE,2015-03,,,
PSE,2015-04,,,
PSE,2015-05,,,
PSE,2015-06,,,
PSE,2015-07,,,
PSE,2015-08,,,
PSE,2015-09,,,
PSE,2015-10,,,
PSE,2015-11,,,
PSE,2015-12,,,
PSE,2016-01,,,
PSE,2016-02,,,
PSE,2016-03,,,
PSE,2016-04,,,
PSE,2016-05,,,
PSE,2016-06,,,
PSE,2016-07,,,
PSE,2016-08,,,
PSE,2016-09,,,
PSE,2016-10,,,
PSE,2016-11,,,
PSE,2016-12,,,
PSE,2017-01,,,
PSE,2017-02,,,
PSE,2017-03,,,
PSE,2017-04,,,
PSE,2017-05,,,
PSE,2017-06,,,
PSE,2017-07,,,
PSE,2017-08,,,
PSE,2017-09,,,
PSE,2017-10,,,
PSE,2017-11,,,
PSE,2017-12,,,
PSE,2018-01,,,
PSE,2018-02,,,
PSE,2018-03,,,
PSE,2018-04,,,
PSE,2018-05,,,
PSE,2018-06,,,
PSE,2018-07,,,
PSE,2018-08,,,
PSE,2018-09,,,
PSE,2018-10,,,
PSE,2018-11,,,
PSE,2018-12,,,
PSE,2019-01,,,
PSE,2019-02,,,
PSE,2019-03,,,
PSE,2019-04,,,
PSE,2019-05,,,
PSE,2019-06,,,
PSE,2019-07,,,
PSE,2019-08,,,
PSE,2019-09,,,
PSE,2019-10,,,
PSE,2019-11,,,
PSE,2019-12,,,
PSE,2020-01,,,
PSE,2020-02,,,
PSE,2020-03,,,
PSE,2020-04,,,
PSE,2020-05,,,
PSE,2020-06,,,
PSE,2020-07,,,
PSE,2020-08,,,
PSE,2020-09,,,
PSE,2020-10,,,
PSE,2020-11,,,
PSE,2020-12,,,
PSE,2021-01,,,
PSE,2021-02,,,
PSE,2021-03,,,
PSE,2021-04,,,
PSE,2021-05,,,
PSE,2021-06,,,
PSE,2021-07,,,
PSE,2021-08,,,
PSE,2021-09,,,
PSE,2021-10,,,
PSE,2021-11,,,
PSE,2021-12,,,
PSE,2022-01,,,
PSE,2022-02,,,
PSE,2022-03,,,
PSE,2022-04,,,
PSE,2022-05,,,
PSE,2022-06,,,
PSE,2022-07,,,
PSE,2022-08,,,
PSE,2022-09,,,
PSE,2022-10,,,
PSE,2022-11,,,
PSE,2022-12,,,
PSE,2023-01,,,
PSE,2023-02,,,
PSE,2023-03,,,
PSE,2023-04,,,
PSE,2023-05,,,
PSE,2023-06,,,
PSE,2023-07,,,
PSE,2023-08,,,
PSE,2023-09,,,
PSE,2023-10,,,
PSE,2023-11,,,
PSE,2023-12,,,
PSE,2024-01,,,
PSE,2024-02,,,
PSE,2024-03,,,
PSE,2024-04,,,
PSE,2024-05,,,
PSE,2024-06,,,
PSE,2024-07,,,
PSE,2024-08,,,
PSE,2024-09,,,
PSE,2024-10,,,
PSE,2024-11,,,
PSE,2024-12,,,
PSE,2025-01,,,
PSE,2025-02,,,
PSE,2025-03,,,
PSE,2025-04,,,
PSE,2025-05,,,
PSE,2025-06,,,
PSE,2025-07,,,
PSE,2025-08,,,
PSE,2025-09,,,
PSE,2025-10,,,
PSE,2025-11,,,
PSE,2025-12,,,
PSE,2026-01,,,
PSE,2026-02,,,
PSE,2026-03,,,
PSE,2026-04,,,
PSE,2026-05,,,
PSE,2026-06,,,
PSE,2026-07,,,
PSE,2026-08,,,
LBN,2015-01,1511.47727272727,,
LBN,2015-02,1506.595,,
LBN,2015-03,1504.04545454546,,
LBN,2015-04,1507.43636363636,,
LBN,2015-05,1507.11904761905,,
LBN,2015-06,1507.47727272727,,
LBN,2015-07,1507.87391304348,,
LBN,2015-08,1508.41463203463,,
LBN,2015-09,1507.95330578512,,
LBN,2015-10,1507.85,,
LBN,2015-11,1506.91904761905,,
LBN,2015-12,1471.80434782609,,
LBN,2016-01,1511.52857142857,3.393887008474123e-05,0.0033939446014707997
LBN,2016-02,1509.59238095238,0.0019875303225627044,0.19895067701538593
LBN,2016-03,1509.06173913043,0.0033296453773258555,0.33351948039934687
LBN,2016-04,1508.61571428571,0.0007820493008663205,0.0782355181153438
LBN,2016-05,1510.59227272727,0.0023018945638962397,0.23045459572068605
LBN,2016-06,1513.25045454546,0.0038223827955145865,0.382969741742456
LBN,2016-07,1513.96428571429,0.004030911330594275,0.403904638055419
LBN,2016-08,1513.61413043478,0.0034410681958459703,0.34469954677758263
LBN,2016-09,1514.03863636364,0.0040273693115006936,0.40354900613794875
LBN,2016-10,1514.13428571429,0.004159051920052934,0.4167712779314936
LBN,2016-11,1514.08227272727,0.004742294208654072,0.47535566821177433
LBN,2016-12,1513.87340909091,0.028182442379583825,2.858332449347478
LBN,2017-01,1514.07272727273,0.0016817526122073908,0.1683167551213005
LBN,2017-02,1512.23375,0.0017481943737753828,0.17497233564160997
LBN,2017-03,1510.82108695652,0.0011651763505115664,0.11658554321998249
LBN,2017-04,1511.868,0.002153487506509681,0.21558079260959317
LBN,2017-05,1511.12826086957,0.00035475692868490455,0.035481986236596263
LBN,2017-06,1510.17090909091,-0.0020371269162602237,-0.20350533814805782
LBN,2017-07,1507.40333333333,-0.004343041642681281,-0.4333624275598136
LBN,2017-08,1506.65217391304,-0.004610168873055877,-0.4599558356223943
LBN,2017-09,1509.08666666667,-0.0032760627691875164,-0.32707023308622407
LBN,2017-10,1509.15409090909,-0.003294557904789709,-0.3289136803906745
LBN,2017-11,1510.68090909091,-0.0022490124783959716,-0.22464853447053956
LBN,2017-12,1512.1956462585,-0.001108872913100754,-0.11082583407139301
LBN,2018-01,1511.13136645963,-0.0019445707785829167,-0.19426813257498177
LBN,2018-02,1512.9725,0.0004883964620162223,0.048851574698693945
LBN,2018-03,1513.28946969697,0.0016324689474043316,0.16338021502084743
LBN,2018-04,1513.46722222222,0.001057219946688321,0.10577790006931487
LBN,2018-05,1514.13043478261,0.0019847392904718,0.19867101891883898
LBN,2018-06,1512.90833333333,0.001811017688312379,0.18126585712525678
LBN,2018-07,1513.23068181818,0.0038583659489523476,0.3865819025332895
LBN,2018-08,1511.67608695652,0.0033289405583411436,0.33344876345493546
LBN,2018-09,1510.4025,0.0008715602832095112,0.08719402022392408
LBN,2018-10,1510.775,0.0010734750371747825,0.10740514177274285
LBN,2018-11,1511.30340909091,0.000411980965658537,0.04120658414719092
LBN,2018-12,1508.85952380952,-0.0022085818479060226,-0.22061447255414812
LBN,2019-01,1509.76043478261,-0.0009076338123534211,-0.09072220373744777
LBN,2019-02,1510.90425,-0.001367946178707484,-0.13670109668220132
LBN,2019-03,1510.71642857143,-0.0017017438676024525,-0.17002967225134835
LBN,2019-04,1510.75704545455,-0.0017923125094572768,-0.17907072765610543
LBN,2019-05,1511.6647826087,-0.0016297551833581495,-0.16284278535514396
LBN,2019-06,1511.25375,-0.0010942426052781389,-0.10936441401471209
LBN,2019-07,1511.21630434783,-0.001332063532554707,-0.13311767297302657
LBN,2019-08,1511.31363636364,-0.00023979611430423217,-0.02397673655140098
LBN,2019-09,1510.76428571429,0.00023950065764679867,0.023952934021909122
LBN,2019-10,1511.70782608696,0.0006172581749854767,0.06174487180155008
LBN,2019-11,1513.74166666667,0.0016120474523333946,0.1613347499312967
LBN,2019-12,1511.6903030303,0.0018743475273138891,0.18761052146412105
LBN,2020-01,1512.66666666667,0.0019231119111903288,0.19249622768651165
LBN,2020-02,1513.4125,0.001658722139532023,0.16600985800390156
LBN,2020-03,1509.22727272727,-0.0009862143881807933,-0.09857282386001032
LBN,2020-04,1511.15909090909,0.00026608644235636276,0.026612184649388304
LBN,2020-05,1512.54761904762,0.0005838455417445719,0.058401601272750625
LBN,2020-06,1513.84090909091,0.0017104652999231024,0.17119289800999749
LBN,2020-07,1509.44565217391,-0.001172360497274379,-0.11716735511823062
LBN,2020-08,1512.08333333333,0.0005091603874932968,0.050929003164568165
LBN,2020-09,1513.80681818182,0.0020118776443178257,0.2013902828058578
LBN,2020-10,1512.23863636364,0.00035107121685052235,0.035113284956245217
LBN,2020-11,1513.85714285714,7.628235957997937e-05,0.007628526915315348
LBN,2020-12,1512.32608695652,0.0004204897418500925,0.04205781600541414
LBN,2021-01,1513.41666666667,0.0004956902588209737,0.04958131335390803
LBN,2021-02,1512.2,-0.0008014906501792292,-0.08011695423421061
LBN,2021-03,1514.71739130435,0.0036311012397821935,0.3637701674419791
LBN,2021-04,1515.25,0.0027034756106355325,0.2707133296236064
LBN,2021-05,1511.79190476191,-0.0004997549352438986,-0.049963007854636476
LBN,2021-06,1512.31818181818,-0.0010063763044194643,-0.10058700776188756
LBN,2021-07,1514.44181818182,0.0033044685711333638,0.33099343462379416
LBN,2021-08,1513.28454545455,0.0007940933020174597,0.07944086775772963
LBN,2021-09,1511.17204545455,-0.0017420111097195216,-0.17404946890346995
LBN,2021-10,1511.48396825397,-0.000499164919551313,-0.04990403574693936
LBN,2021-11,1509.93712121212,-0.0025927847589629163,-0.25894263956911523
LBN,2021-12,1511.05934782609,-0.0008379607773324366,-0.08376097862460297
LBN,2022-01,1510.67714285714,-0.0018117986620006306,-0.18101583455953918
LBN,2022-02,1510.3745,-0.0012079108203671097,-0.1207181589736872
LBN,2022-03,1509.46826086957,-0.0034714374776506044,-0.346541900483488
LBN,2022-04,1511.25071428571,-0.002642846256872525,-0.2639357013225485
LBN,2022-05,1511.06181818182,-0.0004830446069849596,-0.04829279597214908
LBN,2022-06,1509.40909090909,-0.0019254496155883245,-0.1923597126626042
LBN,2022-07,1508.18095238095,-0.004142676893593557,-0.4134107844688706
LBN,2022-08,1511.185,-0.0013883729098603415,-0.13874095660703079
LBN,2022-09,1511.38545454546,0.00014121093892477862,0.014122090965873468
LBN,2022-10,1513.83261904762,0.0015526647857919944,0.1553870793855161
LBN,2022-11,1517.66818181818,0.005107057648366065,0.5120120896063396
LBN,2022-12,1518.29818181818,0.004779130689736043,0.47905689491971604
LBN,2023-01,1517.37636363636,0.004424777630247255,0.44345814133057715
LBN,2023-02,15028.82375,2.297612307234359,895.0395580698695
LBN,2023-03,15027.8993478261,2.2981509863569425,895.5757094997728
LBN,2023-04,15043.2545,2.29799208914811,895.4175278659945
LBN,2023-05,15025.9089130435,2.2969633774193414,894.3940566987111
LBN,2023-06,15033.7461363636,2.2985791729318605,896.0020929322113
LBN,2023-07,15038.3376190476,2.2996985244297745,897.1175935690427
LBN,2023-08,15034.4189130435,2.297448055474863,894.8761344933612
LBN,2023-09,15045.5421428571,2.2980549944560766,895.480146881654
LBN,2023-10,15032.0568181818,2.295540448466362,892.9801108156028
LBN,2023-11,15030.1002272727,2.29287980619708,890.3416575068807
LBN,2023-12,15031.1469047619,2.2925344181619387,889.9996644112374
LBN,2024-01,15036.3810869565,2.293489903433317,890.946046564356
LBN,2024-02,48720.0073809524,1.1761198343429868,224.177115863458
LBN,2024-03,89539.3368253968,1.7847696162768063,495.82071155107474
LBN,2024-04,89533.1189393939,1.783678916106488,495.17120407285466
LBN,2024-05,89515.3297826087,1.7846339211286677,495.7398670565836
LBN,2024-06,89519.00425,1.7841535240839759,495.4537441168545
LBN,2024-07,89508.2586956522,1.7837281151884223,495.20048667002123
LBN,2024-08,89508.6656818182,1.7839932771102274,495.3583321013001
LBN,2024-09,89522.8076190476,1.783411682362931,495.0121754937805
LBN,2024-10,89535.762173913,1.7844530809139896,495.6321430718406
LBN,2024-11,89505.3835714286,1.7842439028839798,495.5075629437095
LBN,2024-12,89540.4479545455,1.7845659470874642,495.6993735865817
LBN,2025-01,89540.2432608696,1.7842154992435395,495.4906486012277
LBN,2025-02,89530.769,0.6084925790098419,83.76591838326158
LBN,2025-03,89547.8676190476,9.526971716067115e-05,0.009527425546429491
LBN,2025-04,89578.9263636364,0.000511494636373586,0.05116254720614055
LBN,2025-05,89590.295,0.0008371062813905528,0.08374567526407972
LBN,2025-06,89565.3952380952,0.0005180907914422583,0.051822502365683754
LBN,2025-07,89554.6230434783,0.0005178554975988267,0.05179896079059443
LBN,2025-08,89593.1123809524,0.0009430024235994564,0.09434471901792474
LBN,2025-09,89521.3004545455,-1.6835678295623777e-05,-0.0016835536576387256
LBN,2025-10,89560.6032608696,0.0002774047039490899,0.027744318419209435
LBN,2025-11,89598.675,0.0010417568172671357,0.10422996343784074
LBN,2025-12,89556.3913043478,0.00017804166628954997,0.017805751664767833
LBN,2026-01,89529.2556818182,-0.0001227185995387818,-0.012271106991945668
LBN,2026-02,89532.45,1.8775491800317012e-05,0.001877566806096631
LBN,2026-03,89576.00025,0.00031411370822214166,0.03141630470988588
LBN,2026-04,,,
LBN,2026-05,,,
LBN,2026-06,,,
LBN,2026-07,,,
LBN,2026-08,,,
UKR,2015-01,15.85727272727,,
UKR,2015-02,25.69675,,
UKR,2015-03,22.85090909091,,
UKR,2015-04,22.61604545455,,
UKR,2015-05,21.013,,
UKR,2015-06,21.211,,
UKR,2015-07,21.82417391304,,
UKR,2015-08,21.98270562771,,
UKR,2015-09,21.86319008264,,
UKR,2015-10,21.88218181818,,
UKR,2015-11,23.34223809524,,
UKR,2015-12,23.46273913043,,
UKR,2016-01,24.1399047619,0.42023802818983685,52.23238684913469
UKR,2016-02,26.41626190476,0.027615276994033322,2.800011303997585
UKR,2016-03,26.24468695652,0.13847266518629192,14.851828660768817
UKR,2016-04,25.5302,0.12120243491393691,12.885340858137152
UKR,2016-05,25.20225,0.18179198243439734,19.936467900823285
UKR,2016-06,24.92122727273,0.16120002617391946,17.491996005516008
UKR,2016-07,24.80435714286,0.1280010784647957,13.65542284301231
UKR,2016-08,25.14443478261,0.1343805546677843,14.382802592391197
UKR,2016-09,26.22279545455,0.18182468348683165,19.940390013677153
UKR,2016-10,25.75310822511,0.1628826375469928,17.689855788118813
UKR,2016-11,25.82069214876,0.10091167851896748,10.617893808672152
UKR,2016-12,26.24575,0.11209047728019715,11.861406522483042
UKR,2017-01,27.27995454545,0.1222858963300281,13.007714050744479
UKR,2017-02,27.053625,0.02384120564977261,2.412767928853521
UKR,2017-03,27.0337826087,0.029623724730613636,3.0066872334477024
UKR,2017-04,26.8197,0.04927462696506084,5.050880917501632
UKR,2017-05,26.39180434783,0.04612024433936623,4.720032329772139
UKR,2017-06,26.09997727273,0.04621450234064163,4.729903495923926
UKR,2017-07,25.95483333333,0.045338518904734254,4.638202005574521
UKR,2017-08,25.63743478261,0.01941698851732655,1.9606724281627574
UKR,2017-09,26.16404761905,-0.002242847886229442,-0.22403345822463727
UKR,2017-10,26.65697727273,0.034495600108304596,3.509747404931507
UKR,2017-11,26.71772727273,0.03415109614243067,3.4740940281613675
UKR,2017-12,27.5847585034,0.04975932088356954,5.101810782317129
UKR,2018-01,28.33587701863,0.037976574169233425,3.8706900021434176
UKR,2018-02,27.121345,0.0025000488333342128,0.250317656136656
UKR,2018-03,26.29174242424,-0.027832378007673044,-2.7448625861968723
UKR,2018-04,26.1380952381,-0.025742854276042986,-2.541433207306576
UKR,2018-05,26.16665942029,-0.008567461396675085,-0.8530865285779954
UKR,2018-06,26.23745238095,0.00525342667016736,0.5267250112268806
UKR,2018-07,26.4255,0.01797160516504121,1.8134066230569568
UKR,2018-08,27.57539130435,0.07287017601920152,7.559089035906674
UKR,2018-09,28.18975,0.07457219657455387,7.742312697348441
UKR,2018-10,28.11041304348,0.05308915093288009,5.452365269624404
UKR,2018-11,27.93913636364,0.04470115506623933,4.571530648704014
UKR,2018-12,27.73797619048,0.005539063810559698,0.5554432787987507
UKR,2019-01,27.85213043478,-0.017219280712531454,-1.7071876177749856
UKR,2019-02,27.11535,-0.00022106804348667055,-0.022104360974728454
UKR,2019-03,26.86004761905,0.021385050336438848,2.1615349246919546
UKR,2019-04,26.76020454545,0.023522041099632084,2.38008661948399
UKR,2019-05,26.37386956522,0.007887671602643,0.7918861234893715
UKR,2019-06,26.435175,0.007507639455042319,0.7535892440287295
UKR,2019-07,25.72954347826,-0.026689569697331737,-2.6336550746059673
UKR,2019-08,25.25427272727,-0.08792839725909415,-8.417354994029935
UKR,2019-09,24.65692857143,-0.13390049775147764,-12.532290738903317
UKR,2019-10,24.79054347826,-0.12567780954480537,-11.810105956411842
UKR,2019-11,24.29226190476,-0.13987058345846665,-13.052924798441667
UKR,2019-12,23.63071590909,-0.16025506850370144,-14.80735383571229
UKR,2020-01,24.21340217391,-0.1400031715016911,-13.064452176793573
UKR,2020-02,24.520725,-0.10058130986349535,-9.568842002777023
UKR,2020-03,26.47404545455,-0.01447512771395365,-1.437086672274679
UKR,2020-04,27.18575,0.01577706002887924,1.590217495637014
UKR,2020-05,26.82238095238,0.01686291837850221,1.700589995149837
UKR,2020-06,26.68347727273,0.009349035439117007,0.9392874181086253
UKR,2020-07,27.35873913043,0.06139612392248652,6.332003727724822
UKR,2020-08,27.50883333333,0.08551180688866301,8.927442220996863
UKR,2020-09,28.02354545455,0.12798712695813894,13.653837189685092
UKR,2020-10,28.33515909091,0.13364113515605186,14.298256977538415
UKR,2020-11,28.28930952381,0.15232611843892238,16.45399524639075
UKR,2020-12,28.14891304348,0.17496135346178385,19.120017995950732
UKR,2021-01,28.21942857143,0.15310440844984602,16.544665506925348
UKR,2021-02,27.89095,0.12878358511650856,13.744393773022612
UKR,2021-03,27.8037826087,0.04900724026103345,5.022795463703722
UKR,2021-04,27.93947727273,0.02734770577106983,2.772508658874595
UKR,2021-05,27.47788095238,0.024144702852263798,2.4438546345447953
UKR,2021-06,27.20047727273,0.019189974823585632,1.937528586382431
UKR,2021-07,27.18809090909,-0.006256964078393702,-0.6237430041145187
UKR,2021-08,26.73265909091,-0.028621160368023552,-2.821545476011067
UKR,2021-09,26.66563636364,-0.04966935700444243,-4.845600615069657
UKR,2021-10,26.37199206349,-0.07180086394239599,-6.928378348331876
UKR,2021-11,26.51475757576,-0.06478251030126615,-6.272871193821217
UKR,2021-12,27.21091304348,-0.03389063314932331,-3.332277870023348
UKR,2022-01,28.06807142857,-0.005378014929387143,-0.5363579297039234
UKR,2022-02,28.58755,0.024669044916308013,2.497584341874326
UKR,2022-03,29.62834782609,0.06355952335662564,6.562291336643811
UKR,2022-04,29.63657142857,0.058968475205039776,6.074180054529621
UKR,2022-05,29.6585,0.07636741024638072,7.935906889614519
UKR,2022-06,29.514,0.0816302071017051,8.505449018681134
UKR,2022-07,31.57892857143,0.1497110376115502,16.149856483200065
UKR,2022-08,36.6577173913,0.31573797133970904,37.127089627102784
UKR,2022-09,36.79170454545,0.32189669090752093,37.97422286766585
UKR,2022-10,36.8135952381,0.3335646724617652,39.59353221960655
UKR,2022-11,36.8185,0.32829896860813557,38.86040592601821
UKR,2022-12,36.91022727273,0.304870566836204,35.644942210324125
UKR,2023-01,36.84956818182,0.2722112180717366,31.286427268784365
UKR,2023-02,36.8560625,0.2540488150576463,28.923473679976077
UKR,2023-03,36.89064130435,0.2192262958319774,24.51130086931477
UKR,2023-04,36.868675,0.21835315458686355,24.402632365423237
UKR,2023-05,36.91195652174,0.21878676127271685,24.45658587501054
UKR,2023-06,36.92952272727,0.2241465780264609,25.125441238971334
UKR,2023-07,36.88142857143,0.15521805279454928,16.791259994796846
UKR,2023-08,36.88595652174,0.006206920352346849,0.6226223198888325
UKR,2023-09,36.86938095238,0.0021090222930308026,0.21112478448515049
UKR,2023-10,36.60206818182,-0.005762466257390153,-0.5745895094241726
UKR,2023-11,36.21259090909,-0.016593562719851834,-1.6456647905536692
UKR,2023-12,37.18702380952,0.007471203594881418,0.7499182672183302
UKR,2024-01,37.89004347826,0.027844472217687,2.823575275851753
UKR,2024-02,38.04888095238,0.03185155052970985,3.2364240004748357
UKR,2024-03,38.72911904762,0.048633851582796116,4.983588461101696
UKR,2024-04,39.39429545455,0.06625874587986774,6.85031521894941
UKR,2024-05,39.78008695652,0.07483093581795407,7.770193468587226
UKR,2024-06,40.498,0.09224128510935901,9.662939050373698
UKR,2024-07,41.00417391304,0.1059657306738038,11.178377577281973
UKR,2024-08,41.21911363636,0.11107117544891947,11.747444076897139
UKR,2024-09,41.27061904762,0.11276942149790325,11.93737996557247
UKR,2024-10,41.24739130435,0.11948312316339962,12.691422515947615
UKR,2024-11,41.38069047619,0.13340748488172072,14.271554278108045
UKR,2024-12,41.78895454545,0.11667218118588958,12.375098258742302
UKR,2025-01,42.08502173913,0.10500352670007547,11.07145275058059
UKR,2025-02,41.6496,0.09042009077429339,9.463403278867698
UKR,2025-03,41.50416666667,0.06920207653012397,7.165274313722181
UKR,2025-04,41.40863636364,0.04986844648911969,5.113280706883017
UKR,2025-05,41.53818181818,0.04324658870824886,4.4195349889043944
UKR,2025-06,41.61746825397,0.02726739890383091,2.764255652056913
UKR,2025-07,41.77855072464,0.018709202990354244,1.888531673000582
UKR,2025-08,41.39921428571,0.004359830056134532,0.4369347942288826
UKR,2025-09,41.29427272727,0.0005729718719091453,0.05731360516474382
UKR,2025-10,41.66210869565,0.010004181671905877,1.0054390791406354
UKR,2025-11,42.112525,0.017530843972457327,1.7685411127470019
UKR,2025-12,42.20517391304,0.009910758813446554,0.9960033030673721
UKR,2026-01,42.9755,0.020938286656216616,2.1159030554617653
UKR,2026-02,43.129725,0.03492066984188731,3.5537556183012686
UKR,2026-03,43.87694736842,0.05559524146322692,5.716969866679578
UKR,2026-04,,,
UKR,2026-05,,,
UKR,2026-06,,,
UKR,2026-07,,,
UKR,2026-08,,,
SDN,2015-01,5.749,,
SDN,2015-02,5.75,,
SDN,2015-03,5.749,,
SDN,2015-04,5.749,,
SDN,2015-05,5.7509047619,,
SDN,2015-06,5.749,,
SDN,2015-07,5.75943478261,,
SDN,2015-08,5.78397835498,,
SDN,2015-09,6.25754132231,,
SDN,2015-10,6.46651440378,,
SDN,2015-11,6.45834285714,,
SDN,2015-12,6.4460447205,,
SDN,2016-01,6.446,0.11443385675209218,12.123847625674022
SDN,2016-02,6.446,0.11425992858398705,12.104347826086958
SDN,2016-03,6.446,0.11443385675209218,12.123847625674022
SDN,2016-04,6.446,0.11443385675209218,12.123847625674022
SDN,2016-05,6.446,0.1141025910665311,12.08671099380807
SDN,2016-06,6.446,0.11443385675209218,12.123847625674022
SDN,2016-07,6.446,0.11262044151941253,11.920704779278179
SDN,2016-08,6.446,0.10836804076715947,11.445783583370428
SDN,2016-09,6.44818181818,0.030010854468129015,3.046571905011808
SDN,2016-10,6.55751620718,0.013974672987696548,1.407277517959371
SDN,2016-11,10.61500438596,0.4968957471161004,64.36111585845303
SDN,2016-12,17.78349210526,1.0148038960881405,175.8822328474412
SDN,2017-01,24.95197982456,1.3534933873418746,287.09245771889545
SDN,2017-02,31.79462719298,1.5958375359225816,393.24584537666766
SDN,2017-03,38.80019473684,1.7949654822141083,501.9266946453616
SDN,2017-04,45.8057622807,1.9609501138020602,610.6075439140554
SDN,2017-05,52.81132982456,2.103265964310578,719.2883931827488
SDN,2017-06,60.1427377193,2.233260915567005,833.0241656732858
SDN,2017-07,67.14830526316,2.34344390118097,941.7050149419797
SDN,2017-08,74.31679298246,2.4448771587073885,1052.9133258215945
SDN,2017-09,81.48528070175,2.5366241966339445,1163.6939062730899
SDN,2017-10,88.49084824561,2.6022872327081665,1249.45679811998
SDN,2017-11,95.65933596491,2.198524788270727,801.1709509176878
SDN,2017-12,102.66490350877,1.7531997033714886,477.30451871375567
SDN,2018-01,109.83339122807,1.4820114216536389,340.1790639473107
SDN,2018-02,116.83895877193,1.3014992465920254,267.4801974018023
SDN,2018-03,123.68160614035,1.159285305405118,218.76542625420595
SDN,2018-04,130.68717368421,1.048396583073815,185.3072783361894
SDN,2018-05,137.85566140351,0.9594814582263241,161.0342550764552
SDN,2018-06,145.02414912281,0.8801795752676839,141.13326832521506
SDN,2018-07,152.02971666667,0.8171723215495554,126.40886627123713
SDN,2018-08,159.3611245614,0.7628359084464473,114.43487826366763
SDN,2018-09,166.36669210526,0.713771941664947,104.16778425810476
SDN,2018-10,173.37225964912,0.6725419355803521,95.92111849568685
SDN,2018-11,180.70366754386,0.6360651970947975,88.9033262891833
SDN,2018-12,187.70923508772,0.6034238231597637,82.83681050913884
SDN,2019-01,194.87772280702,0.5734077069609506,77.43030660170977
SDN,2019-02,201.88329035088,0.546893193979437,72.78764931905701
SDN,2019-03,208.56301754386,0.5225306669769408,68.62896921567243
SDN,2019-04,215.56858508772,0.5004726389084677,64.95007047027879
SDN,2019-05,222.89999298246,0.4805160029787672,61.69085165825816
SDN,2019-06,229.90556052632,0.4607683439660623,58.52915663834051
SDN,2019-07,236.91112807018,0.4436090776404825,55.83211839407372
SDN,2019-08,244.24253596491,0.42698888091157633,53.2635620118294
SDN,2019-09,251.24810350877,0.4122465704067621,51.020676272030244
SDN,2019-10,258.41659122807,0.3991319047932368,49.05302137208526
SDN,2019-11,265.58507894737,0.3850767436564142,46.97271093455131
SDN,2019-12,272.59064649123,0.3730770627606829,45.21962457725821
SDN,2020-01,279.92205438597,0.36213888787245213,43.63984264284848
SDN,2020-02,286.92762192983,0.35154023566968484,42.125493115918644
SDN,2020-03,293.77026929825,0.3425568269548194,40.854439467664115
SDN,2020-04,300.93875701754,0.3336276598114574,39.60232512315318
SDN,2020-05,307.9443245614,0.3231957933137647,38.15358199030187
SDN,2020-06,314.94989210526,0.31474493529652064,36.99098507415353
SDN,2020-07,322.2813,0.3077396828960696,36.03468212963421
SDN,2020-08,329.4497877193,0.29926222155219956,34.88632781254432
SDN,2020-09,336.45535526316,0.2920245553525064,33.91359001896539
SDN,2020-10,343.62384298246,0.28497460199993474,32.97282552542802
SDN,2020-11,350.62941052632,0.277794617876855,32.02150207986756
SDN,2020-12,357.79789824561,0.2719970904908591,31.258318233278537
SDN,2021-01,364.96638596491,0.2652940688726638,30.381433061961143
SDN,2021-02,371.6461131579,0.25871209721953375,29.52608419442741
SDN,2021-03,377.5248993135,0.2508384600160419,28.510247213007855
SDN,2021-04,382.66714015152,0.24025874655134663,27.157812421354734
SDN,2021-05,397.81492460318,0.2560678813495734,29.18404168343783
SDN,2021-06,428.82456818182,0.30863434982490706,36.15644232019668
SDN,2021-07,444.64904545455,0.32186054244862355,37.96923540228676
SDN,2021-08,445.60963636364,0.302019360960038,35.25874138468448
SDN,2021-09,443.39970454545,0.276006164369853,31.785598775398594
SDN,2021-10,444.3601984127,0.25708791184069824,29.31588057333436
SDN,2021-11,443.29967424242,0.23451615166490924,26.42968927706186
SDN,2021-12,441.96989130435,0.2112734635831257,23.525010479787746
SDN,2022-01,443.52516666667,0.19494928962921246,21.524935918156874
SDN,2022-02,450.184775,0.19171601682129488,21.132647177378526
SDN,2022-03,459.53518925831,0.19657899553177524,21.72314729278504
SDN,2022-04,493.74494117647,0.25485354490390943,29.027264003114528
SDN,2022-05,525.04035374332,0.2774882403384539,31.98105985265567
SDN,2022-06,527.48809,0.2070783835808534,23.00789859977126
SDN,2022-07,529.54048,0.1747243024910437,19.091783826651042
SDN,2022-08,554.63424086957,0.21886555706257016,24.46639291636872
SDN,2022-09,575.47427272727,0.2607228921095357,29.786796614403666
SDN,2022-10,571.37207142857,0.25140511993142234,28.58308945525936
SDN,2022-11,572.83090909091,0.2563445686883478,29.219790217498648
SDN,2022-12,572.98304545455,0.259614366655868,29.643004360218185
SDN,2023-01,574.67077272727,0.25904276192302295,29.56892098056796
SDN,2023-02,577.68805,0.24937590749857746,28.322431605999988
SDN,2023-03,583.85556521739,0.2394381119143476,27.053505121062237
SDN,2023-04,588.0749,0.17483525029444114,19.1049975314715
SDN,2023-05,596.04315217391,0.12683794351003252,13.523303099346462
SDN,2023-06,587.92970454546,0.10848110376291174,11.458384689872325
SDN,2023-07,562.85123809524,0.06100575088791178,6.290502681728882
SDN,2023-08,554.62569565217,-1.5407060363156304e-05,-0.0015406941675011332
SDN,2023-09,605.51876190476,0.05089102536492875,5.220822302811934
SDN,2023-10,635.61414285714,0.10655107444797085,11.24347419851115
SDN,2023-11,647.36896978262,0.12232583423309837,13.012227432001321
SDN,2023-12,647.90799473664,0.12289257564814303,13.076294294650847
SDN,2024-01,647.90799473664,0.11995139519350044,12.744205114486885
SDN,2024-02,647.83102197321,0.1145958766899995,12.14201539623505
SDN,2024-03,640.97764309777,0.09334094574341022,9.783597396919808
SDN,2024-04,632.47226054323,0.07278204205254421,7.549609844465399
SDN,2024-05,645.65584067374,0.07995354002281099,8.323673935164067
SDN,2024-06,639.84957167399,0.08462571380790593,8.83096511829935
SDN,2024-07,642.79900841741,0.1328167287753388,14.204067595680069
SDN,2024-08,648.44701969067,0.1562868397469944,16.916151699062194
SDN,2024-09,648.44701969067,0.06849475540227727,7.089500852272845
SDN,2024-10,648.44701969067,0.01998861811386989,2.0189728277355767
SDN,2024-11,,,
SDN,2024-12,,,
SDN,2025-01,,,
SDN,2025-02,,,
SDN,2025-03,,,
SDN,2025-04,,,
SDN,2025-05,,,
SDN,2025-06,,,
SDN,2025-07,,,
SDN,2025-08,,,
SDN,2025-09,,,
SDN,2025-10,,,
SDN,2025-11,,,
SDN,2025-12,,,
SDN,2026-01,,,
SDN,2026-02,,,
SDN,2026-03,,,
SDN,2026-04,,,
SDN,2026-05,,,
SDN,2026-06,,,
SDN,2026-07,,,
SDN,2026-08,,,
ETH,2015-01,20.24368181818,,
ETH,2015-02,20.31325,,
ETH,2015-03,20.39118181818,,
ETH,2015-04,20.46090909091,,
ETH,2015-05,20.56238095238,,
ETH,2015-06,20.61718181818,,
ETH,2015-07,20.74958695652,,
ETH,2015-08,20.76957575758,,
ETH,2015-09,20.89013223141,,
ETH,2015-10,20.97527272727,,
ETH,2015-11,21.05245238095,,
ETH,2015-12,21.0772173913,,
ETH,2016-01,21.26171428571,0.04906526809731731,5.028889886106325
ETH,2016-02,21.2535,0.04524820520501469,4.628752169150663
ETH,2016-03,21.35583478261,0.046222450680194524,4.730735928066476
ETH,2016-04,21.52308571429,0.0506099210928002,5.191248437010487
ETH,2016-05,21.6615,0.05207325229367014,5.3452907528823035
ETH,2016-06,21.76072727273,0.053982046892143976,5.546565309627494
ETH,2016-07,21.98554761905,0.05785897031209305,5.956555497321014
ETH,2016-08,22.09432608696,0.061831625465188236,6.378321564399414
ETH,2016-09,22.15297727273,0.058694996138293355,6.045174953087229
ETH,2016-10,22.20968398268,0.05718415443922326,5.88507845147177
ETH,2016-11,22.38741528926,0.06148192753824872,6.34112778954905
ETH,2016-12,22.41307954545,0.06145198408206159,6.337943616321007
ETH,2017-01,22.60605681818,0.06130986719069288,6.322832272153778
ETH,2017-02,22.70685,0.06614505339061082,6.8381678311807415
ETH,2017-03,22.76839130435,0.06404823353010936,6.6143821401458025
ETH,2017-04,22.906625,0.062300056805704176,6.428164177181217
ETH,2017-05,23.09010869565,0.06386783957999413,6.595151285229539
ETH,2017-06,23.23184090909,0.06541694680829464,6.760406570618449
ETH,2017-07,23.40423809524,0.06253181006467835,6.452832109402351
ETH,2017-08,23.4357173913,0.05894040545265462,6.071202620349148
ETH,2017-09,23.54342857143,0.06087483839311016,6.276588837616992
ETH,2017-10,25.71543181818,0.14656286234867688,15.784771355746985
ETH,2017-11,27.2545,0.19671966155152823,21.740270807746633
ETH,2017-12,27.31395918367,0.19775320018587528,21.866159124995875
ETH,2018-01,27.42656335404,0.19329413806491896,21.323960098973572
ETH,2018-02,27.476995,0.19068246803770345,21.00751535329648
ETH,2018-03,27.51275,0.1892763057971984,20.837478731945236
ETH,2018-04,27.37264285714,0.17811790872342442,19.496620986897906
ETH,2018-05,27.45793478261,0.17325085847102045,18.916437962818545
ETH,2018-06,27.42195238095,0.16582008370817763,18.0360716494943
ETH,2018-07,27.47425,0.16033208122840123,17.390063663673658
ETH,2018-08,27.63867391304,0.1649547777846951,17.93397851477872
ETH,2018-09,27.687375,0.16212979315225454,17.60128698331851
ETH,2018-10,27.88339130435,0.08093994627009594,8.430577800514792
ETH,2018-11,28.03356818182,0.028184010658255317,2.8584937600029336
ETH,2018-12,28.21685714286,0.032521673455762526,3.3056282800986603
ETH,2019-01,28.41493478261,0.035402870329935825,3.60370133075536
ETH,2019-02,28.53745,0.03786815065521495,3.859428587441971
ETH,2019-03,28.62207142857,0.03952861487830611,4.0320267096891405
ETH,2019-04,28.86593181818,0.053117991177111926,5.45540658544954
ETH,2019-05,28.93306521739,0.05232987697158257,5.372328423309702
ETH,2019-06,29.02345,0.05676024951284154,5.840202757271795
ETH,2019-07,28.97947826087,0.053338730935958596,5.4786873558695826
ETH,2019-08,29.14409090909,0.05303615835706008,5.446777225226196
ETH,2019-09,29.43902380952,0.06134460154441676,6.3265253911575225
ETH,2019-10,29.49160869565,0.05607455406825262,5.767653488580882
ETH,2019-11,29.98518253968,0.06730068855332054,6.961705142928021
ETH,2019-12,31.57538636364,0.11245833416629568,11.902563080558547
ETH,2020-01,32.02918115942,0.11973251892143845,12.71953078358612
ETH,2020-02,32.095025,0.11748377392718404,12.466338092576601
ETH,2020-03,32.55713636364,0.12881843927855907,13.74835830764538
ETH,2020-04,32.95156818182,0.13237678265626882,14.153835009985126
ETH,2020-05,33.70814285714,0.1527543697041376,16.503877497500596
ETH,2020-06,34.32584090909,0.16779432587938778,18.269333621916054
ETH,2020-07,35.103,0.1916986635950928,21.130545153390102
ETH,2020-08,35.74047619048,0.2040316543742381,22.633697177126912
ETH,2020-09,36.75372727273,0.22191850823626047,24.84696337262575
ETH,2020-10,37.29190909091,0.2346706167806112,26.44921976199468
ETH,2020-11,37.98511904762,0.23649113471771857,26.679632506333828
ETH,2020-12,38.75115217391,0.2047825843377435,22.72582107984309
ETH,2021-01,39.40395238095,0.20721872701690341,23.025163162377723
ETH,2021-02,39.856325,0.2165800791412911,24.18225254537112
ETH,2021-03,40.73510869565,0.22409375437227982,25.118831830502163
ETH,2021-04,41.51643181818,0.2310504437086918,25.99227930246244
ETH,2021-05,42.71164285714,0.23673211353207257,26.710163292466582
ETH,2021-06,43.65531818182,0.2404266619921541,27.17916597422503
ETH,2021-07,44.04927272727,0.22702224517683192,25.485778216306286
ETH,2021-08,45.10354545455,0.2326770232188364,26.197382525541137
ETH,2021-09,46.02065909091,0.2248507634378848,25.213583779993233
ETH,2021-10,46.77757936508,0.22662762606793882,25.436268899631507
ETH,2021-11,47.52662878788,0.2240956810008421,25.119072888249462
ETH,2021-12,48.63397826087,0.2271619389136965,25.50330901803177
ETH,2022-01,49.58123809524,0.2297463724519975,25.82808347725607
ETH,2022-02,50.5332,0.23734943317199478,26.788408113392293
ETH,2022-03,51.1757826087,0.2281760821045981,25.630651905354874
ETH,2022-04,51.4065952381,0.21367717995894756,23.822286711039343
ETH,2022-05,51.57109090909,0.18848971227556408,20.74246612705273
ETH,2022-06,51.79318181818,0.17093340368033128,18.641173573553218
ETH,2022-07,52.20447619048,0.1698593999059219,18.513820906199175
ETH,2022-08,52.36904347826,0.14935478683432735,16.10848537623566
ETH,2022-09,52.66134090909,0.1347912109253424,14.42978425202881
ETH,2022-10,52.84719047619,0.12200053583064305,12.975470713734772
ETH,2022-11,53.19568181818,0.11268706420167401,11.928161485221288
ETH,2022-12,53.39725,0.09343681872145614,9.794123181903958
ETH,2023-01,53.54763636364,0.07695915908995019,7.999796739204035
ETH,2023-02,53.769925,0.06208374997652992,6.405145528088463
ETH,2023-03,53.90691304348,0.05199230230333461,5.336763397763278
ETH,2023-04,54.209075,0.05308185359908109,5.4515957513228575
ETH,2023-05,54.44697826087,0.054266090383928045,5.5765493827726775
ETH,2023-06,54.66915909091,0.05404121577272674,5.552810566506827
ETH,2023-07,54.90928571429,0.050514230919271284,5.181183149776047
ETH,2023-08,55.11691304348,0.051140977410070156,5.247125749701209
ETH,2023-09,55.18476190476,0.04680524545717727,4.791790243294836
ETH,2023-10,55.58534090909,0.050514963213646444,5.181260173393043
ETH,2023-11,55.76170454545,0.04711011108599976,4.823742528652097
ETH,2023-12,56.04911904762,0.048469185622684555,4.96630266094229
ETH,2024-01,56.20395652174,0.04841549811232492,4.960667432752808
ETH,2024-02,56.55414285714,0.05048416396116768,5.1780207190915695
ETH,2024-03,56.76466666667,0.05165533990919304,5.3012748492665684
ETH,2024-04,56.90370454545,0.04851211540568134,4.97080893826356
ETH,2024-05,57.21473913043,0.04958419012723646,5.083405834386112
ETH,2024-06,57.43845,0.04941420845305377,5.065545099175406
ETH,2024-07,59.50230434783,0.08033256742965596,8.364739358364437
ETH,2024-08,101.94879545455,0.6150140610437489,84.96826078435453
ETH,2024-09,113.75919047619,0.7233969872388062,106.14239610659193
ETH,2024-10,118.37402173913,0.7559297736088747,112.95906403224384
ETH,2024-11,122.15035714286,0.7841653861970963,119.05778910201397
ETH,2024-12,125.78518181818,0.8083471136045531,124.41955191358387
ETH,2025-01,126.49243478261,0.8111953471248656,125.05966236323958
ETH,2025-02,126.907075,0.8082566657753465,124.39925457022092
ETH,2025-03,129.25697619048,0.8228884198900994,127.70674749046779
ETH,2025-04,130.91020454546,0.8331511814200883,130.05568019020575
ETH,2025-05,132.32356818182,0.8384386549212562,131.27531505503788
ETH,2025-06,134.86035714286,0.8535259118557182,134.79108009157628
ETH,2025-07,136.73091304348,0.8319998156734847,129.79095438757818
ETH,2025-08,140.17466666667,0.3184185821371749,37.49516709999929
ETH,2025-09,143.417,0.2316726206885723,26.070693189415262
ETH,2025-10,148.39126086957,0.2260031525914682,25.357961729636358
ETH,2025-11,153.36185,0.2275474402789637,25.551700041807358
ETH,2025-12,154.8765,0.20805247939245713,23.12777845634544
ETH,2026-01,155.14390909091,0.20417062963869148,22.650741411959086
ETH,2026-02,155.195725,0.2012319365393549,22.290837606965574
ETH,2026-03,156.27521052632,0.1898161366434694,20.90272814058753
ETH,2026-04,,,
ETH,2026-05,,,
ETH,2026-06,,,
ETH,2026-07,,,
ETH,2026-08,,,
SOM,2015-01,22285.2,,
SOM,2015-02,22196.458,,
SOM,2015-03,22211.111,,
SOM,2015-04,22231.538,,
SOM,2015-05,22264.615,,
SOM,2015-06,22211.731,,
SOM,2015-07,22263.0,,
SOM,2015-08,22272.593,,
SOM,2015-09,22269.038,,
SOM,2015-10,22284.038,,
SOM,2015-11,22275.208,,
SOM,2015-12,22286.296,,
SOM,2016-01,22687.692,0.017899793794306947,1.8060955252813482
SOM,2016-02,22736.38,0.024033558197758317,2.432469180443131
SOM,2016-03,22751.0,0.024016441307243192,2.430715870088629
SOM,2016-04,22940.417,0.031388378023429676,3.1886187991132298
SOM,2016-05,23016.667,0.03321995875873986,3.377790273939163
SOM,2016-06,22993.077,0.03457259788439288,3.5177177321299435
SOM,2016-07,23036.577,0.0341571494259759,3.4747203880878708
SOM,2016-08,23043.333,0.03401957766680802,3.4604861679104824
SOM,2016-09,22990.4,0.03187945428273026,3.239304724344172
SOM,2016-10,23057.407,0.034116425308334745,3.4705065572047555
SOM,2016-11,23527.692,0.05470379924461474,5.622771289049244
SOM,2016-12,23960.769,0.07244590747314739,7.513464776739933
SOM,2017-01,23994.074,0.055984308393162464,5.758108845976939
SOM,2017-02,21525.833,-0.05471253604506698,-5.32427325722038
SOM,2017-03,21197.115,-0.07074401296296134,-6.829963518087112
SOM,2017-04,23436.923,0.021412395369634386,2.1643285734518125
SOM,2017-05,23621.667,0.02594577839264672,2.6285300126208444
SOM,2017-06,23245.0,0.010896884522990749,1.0956471811058632
SOM,2017-07,23258.704,0.009596170485367298,0.9642361362975027
SOM,2017-08,23197.407,0.0066640183608972945,0.6686272337426136
SOM,2017-09,23202.6,0.009187603865718826,0.9229939452988889
SOM,2017-10,23365.37,0.013267948953793806,1.335635876141672
SOM,2017-11,23595.385,0.00287303168098512,0.28771627918284803
SOM,2017-12,23535.769,-0.01789651883176045,-1.773732721182697
SOM,2018-01,23566.111,-0.01799717773660689,-1.7836195720659975
SOM,2018-02,23546.667,0.08973053303188804,9.38794796001623
SOM,2018-03,23306.923,0.09488535339052684,9.953279019338224
SOM,2018-04,23405.028,-0.0013618136840288471,-0.1360886836552777
SOM,2018-05,23581.0,-0.0017230810310664099,-0.17215973792197303
SOM,2018-06,23581.0,0.014351247888483028,1.4454721445472218
SOM,2018-07,,,
SOM,2018-08,,,
SOM,2018-09,,,
SOM,2018-10,,,
SOM,2018-11,,,
SOM,2018-12,,,
SOM,2019-01,,,
SOM,2019-02,,,
SOM,2019-03,,,
SOM,2019-04,,,
SOM,2019-05,,,
SOM,2019-06,,,
SOM,2019-07,,,
SOM,2019-08,,,
SOM,2019-09,,,
SOM,2019-10,,,
SOM,2019-11,,,
SOM,2019-12,,,
SOM,2020-01,,,
SOM,2020-02,,,
SOM,2020-03,,,
SOM,2020-04,,,
SOM,2020-05,,,
SOM,2020-06,,,
SOM,2020-07,,,
SOM,2020-08,,,
SOM,2020-09,,,
SOM,2020-10,,,
SOM,2020-11,,,
SOM,2020-12,,,
SOM,2021-01,,,
SOM,2021-02,,,
SOM,2021-03,,,
SOM,2021-04,,,
SOM,2021-05,,,
SOM,2021-06,,,
SOM,2021-07,,,
SOM,2021-08,,,
SOM,2021-09,,,
SOM,2021-10,,,
SOM,2021-11,,,
SOM,2021-12,,,
SOM,2022-01,,,
SOM,2022-02,,,
SOM,2022-03,,,
SOM,2022-04,,,
SOM,2022-05,,,
SOM,2022-06,,,
SOM,2022-07,,,
SOM,2022-08,,,
SOM,2022-09,,,
SOM,2022-10,,,
SOM,2022-11,,,
SOM,2022-12,,,
SOM,2023-01,,,
SOM,2023-02,,,
SOM,2023-03,,,
SOM,2023-04,,,
SOM,2023-05,,,
SOM,2023-06,,,
SOM,2023-07,,,
SOM,2023-08,,,
SOM,2023-09,,,
SOM,2023-10,,,
SOM,2023-11,,,
SOM,2023-12,,,
SOM,2024-01,,,
SOM,2024-02,,,
SOM,2024-03,,,
SOM,2024-04,,,
SOM,2024-05,,,
SOM,2024-06,,,
SOM,2024-07,,,
SOM,2024-08,,,
SOM,2024-09,,,
SOM,2024-10,,,
SOM,2024-11,,,
SOM,2024-12,,,
SOM,2025-01,,,
SOM,2025-02,,,
SOM,2025-03,,,
SOM,2025-04,,,
SOM,2025-05,,,
SOM,2025-06,,,
SOM,2025-07,,,
SOM,2025-08,,,
SOM,2025-09,,,
SOM,2025-10,,,
SOM,2025-11,,,
SOM,2025-12,,,
SOM,2026-01,,,
SOM,2026-02,,,
SOM,2026-03,,,
SOM,2026-04,,,
SOM,2026-05,,,
SOM,2026-06,,,
SOM,2026-07,,,
SOM,2026-08,,,
YEM,2015-01,215.03886363636,,
YEM,2015-02,215.071,,
YEM,2015-03,215.07090909091,,
YEM,2015-04,215.00522727273,,
YEM,2015-05,214.92654761905,,
YEM,2015-06,214.9275,,
YEM,2015-07,214.96282608696,,
YEM,2015-08,214.91333333333,,
YEM,2015-09,214.96090909091,,
YEM,2015-10,214.96431818182,,
YEM,2015-11,214.93595238095,,
YEM,2015-12,214.91869565217,,
YEM,2016-01,214.92523809524,-0.0005285350256334976,-0.05283953756012316
YEM,2016-02,214.90428571429,-0.0007754598908508361,-0.07751592995335344
YEM,2016-03,214.90586956522,-0.0007676671950090303,-0.07673726139327819
YEM,2016-04,244.85095238095,0.12998732706283642,13.88139511155293
YEM,2016-05,249.69068181818,0.14992654830651392,16.17489071696636
YEM,2016-06,249.75818181818,0.15019241506732164,16.20578186513126
YEM,2016-07,250.05238095238,0.15120530846743233,16.323545565606313
YEM,2016-08,250.01152173913,0.15127215767129906,16.331321961938382
YEM,2016-09,250.10931818182,0.15144190159874873,16.351070173435687
YEM,2016-10,250.05787878788,0.15122035380883722,16.325295706228474
YEM,2016-11,250.0441838843,0.15129754993825495,16.334275915424602
YEM,2016-12,250.13454545455,0.15173915806266877,16.385661422110175
YEM,2017-01,250.15522727273,0.1517913964028133,16.391741374681423
YEM,2017-02,250.1475,0.15185799760049426,16.39949346220344
YEM,2017-03,250.35369565217,0.1526745843264142,16.494582562433102
YEM,2017-04,250.2115,0.021656892414586307,2.189310503767139
YEM,2017-05,250.31739130435,0.0025067987820482037,0.2509943429231942
YEM,2017-06,250.28147727273,0.002093016568067862,0.20952084561975948
YEM,2017-07,250.27416666667,0.0008865639046031414,0.08869570185465747
YEM,2017-08,250.21626086957,0.0008185836492524028,0.08189187802858378
YEM,2017-09,250.25445238095,0.0005801147554588129,0.05802830545662552
YEM,2017-10,250.28511363636,0.000908316365148344,0.09087290093856559
YEM,2017-11,250.27434090909,0.0009200420516920833,0.09204654202095153
YEM,2017-12,250.27035034014,0.0005427800170038287,0.054292734873229165
YEM,2018-01,250.24727142857,0.00036788048467775893,0.03679481610019408
YEM,2018-02,250.249645,0.0004082557322292973,0.04083390799427544
YEM,2018-03,250.24522727273,-0.00043335443274114516,-0.04332605482711971
YEM,2018-04,250.24857142857,0.00014814939594267153,0.01481603706063872
YEM,2018-05,250.2902173913,-0.00010856372378156899,-0.010855783095375937
YEM,2018-06,250.22904761905,-0.00020950470075778584,-0.020948275618049017
YEM,2018-07,250.30227272727,0.00011229478024798142,0.011230108554283191
YEM,2018-08,250.28456521739,0.00027294399802722325,0.02729812506294671
YEM,2018-09,250.278625,9.658749905321809e-05,0.00965921637758882
YEM,2018-10,250.29467391304,3.8196814649401877e-05,0.0038197544157014818
YEM,2018-11,250.20818181818,-0.0002643812252816384,-0.026434627964522228
YEM,2018-12,250.26892857143,-5.680947609570051e-06,-0.0005680931473017736
YEM,2019-01,250.335,0.0003505061099259633,0.035056754437001736
YEM,2019-02,250.20625,-0.00017342187610257194,-0.017340683939826018
YEM,2019-03,250.33273809524,0.0003496391349833802,0.034970026587011205
YEM,2019-04,250.32659090909,0.0003117193461514281,0.031176793567544436
YEM,2019-05,250.23695652174,-0.00021281909369517122,-0.021279644931826436
YEM,2019-06,250.260625,0.0001261859443638268,0.012619390614498904
YEM,2019-07,250.14130434783,-0.0006433028311885036,-0.06430959562856442
YEM,2019-08,250.25681818182,-0.00011086809809804226,-0.01108619524575749
YEM,2019-09,250.32023809524,0.00016625325546502023,0.016626707630340576
YEM,2019-10,250.23913043478,-0.00022193697211055524,-0.022191234592261466
YEM,2019-11,250.3,0.0003668998277568973,0.036696714373118944
YEM,2019-12,250.27670454546,3.1069990490928734e-05,0.00310704731680822
YEM,2020-01,250.2347826087,-0.00040041327351692955,-0.0400333118820817
YEM,2020-02,250.315,0.00043454699160639065,0.04346414208278304
YEM,2020-03,250.30568181818,-0.00010808709843324151,-0.010808125723327233
YEM,2020-04,250.32818181818,6.355313787805363e-06,0.0006355333982854816
YEM,2020-05,250.14847619048,-0.0003536487131632832,-0.03535861868281254
YEM,2020-06,250.10940909091,-0.0006044163454682152,-0.060423372270412834
YEM,2020-07,250.21047826087,0.00027650111735401216,0.027653934731142193
YEM,2020-08,249.91614285714,-0.0013622302839167535,-0.13613028694087204
YEM,2020-09,249.80127272727,-0.002075357860079116,-0.20732057939819581
YEM,2020-10,249.51045454546,-0.002916166126435363,-0.2911918244176914
YEM,2020-11,250.01476190476,-0.0011402346996840956,-0.11395848791050378
YEM,2020-12,249.93060869565,-0.001383809855943786,-0.13828528325821043
YEM,2021-01,250.53740476191,0.0012086221946045438,0.1209352872750813
YEM,2021-02,251.578075,0.0050332540114186,0.5045942112937851
YEM,2021-03,251.85252173913,0.006160786790109713,0.617980346955771
YEM,2021-04,251.86661363636,0.006126852148263736,0.6145659697625927
YEM,2021-05,250.84597619048,0.0027844637693773726,0.27883439892268935
YEM,2021-06,250.79809090909,0.0027497382335475535,0.2753522231263572
YEM,2021-07,251.45131818182,0.004946928230310905,0.4959184481699852
YEM,2021-08,251.31477272727,0.005580795025608052,0.5596396671860848
YEM,2021-09,251.24556818182,0.005765127476815927,0.5781777805939692
YEM,2021-10,251.06114285714,0.006195690207719299,0.6214923196324218
YEM,2021-11,250.90131818182,0.0035397434340820313,0.35460157244542323
YEM,2021-12,250.22995652174,0.0011970070519361936,0.11977237508133953
YEM,2022-01,250.2355952381,-0.001205374732073464,-0.1204648559750332
YEM,2022-02,250.2339,-0.005357298278460774,-0.534297354807256
YEM,2022-03,250.22443478261,-0.0064854307369529626,-0.6464445721160561
YEM,2022-04,250.22492857143,-0.006539408762422593,-0.6518073361244325
YEM,2022-05,250.21368181818,-0.0025238300382870115,-0.252064785691386
YEM,2022-06,250.22318181818,-0.0022949498335983493,-0.22923184495786675
YEM,2022-07,250.21921428571,-0.004912014135599897,-0.4899969922683378
YEM,2022-08,250.2247826087,-0.004346583726257971,-0.4337151002869466
YEM,2022-09,250.23056818182,-0.004048054583036902,-0.40398722546440835
YEM,2022-10,250.21735714286,-0.003366537807648639,-0.3360877373047466
YEM,2022-11,250.21731818182,-0.002729894181329011,-0.2726171408570788
YEM,2022-12,250.23613636364,2.469634601877779e-05,0.0024696650976041568
YEM,2023-01,250.24163636364,2.4141460025890924e-05,0.002414175143328201
YEM,2023-02,250.257575,9.460700611398327e-05,0.009461148149791931
YEM,2023-03,250.2212173913,-1.2858104755464199e-05,-0.0012858022090389554
YEM,2023-04,250.2391,5.663315549074039e-05,0.005663475917816463
YEM,2023-05,250.22854347826,5.93941091824616e-05,0.005939587304748528
YEM,2023-06,250.24595454546,9.100552118428296e-05,0.009100966231234686
YEM,2023-07,250.23642857143,6.879445150618722e-05,0.006879681789873082
YEM,2023-08,250.27626086957,0.00020570690799666483,0.020572806711349756
YEM,2023-09,250.30304761905,0.0002896086714202363,0.028965061206021048
YEM,2023-10,250.28861363636,0.0002847378378743463,0.028477837954032914
YEM,2023-11,250.26136363636,0.0001760133098723826,0.01760288011238842
YEM,2023-12,250.2495,5.340267688916291e-05,0.0053404102837495415
YEM,2024-01,250.25619565217,5.8179227172454106e-05,0.005818091961651284
YEM,2024-02,250.24330952381,-5.700479913208092e-05,-0.005700317438939173
YEM,2024-03,250.26921428571,0.00019179944917764992,0.019181784386801404
YEM,2024-04,250.276,0.0001474480992355408,0.014745897024082133
YEM,2024-05,250.26386956522,0.00014116532478032173,0.01411752890736473
YEM,2024-06,250.290425,0.0001776911987792444,0.017770698679542285
YEM,2024-07,250.2677826087,0.00012528980420395305,0.012529765329927223
YEM,2024-08,250.27134090909,-1.9658312067318693e-05,-0.0019658118843968175
YEM,2024-09,250.26340476191,-0.0001583919858565108,-0.015837944250818303
YEM,2024-10,250.26469565217,-9.556618152101587e-05,-0.009556161521895312
YEM,2024-11,249.92240476191,-0.0013553375689206136,-0.13544195137628057
YEM,2024-12,249.76154545455,-0.0019517756849099952,-0.19498722093350684
YEM,2025-01,249.08513043478,-0.00469044840950366,-0.4679465434764496
YEM,2025-02,247.9288,-0.009292074497728535,-0.9249036580495695
YEM,2025-03,246.36233333333,-0.015733843601861388,-1.5610713301396515
YEM,2025-04,245.33043181818,-0.019958305739641392,-1.9760457182550595
YEM,2025-05,244.20931818182,-0.024490120556265666,-2.4192670695608154
YEM,2025-06,242.97039047619,-0.029682357586911054,-2.924616282788284
YEM,2025-07,241.40786086957,-0.03604360324443484,-3.5401767046390975
YEM,2025-08,240.26995238095,-0.04078260010340335,-3.9962180614890874
YEM,2025-09,239.59595454546,-0.04356000034507233,-4.262489046929807
YEM,2025-10,238.89915217391,-0.04647763490486126,-4.541409026407928
YEM,2025-11,238.52275,-0.04668579511181334,-4.561277638461403
YEM,2025-12,238.40236956522,-0.046546769913201155,-4.5480083287669615
YEM,2026-01,238.36443181818,-0.043993998663270376,-4.304029950678689
YEM,2026-02,238.3578,-0.03936870207096915,-3.8603824969103973
YEM,2026-03,238.47497368421,-0.03253897932752858,-3.201528229742967
YEM,2026-04,,,
YEM,2026-05,,,
YEM,2026-06,,,
YEM,2026-07,,,
YEM,2026-08,,,
