Date of analysis,Country,Total country population,Validity period,From,To,Phase,Number,Percentage,quarantine_reason,derived_period_key
May 2021,ETH,114964000,current,2021-05-01,2021-06-30,all,56346877,1.0,Conflicting rows share a derived period identity; publisher analysis ID/scope missing,ipc-hdx-period-v1:feac852348a55cdbbb4ae829c5e2a3d1d7978d3471962af2e8d20333cb1fcee0
May 2021,ETH,114964000,current,2021-05-01,2021-06-30,3+,16756345,0.3,Conflicting rows share a derived period identity; publisher analysis ID/scope missing,ipc-hdx-period-v1:feac852348a55cdbbb4ae829c5e2a3d1d7978d3471962af2e8d20333cb1fcee0
May 2021,ETH,114964000,current,2021-05-01,2021-06-30,1,22380046,0.4,Conflicting rows share a derived period identity; publisher analysis ID/scope missing,ipc-hdx-period-v1:feac852348a55cdbbb4ae829c5e2a3d1d7978d3471962af2e8d20333cb1fcee0
May 2021,ETH,114964000,current,2021-05-01,2021-06-30,2,17210486,0.31,Conflicting rows share a derived period identity; publisher analysis ID/scope missing,ipc-hdx-period-v1:feac852348a55cdbbb4ae829c5e2a3d1d7978d3471962af2e8d20333cb1fcee0
May 2021,ETH,114964000,current,2021-05-01,2021-06-30,3,12072236,0.21,Conflicting rows share a derived period identity; publisher analysis ID/scope missing,ipc-hdx-period-v1:feac852348a55cdbbb4ae829c5e2a3d1d7978d3471962af2e8d20333cb1fcee0
May 2021,ETH,114964000,current,2021-05-01,2021-06-30,4,4331214,0.08,Conflicting rows share a derived period identity; publisher analysis ID/scope missing,ipc-hdx-period-v1:feac852348a55cdbbb4ae829c5e2a3d1d7978d3471962af2e8d20333cb1fcee0
May 2021,ETH,114964000,current,2021-05-01,2021-06-30,5,352896,0.01,Conflicting rows share a derived period identity; publisher analysis ID/scope missing,ipc-hdx-period-v1:feac852348a55cdbbb4ae829c5e2a3d1d7978d3471962af2e8d20333cb1fcee0
May 2021,ETH,114964000,current,2021-05-01,2021-06-30,all,8980967,1.0,Conflicting rows share a derived period identity; publisher analysis ID/scope missing,ipc-hdx-period-v1:feac852348a55cdbbb4ae829c5e2a3d1d7978d3471962af2e8d20333cb1fcee0
May 2021,ETH,114964000,current,2021-05-01,2021-06-30,3+,5522943,0.61,Conflicting rows share a derived period identity; publisher analysis ID/scope missing,ipc-hdx-period-v1:feac852348a55cdbbb4ae829c5e2a3d1d7978d3471962af2e8d20333cb1fcee0
May 2021,ETH,114964000,current,2021-05-01,2021-06-30,1,1462694,0.17,Conflicting rows share a derived period identity; publisher analysis ID/scope missing,ipc-hdx-period-v1:feac852348a55cdbbb4ae829c5e2a3d1d7978d3471962af2e8d20333cb1fcee0
May 2021,ETH,114964000,current,2021-05-01,2021-06-30,2,1995331,0.22,Conflicting rows share a derived period identity; publisher analysis ID/scope missing,ipc-hdx-period-v1:feac852348a55cdbbb4ae829c5e2a3d1d7978d3471962af2e8d20333cb1fcee0
May 2021,ETH,114964000,current,2021-05-01,2021-06-30,3,3091605,0.34,Conflicting rows share a derived period identity; publisher analysis ID/scope missing,ipc-hdx-period-v1:feac852348a55cdbbb4ae829c5e2a3d1d7978d3471962af2e8d20333cb1fcee0
May 2021,ETH,114964000,current,2021-05-01,2021-06-30,4,2078442,0.23,Conflicting rows share a derived period identity; publisher analysis ID/scope missing,ipc-hdx-period-v1:feac852348a55cdbbb4ae829c5e2a3d1d7978d3471962af2e8d20333cb1fcee0
May 2021,ETH,114964000,current,2021-05-01,2021-06-30,5,352896,0.04,Conflicting rows share a derived period identity; publisher analysis ID/scope missing,ipc-hdx-period-v1:feac852348a55cdbbb4ae829c5e2a3d1d7978d3471962af2e8d20333cb1fcee0
May 2021,ETH,114964000,first projection,2021-07-01,2021-09-30,all,19749101,1.0,Conflicting rows share a derived period identity; publisher analysis ID/scope missing,ipc-hdx-period-v1:e4c9a9a0919efba15c8ffd19ee1afdc8d8e519b16d69e1e9ef8b0629a6950d5d
May 2021,ETH,114964000,first projection,2021-07-01,2021-09-30,3+,7386290,0.37,Conflicting rows share a derived period identity; publisher analysis ID/scope missing,ipc-hdx-period-v1:e4c9a9a0919efba15c8ffd19ee1afdc8d8e519b16d69e1e9ef8b0629a6950d5d
May 2021,ETH,114964000,first projection,2021-07-01,2021-09-30,1,6364779,0.32,Conflicting rows share a derived period identity; publisher analysis ID/scope missing,ipc-hdx-period-v1:e4c9a9a0919efba15c8ffd19ee1afdc8d8e519b16d69e1e9ef8b0629a6950d5d
May 2021,ETH,114964000,first projection,2021-07-01,2021-09-30,2,5998032,0.3,Conflicting rows share a derived period identity; publisher analysis ID/scope missing,ipc-hdx-period-v1:e4c9a9a0919efba15c8ffd19ee1afdc8d8e519b16d69e1e9ef8b0629a6950d5d
May 2021,ETH,114964000,first projection,2021-07-01,2021-09-30,3,4558999,0.23,Conflicting rows share a derived period identity; publisher analysis ID/scope missing,ipc-hdx-period-v1:e4c9a9a0919efba15c8ffd19ee1afdc8d8e519b16d69e1e9ef8b0629a6950d5d
May 2021,ETH,114964000,first projection,2021-07-01,2021-09-30,4,2425979,0.12,Conflicting rows share a derived period identity; publisher analysis ID/scope missing,ipc-hdx-period-v1:e4c9a9a0919efba15c8ffd19ee1afdc8d8e519b16d69e1e9ef8b0629a6950d5d
May 2021,ETH,114964000,first projection,2021-07-01,2021-09-30,5,401313,0.02,Conflicting rows share a derived period identity; publisher analysis ID/scope missing,ipc-hdx-period-v1:e4c9a9a0919efba15c8ffd19ee1afdc8d8e519b16d69e1e9ef8b0629a6950d5d
May 2021,ETH,114964000,first projection,2021-07-01,2021-09-30,all,5961602,1.0,Conflicting rows share a derived period identity; publisher analysis ID/scope missing,ipc-hdx-period-v1:e4c9a9a0919efba15c8ffd19ee1afdc8d8e519b16d69e1e9ef8b0629a6950d5d
May 2021,ETH,114964000,first projection,2021-07-01,2021-09-30,3+,4397377,0.74,Conflicting rows share a derived period identity; publisher analysis ID/scope missing,ipc-hdx-period-v1:e4c9a9a0919efba15c8ffd19ee1afdc8d8e519b16d69e1e9ef8b0629a6950d5d
May 2021,ETH,114964000,first projection,2021-07-01,2021-09-30,1,526747,0.09,Conflicting rows share a derived period identity; publisher analysis ID/scope missing,ipc-hdx-period-v1:e4c9a9a0919efba15c8ffd19ee1afdc8d8e519b16d69e1e9ef8b0629a6950d5d
May 2021,ETH,114964000,first projection,2021-07-01,2021-09-30,2,1037478,0.17,Conflicting rows share a derived period identity; publisher analysis ID/scope missing,ipc-hdx-period-v1:e4c9a9a0919efba15c8ffd19ee1afdc8d8e519b16d69e1e9ef8b0629a6950d5d
May 2021,ETH,114964000,first projection,2021-07-01,2021-09-30,3,2193953,0.37,Conflicting rows share a derived period identity; publisher analysis ID/scope missing,ipc-hdx-period-v1:e4c9a9a0919efba15c8ffd19ee1afdc8d8e519b16d69e1e9ef8b0629a6950d5d
May 2021,ETH,114964000,first projection,2021-07-01,2021-09-30,4,1802111,0.3,Conflicting rows share a derived period identity; publisher analysis ID/scope missing,ipc-hdx-period-v1:e4c9a9a0919efba15c8ffd19ee1afdc8d8e519b16d69e1e9ef8b0629a6950d5d
May 2021,ETH,114964000,first projection,2021-07-01,2021-09-30,5,401313,0.07,Conflicting rows share a derived period identity; publisher analysis ID/scope missing,ipc-hdx-period-v1:e4c9a9a0919efba15c8ffd19ee1afdc8d8e519b16d69e1e9ef8b0629a6950d5d
Jan 2026,SDN,47535794,first projection,2026-06-01,2026-09-30,all,47535794,1.0,Inconsistent phase-count partition: 1+2+3+4+5 versus phase all,ipc-hdx-period-v1:038076dfb4ef282e73405149c33f750371e061b9c02e656525d4a5d12624ecf9
Jan 2026,SDN,47535794,first projection,2026-06-01,2026-09-30,3+,5574078,0.12,Inconsistent phase-count partition: 1+2+3+4+5 versus phase all,ipc-hdx-period-v1:038076dfb4ef282e73405149c33f750371e061b9c02e656525d4a5d12624ecf9
Jan 2026,SDN,47535794,first projection,2026-06-01,2026-09-30,1,737813,0.02,Inconsistent phase-count partition: 1+2+3+4+5 versus phase all,ipc-hdx-period-v1:038076dfb4ef282e73405149c33f750371e061b9c02e656525d4a5d12624ecf9
Jan 2026,SDN,47535794,first projection,2026-06-01,2026-09-30,2,1977719,0.04,Inconsistent phase-count partition: 1+2+3+4+5 versus phase all,ipc-hdx-period-v1:038076dfb4ef282e73405149c33f750371e061b9c02e656525d4a5d12624ecf9
Jan 2026,SDN,47535794,first projection,2026-06-01,2026-09-30,3,3126748,0.07,Inconsistent phase-count partition: 1+2+3+4+5 versus phase all,ipc-hdx-period-v1:038076dfb4ef282e73405149c33f750371e061b9c02e656525d4a5d12624ecf9
Jan 2026,SDN,47535794,first projection,2026-06-01,2026-09-30,4,2247617,0.05,Inconsistent phase-count partition: 1+2+3+4+5 versus phase all,ipc-hdx-period-v1:038076dfb4ef282e73405149c33f750371e061b9c02e656525d4a5d12624ecf9
Jan 2026,SDN,47535794,first projection,2026-06-01,2026-09-30,5,199713,0.0,Inconsistent phase-count partition: 1+2+3+4+5 versus phase all,ipc-hdx-period-v1:038076dfb4ef282e73405149c33f750371e061b9c02e656525d4a5d12624ecf9
Jan 2026,SOM,19442156,current,2026-01-01,2026-01-31,all,19442156,1.0,Conflicting rows share a derived period identity; publisher analysis ID/scope missing,ipc-hdx-period-v1:2b6d5128788af294e48aa8d4a9b440a056d8584e6f6b6a0f15c2d8a5853d2d4d
Jan 2026,SOM,19442156,current,2026-01-01,2026-01-31,3+,4796842,0.25,Conflicting rows share a derived period identity; publisher analysis ID/scope missing,ipc-hdx-period-v1:2b6d5128788af294e48aa8d4a9b440a056d8584e6f6b6a0f15c2d8a5853d2d4d
Jan 2026,SOM,19442156,current,2026-01-01,2026-01-31,1,7247976,0.37,Conflicting rows share a derived period identity; publisher analysis ID/scope missing,ipc-hdx-period-v1:2b6d5128788af294e48aa8d4a9b440a056d8584e6f6b6a0f15c2d8a5853d2d4d
Jan 2026,SOM,19442156,current,2026-01-01,2026-01-31,2,7397357,0.38,Conflicting rows share a derived period identity; publisher analysis ID/scope missing,ipc-hdx-period-v1:2b6d5128788af294e48aa8d4a9b440a056d8584e6f6b6a0f15c2d8a5853d2d4d
Jan 2026,SOM,19442156,current,2026-01-01,2026-01-31,3,3633665,0.19,Conflicting rows share a derived period identity; publisher analysis ID/scope missing,ipc-hdx-period-v1:2b6d5128788af294e48aa8d4a9b440a056d8584e6f6b6a0f15c2d8a5853d2d4d
Jan 2026,SOM,19442156,current,2026-01-01,2026-01-31,4,1163177,0.06,Conflicting rows share a derived period identity; publisher analysis ID/scope missing,ipc-hdx-period-v1:2b6d5128788af294e48aa8d4a9b440a056d8584e6f6b6a0f15c2d8a5853d2d4d
Jan 2026,SOM,19442156,current,2026-01-01,2026-01-31,5,0,0.0,Conflicting rows share a derived period identity; publisher analysis ID/scope missing,ipc-hdx-period-v1:2b6d5128788af294e48aa8d4a9b440a056d8584e6f6b6a0f15c2d8a5853d2d4d
Jan 2026,SOM,19442156,current,2026-01-01,2026-01-31,all,19442155,1.0,Conflicting rows share a derived period identity; publisher analysis ID/scope missing,ipc-hdx-period-v1:2b6d5128788af294e48aa8d4a9b440a056d8584e6f6b6a0f15c2d8a5853d2d4d
Jan 2026,SOM,19442156,current,2026-01-01,2026-01-31,3+,4796826,0.25,Conflicting rows share a derived period identity; publisher analysis ID/scope missing,ipc-hdx-period-v1:2b6d5128788af294e48aa8d4a9b440a056d8584e6f6b6a0f15c2d8a5853d2d4d
Jan 2026,SOM,19442156,current,2026-01-01,2026-01-31,1,7247971,0.37,Conflicting rows share a derived period identity; publisher analysis ID/scope missing,ipc-hdx-period-v1:2b6d5128788af294e48aa8d4a9b440a056d8584e6f6b6a0f15c2d8a5853d2d4d
Jan 2026,SOM,19442156,current,2026-01-01,2026-01-31,2,7397358,0.38,Conflicting rows share a derived period identity; publisher analysis ID/scope missing,ipc-hdx-period-v1:2b6d5128788af294e48aa8d4a9b440a056d8584e6f6b6a0f15c2d8a5853d2d4d
Jan 2026,SOM,19442156,current,2026-01-01,2026-01-31,3,3633655,0.19,Conflicting rows share a derived period identity; publisher analysis ID/scope missing,ipc-hdx-period-v1:2b6d5128788af294e48aa8d4a9b440a056d8584e6f6b6a0f15c2d8a5853d2d4d
Jan 2026,SOM,19442156,current,2026-01-01,2026-01-31,4,1163171,0.06,Conflicting rows share a derived period identity; publisher analysis ID/scope missing,ipc-hdx-period-v1:2b6d5128788af294e48aa8d4a9b440a056d8584e6f6b6a0f15c2d8a5853d2d4d
Jan 2026,SOM,19442156,current,2026-01-01,2026-01-31,5,0,0.0,Conflicting rows share a derived period identity; publisher analysis ID/scope missing,ipc-hdx-period-v1:2b6d5128788af294e48aa8d4a9b440a056d8584e6f6b6a0f15c2d8a5853d2d4d
Jan 2026,SOM,19442156,first projection,2026-02-01,2026-03-31,all,19442156,1.0,Conflicting rows share a derived period identity; publisher analysis ID/scope missing,ipc-hdx-period-v1:93c068836043afb612d4934c304bdfcb75cf93fff964e9a6f52fd96bd8827595
Jan 2026,SOM,19442156,first projection,2026-02-01,2026-03-31,3+,6490028,0.33,Conflicting rows share a derived period identity; publisher analysis ID/scope missing,ipc-hdx-period-v1:93c068836043afb612d4934c304bdfcb75cf93fff964e9a6f52fd96bd8827595
Jan 2026,SOM,19442156,first projection,2026-02-01,2026-03-31,1,5201596,0.27,Conflicting rows share a derived period identity; publisher analysis ID/scope missing,ipc-hdx-period-v1:93c068836043afb612d4934c304bdfcb75cf93fff964e9a6f52fd96bd8827595
Jan 2026,SOM,19442156,first projection,2026-02-01,2026-03-31,2,7750553,0.4,Conflicting rows share a derived period identity; publisher analysis ID/scope missing,ipc-hdx-period-v1:93c068836043afb612d4934c304bdfcb75cf93fff964e9a6f52fd96bd8827595
Jan 2026,SOM,19442156,first projection,2026-02-01,2026-03-31,3,4457308,0.23,Conflicting rows share a derived period identity; publisher analysis ID/scope missing,ipc-hdx-period-v1:93c068836043afb612d4934c304bdfcb75cf93fff964e9a6f52fd96bd8827595
Jan 2026,SOM,19442156,first projection,2026-02-01,2026-03-31,4,2032720,0.1,Conflicting rows share a derived period identity; publisher analysis ID/scope missing,ipc-hdx-period-v1:93c068836043afb612d4934c304bdfcb75cf93fff964e9a6f52fd96bd8827595
Jan 2026,SOM,19442156,first projection,2026-02-01,2026-03-31,5,0,0.0,Conflicting rows share a derived period identity; publisher analysis ID/scope missing,ipc-hdx-period-v1:93c068836043afb612d4934c304bdfcb75cf93fff964e9a6f52fd96bd8827595
Jan 2026,SOM,19442156,first projection,2026-02-01,2026-03-31,all,19442155,1.0,Conflicting rows share a derived period identity; publisher analysis ID/scope missing,ipc-hdx-period-v1:93c068836043afb612d4934c304bdfcb75cf93fff964e9a6f52fd96bd8827595
Jan 2026,SOM,19442156,first projection,2026-02-01,2026-03-31,3+,6490015,0.33,Conflicting rows share a derived period identity; publisher analysis ID/scope missing,ipc-hdx-period-v1:93c068836043afb612d4934c304bdfcb75cf93fff964e9a6f52fd96bd8827595
Jan 2026,SOM,19442156,first projection,2026-02-01,2026-03-31,1,5201593,0.27,Conflicting rows share a derived period identity; publisher analysis ID/scope missing,ipc-hdx-period-v1:93c068836043afb612d4934c304bdfcb75cf93fff964e9a6f52fd96bd8827595
Jan 2026,SOM,19442156,first projection,2026-02-01,2026-03-31,2,7750547,0.4,Conflicting rows share a derived period identity; publisher analysis ID/scope missing,ipc-hdx-period-v1:93c068836043afb612d4934c304bdfcb75cf93fff964e9a6f52fd96bd8827595
Jan 2026,SOM,19442156,first projection,2026-02-01,2026-03-31,3,4457298,0.23,Conflicting rows share a derived period identity; publisher analysis ID/scope missing,ipc-hdx-period-v1:93c068836043afb612d4934c304bdfcb75cf93fff964e9a6f52fd96bd8827595
Jan 2026,SOM,19442156,first projection,2026-02-01,2026-03-31,4,2032717,0.1,Conflicting rows share a derived period identity; publisher analysis ID/scope missing,ipc-hdx-period-v1:93c068836043afb612d4934c304bdfcb75cf93fff964e9a6f52fd96bd8827595
Jan 2026,SOM,19442156,first projection,2026-02-01,2026-03-31,5,0,0.0,Conflicting rows share a derived period identity; publisher analysis ID/scope missing,ipc-hdx-period-v1:93c068836043afb612d4934c304bdfcb75cf93fff964e9a6f52fd96bd8827595
Jan 2026,SOM,19442156,second projection,2026-04-01,2026-06-30,all,19442156,1.0,Conflicting rows share a derived period identity; publisher analysis ID/scope missing,ipc-hdx-period-v1:0a49e658951b875be812abdafe1acd466327c7ea3a48a2197d4177110e356cbb
Jan 2026,SOM,19442156,second projection,2026-04-01,2026-06-30,3+,5521455,0.28,Conflicting rows share a derived period identity; publisher analysis ID/scope missing,ipc-hdx-period-v1:0a49e658951b875be812abdafe1acd466327c7ea3a48a2197d4177110e356cbb
Jan 2026,SOM,19442156,second projection,2026-04-01,2026-06-30,1,6312451,0.32,Conflicting rows share a derived period identity; publisher analysis ID/scope missing,ipc-hdx-period-v1:0a49e658951b875be812abdafe1acd466327c7ea3a48a2197d4177110e356cbb
Jan 2026,SOM,19442156,second projection,2026-04-01,2026-06-30,2,7608275,0.39,Conflicting rows share a derived period identity; publisher analysis ID/scope missing,ipc-hdx-period-v1:0a49e658951b875be812abdafe1acd466327c7ea3a48a2197d4177110e356cbb
Jan 2026,SOM,19442156,second projection,2026-04-01,2026-06-30,3,3928930,0.2,Conflicting rows share a derived period identity; publisher analysis ID/scope missing,ipc-hdx-period-v1:0a49e658951b875be812abdafe1acd466327c7ea3a48a2197d4177110e356cbb
Jan 2026,SOM,19442156,second projection,2026-04-01,2026-06-30,4,1592525,0.08,Conflicting rows share a derived period identity; publisher analysis ID/scope missing,ipc-hdx-period-v1:0a49e658951b875be812abdafe1acd466327c7ea3a48a2197d4177110e356cbb
Jan 2026,SOM,19442156,second projection,2026-04-01,2026-06-30,5,0,0.0,Conflicting rows share a derived period identity; publisher analysis ID/scope missing,ipc-hdx-period-v1:0a49e658951b875be812abdafe1acd466327c7ea3a48a2197d4177110e356cbb
Jan 2026,SOM,19442156,second projection,2026-04-01,2026-06-30,all,19442155,1.0,Conflicting rows share a derived period identity; publisher analysis ID/scope missing,ipc-hdx-period-v1:0a49e658951b875be812abdafe1acd466327c7ea3a48a2197d4177110e356cbb
Jan 2026,SOM,19442156,second projection,2026-04-01,2026-06-30,3+,5521444,0.28,Conflicting rows share a derived period identity; publisher analysis ID/scope missing,ipc-hdx-period-v1:0a49e658951b875be812abdafe1acd466327c7ea3a48a2197d4177110e356cbb
Jan 2026,SOM,19442156,second projection,2026-04-01,2026-06-30,1,6312446,0.32,Conflicting rows share a derived period identity; publisher analysis ID/scope missing,ipc-hdx-period-v1:0a49e658951b875be812abdafe1acd466327c7ea3a48a2197d4177110e356cbb
Jan 2026,SOM,19442156,second projection,2026-04-01,2026-06-30,2,7608265,0.39,Conflicting rows share a derived period identity; publisher analysis ID/scope missing,ipc-hdx-period-v1:0a49e658951b875be812abdafe1acd466327c7ea3a48a2197d4177110e356cbb
Jan 2026,SOM,19442156,second projection,2026-04-01,2026-06-30,3,3928922,0.2,Conflicting rows share a derived period identity; publisher analysis ID/scope missing,ipc-hdx-period-v1:0a49e658951b875be812abdafe1acd466327c7ea3a48a2197d4177110e356cbb
Jan 2026,SOM,19442156,second projection,2026-04-01,2026-06-30,4,1592522,0.08,Conflicting rows share a derived period identity; publisher analysis ID/scope missing,ipc-hdx-period-v1:0a49e658951b875be812abdafe1acd466327c7ea3a48a2197d4177110e356cbb
Jan 2026,SOM,19442156,second projection,2026-04-01,2026-06-30,5,0,0.0,Conflicting rows share a derived period identity; publisher analysis ID/scope missing,ipc-hdx-period-v1:0a49e658951b875be812abdafe1acd466327c7ea3a48a2197d4177110e356cbb
