country,market_id,commodity_id,commodity,currency,unit,food_unit_original,food_unit_kg,food_normalized_unit,food_price_type,wage_series_signature,series_id,month,value,numerator,denominator,period_start,period_end,source_url,source_version,published_at,fetched_at,dimensions,duplicate_observation_count,mom_pct,mom_status,yoy_pct,yoy_status,index_2015_2019,baseline_geometric_mean,basket_member,age_months
YEM,1945,64,Rice (imported),YER,kg/day_wage,KG,1.0,KG,Retail,"{""commodity"":""Wage (non-qualified labour)"",""commodity_id"":""277"",""currency"":""YER"",""pricetype"":""Retail"",""unit"":""DAY""}",00686c620b8ab25779235ffbe6fd92d4d32bbce083c1430aa09b442643964c8d,2024-05,5.084762999196607,5000.0,983.33,2024-05-01,2024-05-31,https://data.humdata.org/dataset/98574e10-6866-4f13-a2b1-3c8312801af5/resource/2f0c1d18-d42d-4e43-b928-1bd1fc7f6c90/download/wfp_food_prices_yem.csv,matched actual market-month; exact wage signature v1,2026-08-31T02:48:26.874085,2026-09-06T03:00:09.178470+00:00,"{""commodity"":""Rice (imported)"",""commodity_id"":""64"",""currency"":""YER"",""food_normalized_unit"":""KG"",""food_price_type"":""Retail"",""food_quote_count"":1,""food_unit_kg"":1.0,""food_unit_original"":""KG"",""market_id"":""1945"",""pairing_rule"":""unique_daily_wage_series_v1; within-series median quotes"",""wage_original_units"":[""Day""],""wage_quote_count"":1,""wage_series_signature"":{""commodity"":""Wage (non-qualified labour)"",""commodity_id"":""277"",""currency"":""YER"",""pricetype"":""Retail"",""unit"":""DAY""}}",1,0.0,available,-3.3895030152644723,available,94.88733557014278,5.358737252599784,False,27
YEM,199,58,Wheat flour,YER,kg/day_wage,KG,1.0,KG,Retail,"{""commodity"":""Wage (non-qualified labour)"",""commodity_id"":""277"",""currency"":""YER"",""pricetype"":""Retail"",""unit"":""DAY""}",03beafd8ca78b298ba787bb3f205c0c759a4630f3b6c4fe56a9b142172c74b34,2026-07,15.5,15500.0,1000.0,2026-07-01,2026-07-31,https://data.humdata.org/dataset/98574e10-6866-4f13-a2b1-3c8312801af5/resource/2f0c1d18-d42d-4e43-b928-1bd1fc7f6c90/download/wfp_food_prices_yem.csv,matched actual market-month; exact wage signature v1,2026-08-31T02:48:26.874085,2026-09-06T03:00:09.178470+00:00,"{""commodity"":""Wheat flour"",""commodity_id"":""58"",""currency"":""YER"",""food_normalized_unit"":""KG"",""food_price_type"":""Retail"",""food_quote_count"":1,""food_unit_kg"":1.0,""food_unit_original"":""KG"",""market_id"":""199"",""pairing_rule"":""unique_daily_wage_series_v1; within-series median quotes"",""wage_original_units"":[""Day""],""wage_quote_count"":1,""wage_series_signature"":{""commodity"":""Wage (non-qualified labour)"",""commodity_id"":""277"",""currency"":""YER"",""pricetype"":""Retail"",""unit"":""DAY""}}",1,-1.5873015873015928,available,44.99999999999999,available,122.74902237312259,12.62739181163036,False,1
YEM,193,64,Rice (imported),YER,kg/day_wage,KG,1.0,KG,Retail,"{""commodity"":""Wage (non-qualified labour)"",""commodity_id"":""277"",""currency"":""YER"",""pricetype"":""Retail"",""unit"":""DAY""}",04bea04bb7de3702df878c36912b59c8d22ee7a9187151df06fabf5daa3fda22,2024-05,7.777777777777778,7000.0,900.0,2024-05-01,2024-05-31,https://data.humdata.org/dataset/98574e10-6866-4f13-a2b1-3c8312801af5/resource/2f0c1d18-d42d-4e43-b928-1bd1fc7f6c90/download/wfp_food_prices_yem.csv,matched actual market-month; exact wage signature v1,2026-08-31T02:48:26.874085,2026-09-06T03:00:09.178470+00:00,"{""commodity"":""Rice (imported)"",""commodity_id"":""64"",""currency"":""YER"",""food_normalized_unit"":""KG"",""food_price_type"":""Retail"",""food_quote_count"":1,""food_unit_kg"":1.0,""food_unit_original"":""KG"",""market_id"":""193"",""pairing_rule"":""unique_daily_wage_series_v1; within-series median quotes"",""wage_original_units"":[""Day""],""wage_quote_count"":1,""wage_series_signature"":{""commodity"":""Wage (non-qualified labour)"",""commodity_id"":""277"",""currency"":""YER"",""pricetype"":""Retail"",""unit"":""DAY""}}",1,0.0,available,0.0,available,175.30387069043937,4.436740470786398,False,27
YEM,1946,64,Rice (imported),YER,kg/day_wage,KG,1.0,KG,Retail,"{""commodity"":""Wage (non-qualified labour)"",""commodity_id"":""277"",""currency"":""YER"",""pricetype"":""Retail"",""unit"":""DAY""}",05e37a00769cef6f176c57171bafa283e5235ec98e1aaf3a84a64f7636a547c0,2024-04,7.0,7000.0,1000.0,2024-04-01,2024-04-30,https://data.humdata.org/dataset/98574e10-6866-4f13-a2b1-3c8312801af5/resource/2f0c1d18-d42d-4e43-b928-1bd1fc7f6c90/download/wfp_food_prices_yem.csv,matched actual market-month; exact wage signature v1,2026-08-31T02:48:26.874085,2026-09-06T03:00:09.178470+00:00,"{""commodity"":""Rice (imported)"",""commodity_id"":""64"",""currency"":""YER"",""food_normalized_unit"":""KG"",""food_price_type"":""Retail"",""food_quote_count"":1,""food_unit_kg"":1.0,""food_unit_original"":""KG"",""market_id"":""1946"",""pairing_rule"":""unique_daily_wage_series_v1; within-series median quotes"",""wage_original_units"":[""Day""],""wage_quote_count"":1,""wage_series_signature"":{""commodity"":""Wage (non-qualified labour)"",""commodity_id"":""277"",""currency"":""YER"",""pricetype"":""Retail"",""unit"":""DAY""}}",1,0.0,available,,exact comparator unavailable,112.01796166303984,6.248997835772653,False,28
YEM,194,64,Rice (imported),YER,kg/day_wage,KG,1.0,KG,Retail,"{""commodity"":""Wage (non-qualified labour)"",""commodity_id"":""277"",""currency"":""YER"",""pricetype"":""Retail"",""unit"":""DAY""}",10dba4ae5742f31fead264bb2216366f7b2ece642d16bcd2fd2bc90434e496da,2020-03,3.1578947368421053,3000.0,950.0,2020-03-01,2020-03-31,https://data.humdata.org/dataset/98574e10-6866-4f13-a2b1-3c8312801af5/resource/2f0c1d18-d42d-4e43-b928-1bd1fc7f6c90/download/wfp_food_prices_yem.csv,matched actual market-month; exact wage signature v1,2026-08-31T02:48:26.874085,2026-09-06T03:00:09.178470+00:00,"{""commodity"":""Rice (imported)"",""commodity_id"":""64"",""currency"":""YER"",""food_normalized_unit"":""KG"",""food_price_type"":""Retail"",""food_quote_count"":1,""food_unit_kg"":1.0,""food_unit_original"":""KG"",""market_id"":""194"",""pairing_rule"":""unique_daily_wage_series_v1; within-series median quotes"",""wage_original_units"":[""Day""],""wage_quote_count"":1,""wage_series_signature"":{""commodity"":""Wage (non-qualified labour)"",""commodity_id"":""277"",""currency"":""YER"",""pricetype"":""Retail"",""unit"":""DAY""}}",1,0.0,available,3.349282296650724,available,83.01878440676415,3.8038315778866165,False,77
YEM,1947,64,Rice (imported),YER,kg/day_wage,KG,1.0,KG,Retail,"{""commodity"":""Wage (non-qualified labour)"",""commodity_id"":""277"",""currency"":""YER"",""pricetype"":""Retail"",""unit"":""DAY""}",13ae1a46b9efcef12b950e1ddc0920b023932fe4004ff4a8efb30644c312a6fc,2024-05,7.5,7500.0,1000.0,2024-05-01,2024-05-31,https://data.humdata.org/dataset/98574e10-6866-4f13-a2b1-3c8312801af5/resource/2f0c1d18-d42d-4e43-b928-1bd1fc7f6c90/download/wfp_food_prices_yem.csv,matched actual market-month; exact wage signature v1,2026-08-31T02:48:26.874085,2026-09-06T03:00:09.178470+00:00,"{""commodity"":""Rice (imported)"",""commodity_id"":""64"",""currency"":""YER"",""food_normalized_unit"":""KG"",""food_price_type"":""Retail"",""food_quote_count"":1,""food_unit_kg"":1.0,""food_unit_original"":""KG"",""market_id"":""1947"",""pairing_rule"":""unique_daily_wage_series_v1; within-series median quotes"",""wage_original_units"":[""Day""],""wage_quote_count"":1,""wage_series_signature"":{""commodity"":""Wage (non-qualified labour)"",""commodity_id"":""277"",""currency"":""YER"",""pricetype"":""Retail"",""unit"":""DAY""}}",1,0.0,available,-6.25,available,195.06097788435238,3.8449515025227625,False,27
YEM,1933,84,Wheat,YER,kg/day_wage,KG,1.0,KG,Retail,"{""commodity"":""Wage (non-qualified labour)"",""commodity_id"":""277"",""currency"":""YER"",""pricetype"":""Retail"",""unit"":""DAY""}",1443f97078040e13aa51ed6a2274606c5feea04529f736cb0d3ee87b4933dff3,2026-05,28.723526483091415,22500.0,783.33,2026-05-01,2026-05-31,https://data.humdata.org/dataset/98574e10-6866-4f13-a2b1-3c8312801af5/resource/2f0c1d18-d42d-4e43-b928-1bd1fc7f6c90/download/wfp_food_prices_yem.csv,matched actual market-month; exact wage signature v1,2026-08-31T02:48:26.874085,2026-09-06T03:00:09.178470+00:00,"{""commodity"":""Wheat"",""commodity_id"":""84"",""currency"":""YER"",""food_normalized_unit"":""KG"",""food_price_type"":""Retail"",""food_quote_count"":1,""food_unit_kg"":1.0,""food_unit_original"":""KG"",""market_id"":""1933"",""pairing_rule"":""unique_daily_wage_series_v1; within-series median quotes"",""wage_original_units"":[""Day""],""wage_quote_count"":1,""wage_series_signature"":{""commodity"":""Wage (non-qualified labour)"",""commodity_id"":""277"",""currency"":""YER"",""pricetype"":""Retail"",""unit"":""DAY""}}",1,0.5318853239686394,available,72.34115889854849,available,158.77360552940408,18.090869944861183,False,3
YEM,192,84,Wheat,YER,kg/day_wage,KG,1.0,KG,Retail,"{""commodity"":""Wage (non-qualified labour)"",""commodity_id"":""277"",""currency"":""YER"",""pricetype"":""Retail"",""unit"":""DAY""}",16f6d03def5895d7ff3b05967a053a9d93d9708253afb9e4a24b8afa73ee6742,2026-07,26.0,19500.0,750.0,2026-07-01,2026-07-31,https://data.humdata.org/dataset/98574e10-6866-4f13-a2b1-3c8312801af5/resource/2f0c1d18-d42d-4e43-b928-1bd1fc7f6c90/download/wfp_food_prices_yem.csv,matched actual market-month; exact wage signature v1,2026-08-31T02:48:26.874085,2026-09-06T03:00:09.178470+00:00,"{""commodity"":""Wheat"",""commodity_id"":""84"",""currency"":""YER"",""food_normalized_unit"":""KG"",""food_price_type"":""Retail"",""food_quote_count"":1,""food_unit_kg"":1.0,""food_unit_original"":""KG"",""market_id"":""192"",""pairing_rule"":""unique_daily_wage_series_v1; within-series median quotes"",""wage_original_units"":[""Day""],""wage_quote_count"":1,""wage_series_signature"":{""commodity"":""Wage (non-qualified labour)"",""commodity_id"":""277"",""currency"":""YER"",""pricetype"":""Retail"",""unit"":""DAY""}}",1,-3.0513045675754857,available,-7.43481753244164,available,103.27968771684343,25.174359619756842,False,1
YEM,1941,58,Wheat flour,YER,kg/day_wage,KG,1.0,KG,Retail,"{""commodity"":""Wage (non-qualified labour)"",""commodity_id"":""277"",""currency"":""YER"",""pricetype"":""Retail"",""unit"":""DAY""}",1958045e291a17e76566284dfb06c217de819b1df3b9df9d2ba8f38fb185136a,2026-07,27.77777777777778,25000.0,900.0,2026-07-01,2026-07-31,https://data.humdata.org/dataset/98574e10-6866-4f13-a2b1-3c8312801af5/resource/2f0c1d18-d42d-4e43-b928-1bd1fc7f6c90/download/wfp_food_prices_yem.csv,matched actual market-month; exact wage signature v1,2026-08-31T02:48:26.874085,2026-09-06T03:00:09.178470+00:00,"{""commodity"":""Wheat flour"",""commodity_id"":""58"",""currency"":""YER"",""food_normalized_unit"":""KG"",""food_price_type"":""Retail"",""food_quote_count"":1,""food_unit_kg"":1.0,""food_unit_original"":""KG"",""market_id"":""1941"",""pairing_rule"":""unique_daily_wage_series_v1; within-series median quotes"",""wage_original_units"":[""Day""],""wage_quote_count"":1,""wage_series_signature"":{""commodity"":""Wage (non-qualified labour)"",""commodity_id"":""277"",""currency"":""YER"",""pricetype"":""Retail"",""unit"":""DAY""}}",1,11.111111111111116,available,75.92592592592592,available,129.83516014633636,21.394649759333007,False,1
YEM,2370,64,Rice (imported),YER,kg/day_wage,KG,1.0,KG,Retail,"{""commodity"":""Wage (non-qualified labour)"",""commodity_id"":""277"",""currency"":""YER"",""pricetype"":""Retail"",""unit"":""DAY""}",1ccd7dd6e0f071bf3793d45efea23e60ef3ac04baf0aa442d759987deda93927,2024-05,6.260891342230756,6000.0,958.33,2024-05-01,2024-05-31,https://data.humdata.org/dataset/98574e10-6866-4f13-a2b1-3c8312801af5/resource/2f0c1d18-d42d-4e43-b928-1bd1fc7f6c90/download/wfp_food_prices_yem.csv,matched actual market-month; exact wage signature v1,2026-08-31T02:48:26.874085,2026-09-06T03:00:09.178470+00:00,"{""commodity"":""Rice (imported)"",""commodity_id"":""64"",""currency"":""YER"",""food_normalized_unit"":""KG"",""food_price_type"":""Retail"",""food_quote_count"":1,""food_unit_kg"":1.0,""food_unit_original"":""KG"",""market_id"":""2370"",""pairing_rule"":""unique_daily_wage_series_v1; within-series median quotes"",""wage_original_units"":[""Day""],""wage_quote_count"":1,""wage_series_signature"":{""commodity"":""Wage (non-qualified labour)"",""commodity_id"":""277"",""currency"":""YER"",""pricetype"":""Retail"",""unit"":""DAY""}}",1,0.0,available,4.348189037179262,available,157.5101886277628,3.9749119703150484,False,27
YEM,1936,64,Rice (imported),YER,kg/day_wage,KG,1.0,KG,Retail,"{""commodity"":""Wage (non-qualified labour)"",""commodity_id"":""277"",""currency"":""YER"",""pricetype"":""Retail"",""unit"":""DAY""}",1fbccd1eff430ad3a6b5cb68fe5644a6b8064940fc6e798590476161f7ee7ec7,2026-07,6.0,12000.0,2000.0,2026-07-01,2026-07-31,https://data.humdata.org/dataset/98574e10-6866-4f13-a2b1-3c8312801af5/resource/2f0c1d18-d42d-4e43-b928-1bd1fc7f6c90/download/wfp_food_prices_yem.csv,matched actual market-month; exact wage signature v1,2026-08-31T02:48:26.874085,2026-09-06T03:00:09.178470+00:00,"{""commodity"":""Rice (imported)"",""commodity_id"":""64"",""currency"":""YER"",""food_normalized_unit"":""KG"",""food_price_type"":""Retail"",""food_quote_count"":1,""food_unit_kg"":1.0,""food_unit_original"":""KG"",""market_id"":""1936"",""pairing_rule"":""unique_daily_wage_series_v1; within-series median quotes"",""wage_original_units"":[""Day""],""wage_quote_count"":1,""wage_series_signature"":{""commodity"":""Wage (non-qualified labour)"",""commodity_id"":""277"",""currency"":""YER"",""pricetype"":""Retail"",""unit"":""DAY""}}",1,14.374776757882257,available,60.83350000000001,available,110.29685002274815,5.439865235283267,False,1
YEM,1936,84,Wheat,YER,kg/day_wage,KG,1.0,KG,Retail,"{""commodity"":""Wage (non-qualified labour)"",""commodity_id"":""277"",""currency"":""YER"",""pricetype"":""Retail"",""unit"":""DAY""}",24b10047bf4df91ab884a5128d7ea85fd837454035f9ba816d43b08d64812f40,2026-07,16.0,12000.0,750.0,2026-07-01,2026-07-31,https://data.humdata.org/dataset/98574e10-6866-4f13-a2b1-3c8312801af5/resource/2f0c1d18-d42d-4e43-b928-1bd1fc7f6c90/download/wfp_food_prices_yem.csv,matched actual market-month; exact wage signature v1,2026-08-31T02:48:26.874085,2026-09-06T03:00:09.178470+00:00,"{""commodity"":""Wheat"",""commodity_id"":""84"",""currency"":""YER"",""food_normalized_unit"":""KG"",""food_price_type"":""Retail"",""food_quote_count"":1,""food_unit_kg"":1.0,""food_unit_original"":""KG"",""market_id"":""1936"",""pairing_rule"":""unique_daily_wage_series_v1; within-series median quotes"",""wage_original_units"":[""Day""],""wage_quote_count"":1,""wage_series_signature"":{""commodity"":""Wage (non-qualified labour)"",""commodity_id"":""277"",""currency"":""YER"",""pricetype"":""Retail"",""unit"":""DAY""}}",1,19.999962500011705,available,39.99999999999999,available,83.6396569484696,19.129681521598783,False,1
YEM,1934,58,Wheat flour,YER,kg/day_wage,KG,1.0,KG,Retail,"{""commodity"":""Wage (non-qualified labour)"",""commodity_id"":""277"",""currency"":""YER"",""pricetype"":""Retail"",""unit"":""DAY""}",273877be30304d7fe184412482b7caed2c4f51938d8b79a4af11366b8f651904,2026-07,6.792478462182876,6000.0,883.33,2026-07-01,2026-07-31,https://data.humdata.org/dataset/98574e10-6866-4f13-a2b1-3c8312801af5/resource/2f0c1d18-d42d-4e43-b928-1bd1fc7f6c90/download/wfp_food_prices_yem.csv,matched actual market-month; exact wage signature v1,2026-08-31T02:48:26.874085,2026-09-06T03:00:09.178470+00:00,"{""commodity"":""Wheat flour"",""commodity_id"":""58"",""currency"":""YER"",""food_normalized_unit"":""KG"",""food_price_type"":""Retail"",""food_quote_count"":1,""food_unit_kg"":1.0,""food_unit_original"":""KG"",""market_id"":""1934"",""pairing_rule"":""unique_daily_wage_series_v1; within-series median quotes"",""wage_original_units"":[""Day""],""wage_quote_count"":1,""wage_series_signature"":{""commodity"":""Wage (non-qualified labour)"",""commodity_id"":""277"",""currency"":""YER"",""pricetype"":""Retail"",""unit"":""DAY""}}",1,-5.660398718485737,available,-28.301427552556802,available,49.4441143842938,13.737688594015035,False,1
YEM,1947,58,Wheat flour,YER,kg/day_wage,KG,1.0,KG,Retail,"{""commodity"":""Wage (non-qualified labour)"",""commodity_id"":""277"",""currency"":""YER"",""pricetype"":""Retail"",""unit"":""DAY""}",273dd18e76057227455e4ea15bd61afc9d1424ba60c028467730c820e60d926c,2024-05,18.75,7500.0,400.0,2024-05-01,2024-05-31,https://data.humdata.org/dataset/98574e10-6866-4f13-a2b1-3c8312801af5/resource/2f0c1d18-d42d-4e43-b928-1bd1fc7f6c90/download/wfp_food_prices_yem.csv,matched actual market-month; exact wage signature v1,2026-08-31T02:48:26.874085,2026-09-06T03:00:09.178470+00:00,"{""commodity"":""Wheat flour"",""commodity_id"":""58"",""currency"":""YER"",""food_normalized_unit"":""KG"",""food_price_type"":""Retail"",""food_quote_count"":1,""food_unit_kg"":1.0,""food_unit_original"":""KG"",""market_id"":""1947"",""pairing_rule"":""unique_daily_wage_series_v1; within-series median quotes"",""wage_original_units"":[""Day""],""wage_quote_count"":1,""wage_series_signature"":{""commodity"":""Wage (non-qualified labour)"",""commodity_id"":""277"",""currency"":""YER"",""pricetype"":""Retail"",""unit"":""DAY""}}",1,0.0,available,-6.25,available,155.36722651026045,12.068182216512534,False,27
YEM,193,58,Wheat flour,YER,kg/day_wage,KG,1.0,KG,Retail,"{""commodity"":""Wage (non-qualified labour)"",""commodity_id"":""277"",""currency"":""YER"",""pricetype"":""Retail"",""unit"":""DAY""}",306d201100e14d9a696d506758e93d216475aa078a808d326987f7aedf630637,2024-05,20.19211353736983,7000.0,346.67,2024-05-01,2024-05-31,https://data.humdata.org/dataset/98574e10-6866-4f13-a2b1-3c8312801af5/resource/2f0c1d18-d42d-4e43-b928-1bd1fc7f6c90/download/wfp_food_prices_yem.csv,matched actual market-month; exact wage signature v1,2026-08-31T02:48:26.874085,2026-09-06T03:00:09.178470+00:00,"{""commodity"":""Wheat flour"",""commodity_id"":""58"",""currency"":""YER"",""food_normalized_unit"":""KG"",""food_price_type"":""Retail"",""food_quote_count"":1,""food_unit_kg"":1.0,""food_unit_original"":""KG"",""market_id"":""193"",""pairing_rule"":""unique_daily_wage_series_v1; within-series median quotes"",""wage_original_units"":[""Day""],""wage_quote_count"":1,""wage_series_signature"":{""commodity"":""Wage (non-qualified labour)"",""commodity_id"":""277"",""currency"":""YER"",""pricetype"":""Retail"",""unit"":""DAY""}}",1,0.47884154960047276,available,3.074970432976598,available,158.94949521725897,12.703477610778434,False,27
YEM,192,58,Wheat flour,YER,kg/day_wage,KG,1.0,KG,Retail,"{""commodity"":""Wage (non-qualified labour)"",""commodity_id"":""277"",""currency"":""YER"",""pricetype"":""Retail"",""unit"":""DAY""}",30993d1072cf1f8eddc0fbdfda3148fdab20e228ac75116bd77b4661c1777cb9,2026-07,20.89293176047057,19500.0,933.33,2026-07-01,2026-07-31,https://data.humdata.org/dataset/98574e10-6866-4f13-a2b1-3c8312801af5/resource/2f0c1d18-d42d-4e43-b928-1bd1fc7f6c90/download/wfp_food_prices_yem.csv,matched actual market-month; exact wage signature v1,2026-08-31T02:48:26.874085,2026-09-06T03:00:09.178470+00:00,"{""commodity"":""Wheat flour"",""commodity_id"":""58"",""currency"":""YER"",""food_normalized_unit"":""KG"",""food_price_type"":""Retail"",""food_quote_count"":1,""food_unit_kg"":1.0,""food_unit_original"":""KG"",""market_id"":""192"",""pairing_rule"":""unique_daily_wage_series_v1; within-series median quotes"",""wage_original_units"":[""Day""],""wage_quote_count"":1,""wage_series_signature"":{""commodity"":""Wage (non-qualified labour)"",""commodity_id"":""277"",""currency"":""YER"",""pricetype"":""Retail"",""unit"":""DAY""}}",1,-0.8474744326314454,available,-3.739143139818002,available,87.9019871925121,23.768440768822945,False,1
YEM,1933,58,Wheat flour,YER,kg/day_wage,KG,1.0,KG,Retail,"{""commodity"":""Wage (non-qualified labour)"",""commodity_id"":""277"",""currency"":""YER"",""pricetype"":""Retail"",""unit"":""DAY""}",3159af661b6b223928bd48874f7cecccf496fe6bb68e6e2b61d7de97e72a3319,2026-07,26.000108000431997,21666.67,833.33,2026-07-01,2026-07-31,https://data.humdata.org/dataset/98574e10-6866-4f13-a2b1-3c8312801af5/resource/2f0c1d18-d42d-4e43-b928-1bd1fc7f6c90/download/wfp_food_prices_yem.csv,matched actual market-month; exact wage signature v1,2026-08-31T02:48:26.874085,2026-09-06T03:00:09.178470+00:00,"{""commodity"":""Wheat flour"",""commodity_id"":""58"",""currency"":""YER"",""food_normalized_unit"":""KG"",""food_price_type"":""Retail"",""food_quote_count"":1,""food_unit_kg"":1.0,""food_unit_original"":""KG"",""market_id"":""1933"",""pairing_rule"":""unique_daily_wage_series_v1; within-series median quotes"",""wage_original_units"":[""Day""],""wage_quote_count"":1,""wage_series_signature"":{""commodity"":""Wage (non-qualified labour)"",""commodity_id"":""277"",""currency"":""YER"",""pricetype"":""Retail"",""unit"":""DAY""}}",1,-0.9996039984159988,available,69.00070200280798,available,166.30424511103453,15.63406152565305,False,1
YEM,1942,64,Rice (imported),YER,kg/day_wage,KG,1.0,KG,Retail,"{""commodity"":""Wage (non-qualified labour)"",""commodity_id"":""277"",""currency"":""YER"",""pricetype"":""Retail"",""unit"":""DAY""}",324e0fd11ceafee12b500b7ddd9b421554caa356a3399684f1931c1d10f86738,2024-05,7.0,7000.0,1000.0,2024-05-01,2024-05-31,https://data.humdata.org/dataset/98574e10-6866-4f13-a2b1-3c8312801af5/resource/2f0c1d18-d42d-4e43-b928-1bd1fc7f6c90/download/wfp_food_prices_yem.csv,matched actual market-month; exact wage signature v1,2026-08-31T02:48:26.874085,2026-09-06T03:00:09.178470+00:00,"{""commodity"":""Rice (imported)"",""commodity_id"":""64"",""currency"":""YER"",""food_normalized_unit"":""KG"",""food_price_type"":""Retail"",""food_quote_count"":1,""food_unit_kg"":1.0,""food_unit_original"":""KG"",""market_id"":""1942"",""pairing_rule"":""unique_daily_wage_series_v1; within-series median quotes"",""wage_original_units"":[""Day""],""wage_quote_count"":1,""wage_series_signature"":{""commodity"":""Wage (non-qualified labour)"",""commodity_id"":""277"",""currency"":""YER"",""pricetype"":""Retail"",""unit"":""DAY""}}",1,0.0,available,0.0,available,153.52062539839008,4.559647918209566,False,27
ETH,1831,64,Rice (imported),ETB,kg/day_wage,KG,1.0,KG,Retail,"{""commodity"":""Wage (non-qualified labour)"",""commodity_id"":""277"",""currency"":""ETB"",""pricetype"":""Retail"",""unit"":""DAY""}",392b04188d489972563909518164a45cdb33e2240c9b5309509026302406645f,2015-08,3.888888888888889,70.0,18.0,2015-08-01,2015-08-31,https://data.humdata.org/dataset/2e4f1922-e446-4b57-a98a-d0e2d5e34afa/resource/87bac18e-f3aa-4b29-8cf8-76763e823dc5/download/wfp_food_prices_eth.csv,matched actual market-month; exact wage signature v1,2026-08-30T10:59:34.412741,2026-09-06T03:00:09.178470+00:00,"{""commodity"":""Rice (imported)"",""commodity_id"":""64"",""currency"":""ETB"",""food_normalized_unit"":""KG"",""food_price_type"":""Retail"",""food_quote_count"":1,""food_unit_kg"":1.0,""food_unit_original"":""KG"",""market_id"":""1831"",""pairing_rule"":""unique_daily_wage_series_v1; within-series median quotes"",""wage_original_units"":[""Day""],""wage_quote_count"":1,""wage_series_signature"":{""commodity"":""Wage (non-qualified labour)"",""commodity_id"":""277"",""currency"":""ETB"",""pricetype"":""Retail"",""unit"":""DAY""}}",1,,exact comparator unavailable,,exact comparator unavailable,99.99999999999999,3.8888888888888893,False,132
YEM,1934,84,Wheat,YER,kg/day_wage,KG,1.0,KG,Retail,"{""commodity"":""Wage (non-qualified labour)"",""commodity_id"":""277"",""currency"":""YER"",""pricetype"":""Retail"",""unit"":""DAY""}",3ec9259b244ba7920b50fc7b4db9d7187503af626b4c8348429bde5187b0f24a,2026-07,7.2000288001152,6000.0,833.33,2026-07-01,2026-07-31,https://data.humdata.org/dataset/98574e10-6866-4f13-a2b1-3c8312801af5/resource/2f0c1d18-d42d-4e43-b928-1bd1fc7f6c90/download/wfp_food_prices_yem.csv,matched actual market-month; exact wage signature v1,2026-08-31T02:48:26.874085,2026-09-06T03:00:09.178470+00:00,"{""commodity"":""Wheat"",""commodity_id"":""84"",""currency"":""YER"",""food_normalized_unit"":""KG"",""food_price_type"":""Retail"",""food_quote_count"":1,""food_unit_kg"":1.0,""food_unit_original"":""KG"",""market_id"":""1934"",""pairing_rule"":""unique_daily_wage_series_v1; within-series median quotes"",""wage_original_units"":[""Day""],""wage_quote_count"":1,""wage_series_signature"":{""commodity"":""Wage (non-qualified labour)"",""commodity_id"":""277"",""currency"":""YER"",""pricetype"":""Retail"",""unit"":""DAY""}}",1,0.0,available,-29.999519998079982,available,45.397857887456276,15.859842589851832,False,1
YEM,1943,65,Sorghum,YER,kg/day_wage,KG,1.0,KG,Retail,"{""commodity"":""Wage (non-qualified labour)"",""commodity_id"":""277"",""currency"":""YER"",""pricetype"":""Retail"",""unit"":""DAY""}",443db48885e22637242e2209fd1cf89373ba591321e8c981f4985de9ad9a254c,2021-11,17.064846416382252,5000.0,293.0,2021-11-01,2021-11-30,https://data.humdata.org/dataset/98574e10-6866-4f13-a2b1-3c8312801af5/resource/2f0c1d18-d42d-4e43-b928-1bd1fc7f6c90/download/wfp_food_prices_yem.csv,matched actual market-month; exact wage signature v1,2026-08-31T02:48:26.874085,2026-09-06T03:00:09.178470+00:00,"{""commodity"":""Sorghum"",""commodity_id"":""65"",""currency"":""YER"",""food_normalized_unit"":""KG"",""food_price_type"":""Retail"",""food_quote_count"":1,""food_unit_kg"":1.0,""food_unit_original"":""KG"",""market_id"":""1943"",""pairing_rule"":""unique_daily_wage_series_v1; within-series median quotes"",""wage_original_units"":[""Day""],""wage_quote_count"":1,""wage_series_signature"":{""commodity"":""Wage (non-qualified labour)"",""commodity_id"":""277"",""currency"":""YER"",""pricetype"":""Retail"",""unit"":""DAY""}}",1,3.0716723549488067,available,,exact comparator unavailable,137.91072849939638,12.373835307857824,False,57
YEM,2370,65,Sorghum,YER,kg/day_wage,KG,1.0,KG,Retail,"{""commodity"":""Wage (non-qualified labour)"",""commodity_id"":""277"",""currency"":""YER"",""pricetype"":""Retail"",""unit"":""DAY""}",4446d6e88d344db1be74b4a651523729ada47297e151728c9dce6343c73e5e83,2022-03,11.312217194570136,5000.0,442.0,2022-03-01,2022-03-31,https://data.humdata.org/dataset/98574e10-6866-4f13-a2b1-3c8312801af5/resource/2f0c1d18-d42d-4e43-b928-1bd1fc7f6c90/download/wfp_food_prices_yem.csv,matched actual market-month; exact wage signature v1,2026-08-31T02:48:26.874085,2026-09-06T03:00:09.178470+00:00,"{""commodity"":""Sorghum"",""commodity_id"":""65"",""currency"":""YER"",""food_normalized_unit"":""KG"",""food_price_type"":""Retail"",""food_quote_count"":1,""food_unit_kg"":1.0,""food_unit_original"":""KG"",""market_id"":""2370"",""pairing_rule"":""unique_daily_wage_series_v1; within-series median quotes"",""wage_original_units"":[""Day""],""wage_quote_count"":1,""wage_series_signature"":{""commodity"":""Wage (non-qualified labour)"",""commodity_id"":""277"",""currency"":""YER"",""pricetype"":""Retail"",""unit"":""DAY""}}",1,-4.524886877828049,available,24.057315233785804,available,158.85250080181427,7.121208125444217,False,53
YEM,1936,58,Wheat flour,YER,kg/day_wage,KG,1.0,KG,Retail,"{""commodity"":""Wage (non-qualified labour)"",""commodity_id"":""277"",""currency"":""YER"",""pricetype"":""Retail"",""unit"":""DAY""}",46ca8ce8433f922dd88c6038c5ffc9dbf62bc4293abc3fb741f58771602c432f,2026-07,12.0,12000.0,1000.0,2026-07-01,2026-07-31,https://data.humdata.org/dataset/98574e10-6866-4f13-a2b1-3c8312801af5/resource/2f0c1d18-d42d-4e43-b928-1bd1fc7f6c90/download/wfp_food_prices_yem.csv,matched actual market-month; exact wage signature v1,2026-08-31T02:48:26.874085,2026-09-06T03:00:09.178470+00:00,"{""commodity"":""Wheat flour"",""commodity_id"":""58"",""currency"":""YER"",""food_normalized_unit"":""KG"",""food_price_type"":""Retail"",""food_quote_count"":1,""food_unit_kg"":1.0,""food_unit_original"":""KG"",""market_id"":""1936"",""pairing_rule"":""unique_daily_wage_series_v1; within-series median quotes"",""wage_original_units"":[""Day""],""wage_quote_count"":1,""wage_series_signature"":{""commodity"":""Wage (non-qualified labour)"",""commodity_id"":""277"",""currency"":""YER"",""pricetype"":""Retail"",""unit"":""DAY""}}",1,12.499964843760992,available,50.0,available,89.08628399954807,13.470087045117825,False,1
YEM,1940,64,Rice (imported),YER,kg/day_wage,KG,1.0,KG,Retail,"{""commodity"":""Wage (non-qualified labour)"",""commodity_id"":""277"",""currency"":""YER"",""pricetype"":""Retail"",""unit"":""DAY""}",4a23de60989631471df03b60f64b2b6a2c137256c3b4639da5b0dd7379dd67ea,2026-07,4.7727272727272725,10500.0,2200.0,2026-07-01,2026-07-31,https://data.humdata.org/dataset/98574e10-6866-4f13-a2b1-3c8312801af5/resource/2f0c1d18-d42d-4e43-b928-1bd1fc7f6c90/download/wfp_food_prices_yem.csv,matched actual market-month; exact wage signature v1,2026-08-31T02:48:26.874085,2026-09-06T03:00:09.178470+00:00,"{""commodity"":""Rice (imported)"",""commodity_id"":""64"",""currency"":""YER"",""food_normalized_unit"":""KG"",""food_price_type"":""Retail"",""food_quote_count"":1,""food_unit_kg"":1.0,""food_unit_original"":""KG"",""market_id"":""1940"",""pairing_rule"":""unique_daily_wage_series_v1; within-series median quotes"",""wage_original_units"":[""Day""],""wage_quote_count"":1,""wage_series_signature"":{""commodity"":""Wage (non-qualified labour)"",""commodity_id"":""277"",""currency"":""YER"",""pricetype"":""Retail"",""unit"":""DAY""}}",1,-4.545454545454552,available,57.575909090909086,available,113.27700039777889,4.2133242017069295,False,1
YEM,1941,84,Wheat,YER,kg/day_wage,KG,1.0,KG,Retail,"{""commodity"":""Wage (non-qualified labour)"",""commodity_id"":""277"",""currency"":""YER"",""pricetype"":""Retail"",""unit"":""DAY""}",4fd043e15bc3d926889a31ea203a024cbde53d251ec7b86bf7a8120e6e8c3c8c,2026-07,35.714285714285715,25000.0,700.0,2026-07-01,2026-07-31,https://data.humdata.org/dataset/98574e10-6866-4f13-a2b1-3c8312801af5/resource/2f0c1d18-d42d-4e43-b928-1bd1fc7f6c90/download/wfp_food_prices_yem.csv,matched actual market-month; exact wage signature v1,2026-08-31T02:48:26.874085,2026-09-06T03:00:09.178470+00:00,"{""commodity"":""Wheat"",""commodity_id"":""84"",""currency"":""YER"",""food_normalized_unit"":""KG"",""food_price_type"":""Retail"",""food_quote_count"":1,""food_unit_kg"":1.0,""food_unit_original"":""KG"",""market_id"":""1941"",""pairing_rule"":""unique_daily_wage_series_v1; within-series median quotes"",""wage_original_units"":[""Day""],""wage_quote_count"":1,""wage_series_signature"":{""commodity"":""Wage (non-qualified labour)"",""commodity_id"":""277"",""currency"":""YER"",""pricetype"":""Retail"",""unit"":""DAY""}}",1,11.111111111111093,available,74.60317460317462,available,147.1903061017333,24.264020274270727,False,1
YEM,1937,58,Wheat flour,YER,kg/day_wage,KG,1.0,KG,Retail,"{""commodity"":""Wage (non-qualified labour)"",""commodity_id"":""277"",""currency"":""YER"",""pricetype"":""Retail"",""unit"":""DAY""}",58e7448290a13497a4a67bd6e589f0903f6faff246b341dea6861a965dc7197c,2026-07,18.480416918205677,15000.0,811.67,2026-07-01,2026-07-31,https://data.humdata.org/dataset/98574e10-6866-4f13-a2b1-3c8312801af5/resource/2f0c1d18-d42d-4e43-b928-1bd1fc7f6c90/download/wfp_food_prices_yem.csv,matched actual market-month; exact wage signature v1,2026-08-31T02:48:26.874085,2026-09-06T03:00:09.178470+00:00,"{""commodity"":""Wheat flour"",""commodity_id"":""58"",""currency"":""YER"",""food_normalized_unit"":""KG"",""food_price_type"":""Retail"",""food_quote_count"":1,""food_unit_kg"":1.0,""food_unit_original"":""KG"",""market_id"":""1937"",""pairing_rule"":""unique_daily_wage_series_v1; within-series median quotes"",""wage_original_units"":[""Day""],""wage_quote_count"":1,""wage_series_signature"":{""commodity"":""Wage (non-qualified labour)"",""commodity_id"":""277"",""currency"":""YER"",""pricetype"":""Retail"",""unit"":""DAY""}}",1,-1.0275111806522408,available,35.5233654071236,available,99.25482079132544,18.61916305008412,False,1
YEM,1938,64,Rice (imported),YER,kg/day_wage,KG,1.0,KG,Retail,"{""commodity"":""Wage (non-qualified labour)"",""commodity_id"":""277"",""currency"":""YER"",""pricetype"":""Retail"",""unit"":""DAY""}",5ffbf9139cd815b38f7533abd45747b4e05c83499012c9f84afc6536c0bae6c4,2024-05,7.350430769230769,7166.67,975.0,2024-05-01,2024-05-31,https://data.humdata.org/dataset/98574e10-6866-4f13-a2b1-3c8312801af5/resource/2f0c1d18-d42d-4e43-b928-1bd1fc7f6c90/download/wfp_food_prices_yem.csv,matched actual market-month; exact wage signature v1,2026-08-31T02:48:26.874085,2026-09-06T03:00:09.178470+00:00,"{""commodity"":""Rice (imported)"",""commodity_id"":""64"",""currency"":""YER"",""food_normalized_unit"":""KG"",""food_price_type"":""Retail"",""food_quote_count"":1,""food_unit_kg"":1.0,""food_unit_original"":""KG"",""market_id"":""1938"",""pairing_rule"":""unique_daily_wage_series_v1; within-series median quotes"",""wage_original_units"":[""Day""],""wage_quote_count"":1,""wage_series_signature"":{""commodity"":""Wage (non-qualified labour)"",""commodity_id"":""277"",""currency"":""YER"",""pricetype"":""Retail"",""unit"":""DAY""}}",1,-7.320376229936764,available,-0.9445448923076971,available,114.69171031836161,6.4088596715729675,False,27
YEM,195,58,Wheat flour,YER,kg/day_wage,KG,1.0,KG,Retail,"{""commodity"":""Wage (non-qualified labour)"",""commodity_id"":""277"",""currency"":""YER"",""pricetype"":""Retail"",""unit"":""DAY""}",61dd31403fc2dd3343161f6063aa5f3c0482c133ea3fd031848e77e0d1ffde7a,2024-05,15.0,4500.0,300.0,2024-05-01,2024-05-31,https://data.humdata.org/dataset/98574e10-6866-4f13-a2b1-3c8312801af5/resource/2f0c1d18-d42d-4e43-b928-1bd1fc7f6c90/download/wfp_food_prices_yem.csv,matched actual market-month; exact wage signature v1,2026-08-31T02:48:26.874085,2026-09-06T03:00:09.178470+00:00,"{""commodity"":""Wheat flour"",""commodity_id"":""58"",""currency"":""YER"",""food_normalized_unit"":""KG"",""food_price_type"":""Retail"",""food_quote_count"":1,""food_unit_kg"":1.0,""food_unit_original"":""KG"",""market_id"":""195"",""pairing_rule"":""unique_daily_wage_series_v1; within-series median quotes"",""wage_original_units"":[""Day""],""wage_quote_count"":1,""wage_series_signature"":{""commodity"":""Wage (non-qualified labour)"",""commodity_id"":""277"",""currency"":""YER"",""pricetype"":""Retail"",""unit"":""DAY""}}",1,12.5,available,2.115384615384608,available,96.50034895771692,15.543985241517081,False,27
YEM,1944,58,Wheat flour,YER,kg/day_wage,KG,1.0,KG,Retail,"{""commodity"":""Wage (non-qualified labour)"",""commodity_id"":""277"",""currency"":""YER"",""pricetype"":""Retail"",""unit"":""DAY""}",66911de236e2b324d87c8bbffae12d75d4ac1192eb0a72845d0aba5eace1dfcd,2024-05,20.0,6000.0,300.0,2024-05-01,2024-05-31,https://data.humdata.org/dataset/98574e10-6866-4f13-a2b1-3c8312801af5/resource/2f0c1d18-d42d-4e43-b928-1bd1fc7f6c90/download/wfp_food_prices_yem.csv,matched actual market-month; exact wage signature v1,2026-08-31T02:48:26.874085,2026-09-06T03:00:09.178470+00:00,"{""commodity"":""Wheat flour"",""commodity_id"":""58"",""currency"":""YER"",""food_normalized_unit"":""KG"",""food_price_type"":""Retail"",""food_quote_count"":1,""food_unit_kg"":1.0,""food_unit_original"":""KG"",""market_id"":""1944"",""pairing_rule"":""unique_daily_wage_series_v1; within-series median quotes"",""wage_original_units"":[""Day""],""wage_quote_count"":1,""wage_series_signature"":{""commodity"":""Wage (non-qualified labour)"",""commodity_id"":""277"",""currency"":""YER"",""pricetype"":""Retail"",""unit"":""DAY""}}",1,0.0,available,33.33333333333333,available,137.67382778444806,14.527089369021848,False,27
YEM,1946,58,Wheat flour,YER,kg/day_wage,KG,1.0,KG,Retail,"{""commodity"":""Wage (non-qualified labour)"",""commodity_id"":""277"",""currency"":""YER"",""pricetype"":""Retail"",""unit"":""DAY""}",67fc7193a3a9691b233cfaa1d1142ac22401ca089a4a6bc8ddb2e180cfa9e9d0,2024-05,18.87657417145323,7000.0,370.83,2024-05-01,2024-05-31,https://data.humdata.org/dataset/98574e10-6866-4f13-a2b1-3c8312801af5/resource/2f0c1d18-d42d-4e43-b928-1bd1fc7f6c90/download/wfp_food_prices_yem.csv,matched actual market-month; exact wage signature v1,2026-08-31T02:48:26.874085,2026-09-06T03:00:09.178470+00:00,"{""commodity"":""Wheat flour"",""commodity_id"":""58"",""currency"":""YER"",""food_normalized_unit"":""KG"",""food_price_type"":""Retail"",""food_quote_count"":1,""food_unit_kg"":1.0,""food_unit_original"":""KG"",""market_id"":""1946"",""pairing_rule"":""unique_daily_wage_series_v1; within-series median quotes"",""wage_original_units"":[""Day""],""wage_quote_count"":1,""wage_series_signature"":{""commodity"":""Wage (non-qualified labour)"",""commodity_id"":""277"",""currency"":""YER"",""pricetype"":""Retail"",""unit"":""DAY""}}",1,-4.492624652805855,available,8.764123722460448,available,131.94425782981008,14.306476448411576,False,27
YEM,194,58,Wheat flour,YER,kg/day_wage,KG,1.0,KG,Retail,"{""commodity"":""Wage (non-qualified labour)"",""commodity_id"":""277"",""currency"":""YER"",""pricetype"":""Retail"",""unit"":""DAY""}",69e54381bcc36e5b503e9c724bd92bf4c9f90bf96fbbbd097671a5d4d18af4f8,2020-03,11.11111111111111,3000.0,270.0,2020-03-01,2020-03-31,https://data.humdata.org/dataset/98574e10-6866-4f13-a2b1-3c8312801af5/resource/2f0c1d18-d42d-4e43-b928-1bd1fc7f6c90/download/wfp_food_prices_yem.csv,matched actual market-month; exact wage signature v1,2026-08-31T02:48:26.874085,2026-09-06T03:00:09.178470+00:00,"{""commodity"":""Wheat flour"",""commodity_id"":""58"",""currency"":""YER"",""food_normalized_unit"":""KG"",""food_price_type"":""Retail"",""food_quote_count"":1,""food_unit_kg"":1.0,""food_unit_original"":""KG"",""market_id"":""194"",""pairing_rule"":""unique_daily_wage_series_v1; within-series median quotes"",""wage_original_units"":[""Day""],""wage_quote_count"":1,""wage_series_signature"":{""commodity"":""Wage (non-qualified labour)"",""commodity_id"":""277"",""currency"":""YER"",""pricetype"":""Retail"",""unit"":""DAY""}}",1,0.0,available,9.090909090909104,available,102.70202673759127,10.81878465699664,False,77
YEM,1944,64,Rice (imported),YER,kg/day_wage,KG,1.0,KG,Retail,"{""commodity"":""Wage (non-qualified labour)"",""commodity_id"":""277"",""currency"":""YER"",""pricetype"":""Retail"",""unit"":""DAY""}",6beff9cb18b82886e1d912e8bb84a2113faec29afa57b8ba038b252ba159b86b,2024-05,6.666666666666667,6000.0,900.0,2024-05-01,2024-05-31,https://data.humdata.org/dataset/98574e10-6866-4f13-a2b1-3c8312801af5/resource/2f0c1d18-d42d-4e43-b928-1bd1fc7f6c90/download/wfp_food_prices_yem.csv,matched actual market-month; exact wage signature v1,2026-08-31T02:48:26.874085,2026-09-06T03:00:09.178470+00:00,"{""commodity"":""Rice (imported)"",""commodity_id"":""64"",""currency"":""YER"",""food_normalized_unit"":""KG"",""food_price_type"":""Retail"",""food_quote_count"":1,""food_unit_kg"":1.0,""food_unit_original"":""KG"",""market_id"":""1944"",""pairing_rule"":""unique_daily_wage_series_v1; within-series median quotes"",""wage_original_units"":[""Day""],""wage_quote_count"":1,""wage_series_signature"":{""commodity"":""Wage (non-qualified labour)"",""commodity_id"":""277"",""currency"":""YER"",""pricetype"":""Retail"",""unit"":""DAY""}}",1,0.0,available,11.111111111111116,available,134.32347457894238,4.963143402569328,False,27
YEM,199,64,Rice (imported),YER,kg/day_wage,KG,1.0,KG,Retail,"{""commodity"":""Wage (non-qualified labour)"",""commodity_id"":""277"",""currency"":""YER"",""pricetype"":""Retail"",""unit"":""DAY""}",7041fb7dc6e8acf28968ec9e148c8cf6eb4b34935ff684fe333f085637df2b23,2026-07,5.794392523364486,15500.0,2675.0,2026-07-01,2026-07-31,https://data.humdata.org/dataset/98574e10-6866-4f13-a2b1-3c8312801af5/resource/2f0c1d18-d42d-4e43-b928-1bd1fc7f6c90/download/wfp_food_prices_yem.csv,matched actual market-month; exact wage signature v1,2026-08-31T02:48:26.874085,2026-09-06T03:00:09.178470+00:00,"{""commodity"":""Rice (imported)"",""commodity_id"":""64"",""currency"":""YER"",""food_normalized_unit"":""KG"",""food_price_type"":""Retail"",""food_quote_count"":1,""food_unit_kg"":1.0,""food_unit_original"":""KG"",""market_id"":""199"",""pairing_rule"":""unique_daily_wage_series_v1; within-series median quotes"",""wage_original_units"":[""Day""],""wage_quote_count"":1,""wage_series_signature"":{""commodity"":""Wage (non-qualified labour)"",""commodity_id"":""277"",""currency"":""YER"",""pricetype"":""Retail"",""unit"":""DAY""}}",1,-4.346536122237055,available,49.53271028037383,available,116.2986142861326,4.982340124112215,False,1
YEM,197,58,Wheat flour,YER,kg/day_wage,KG,1.0,KG,Retail,"{""commodity"":""Wage (non-qualified labour)"",""commodity_id"":""277"",""currency"":""YER"",""pricetype"":""Retail"",""unit"":""DAY""}",778ac7f4940541929572f6127ff74e6c1b0ab88c349eea06a9756a2f32e80ef3,2024-05,35.0,14000.0,400.0,2024-05-01,2024-05-31,https://data.humdata.org/dataset/98574e10-6866-4f13-a2b1-3c8312801af5/resource/2f0c1d18-d42d-4e43-b928-1bd1fc7f6c90/download/wfp_food_prices_yem.csv,matched actual market-month; exact wage signature v1,2026-08-31T02:48:26.874085,2026-09-06T03:00:09.178470+00:00,"{""commodity"":""Wheat flour"",""commodity_id"":""58"",""currency"":""YER"",""food_normalized_unit"":""KG"",""food_price_type"":""Retail"",""food_quote_count"":1,""food_unit_kg"":1.0,""food_unit_original"":""KG"",""market_id"":""197"",""pairing_rule"":""unique_daily_wage_series_v1; within-series median quotes"",""wage_original_units"":[""Day""],""wage_quote_count"":1,""wage_series_signature"":{""commodity"":""Wage (non-qualified labour)"",""commodity_id"":""277"",""currency"":""YER"",""pricetype"":""Retail"",""unit"":""DAY""}}",1,-7.692327979708136,available,34.61538461538463,available,220.67521410521687,15.860412843334625,False,27
YEM,197,64,Rice (imported),YER,kg/day_wage,KG,1.0,KG,Retail,"{""commodity"":""Wage (non-qualified labour)"",""commodity_id"":""277"",""currency"":""YER"",""pricetype"":""Retail"",""unit"":""DAY""}",779c6c996f3a40607694965a4ce1bd9ff7fbefece79807989a22b45808a5b064,2024-05,14.0,14000.0,1000.0,2024-05-01,2024-05-31,https://data.humdata.org/dataset/98574e10-6866-4f13-a2b1-3c8312801af5/resource/2f0c1d18-d42d-4e43-b928-1bd1fc7f6c90/download/wfp_food_prices_yem.csv,matched actual market-month; exact wage signature v1,2026-08-31T02:48:26.874085,2026-09-06T03:00:09.178470+00:00,"{""commodity"":""Rice (imported)"",""commodity_id"":""64"",""currency"":""YER"",""food_normalized_unit"":""KG"",""food_price_type"":""Retail"",""food_quote_count"":1,""food_unit_kg"":1.0,""food_unit_original"":""KG"",""market_id"":""197"",""pairing_rule"":""unique_daily_wage_series_v1; within-series median quotes"",""wage_original_units"":[""Day""],""wage_quote_count"":1,""wage_series_signature"":{""commodity"":""Wage (non-qualified labour)"",""commodity_id"":""277"",""currency"":""YER"",""pricetype"":""Retail"",""unit"":""DAY""}}",1,-7.692327979708136,available,34.615384615384606,available,252.00115587657797,5.555530073384563,False,27
YEM,1934,65,Sorghum,YER,kg/day_wage,KG,1.0,KG,Retail,"{""commodity"":""Wage (non-qualified labour)"",""commodity_id"":""277"",""currency"":""YER"",""pricetype"":""Retail"",""unit"":""DAY""}",780863bdaf3fd70c7ef6bc1a2e51642853056e8359cd880b6e676194688b527f,2022-03,7.343941248470013,6000.0,817.0,2022-03-01,2022-03-31,https://data.humdata.org/dataset/98574e10-6866-4f13-a2b1-3c8312801af5/resource/2f0c1d18-d42d-4e43-b928-1bd1fc7f6c90/download/wfp_food_prices_yem.csv,matched actual market-month; exact wage signature v1,2026-08-31T02:48:26.874085,2026-09-06T03:00:09.178470+00:00,"{""commodity"":""Sorghum"",""commodity_id"":""65"",""currency"":""YER"",""food_normalized_unit"":""KG"",""food_price_type"":""Retail"",""food_quote_count"":1,""food_unit_kg"":1.0,""food_unit_original"":""KG"",""market_id"":""1934"",""pairing_rule"":""unique_daily_wage_series_v1; within-series median quotes"",""wage_original_units"":[""Day""],""wage_quote_count"":1,""wage_series_signature"":{""commodity"":""Wage (non-qualified labour)"",""commodity_id"":""277"",""currency"":""YER"",""pricetype"":""Retail"",""unit"":""DAY""}}",1,-10.281517747858004,available,26.682986536107723,available,104.53416053213249,7.025398406688862,False,53
YEM,1942,58,Wheat flour,YER,kg/day_wage,KG,1.0,KG,Retail,"{""commodity"":""Wage (non-qualified labour)"",""commodity_id"":""277"",""currency"":""YER"",""pricetype"":""Retail"",""unit"":""DAY""}",7984fbd37bb0e6d34d8ab7b48cc2b4b31a6b00909b4b9688f73add28b99f9a1d,2024-05,20.0,7000.0,350.0,2024-05-01,2024-05-31,https://data.humdata.org/dataset/98574e10-6866-4f13-a2b1-3c8312801af5/resource/2f0c1d18-d42d-4e43-b928-1bd1fc7f6c90/download/wfp_food_prices_yem.csv,matched actual market-month; exact wage signature v1,2026-08-31T02:48:26.874085,2026-09-06T03:00:09.178470+00:00,"{""commodity"":""Wheat flour"",""commodity_id"":""58"",""currency"":""YER"",""food_normalized_unit"":""KG"",""food_price_type"":""Retail"",""food_quote_count"":1,""food_unit_kg"":1.0,""food_unit_original"":""KG"",""market_id"":""1942"",""pairing_rule"":""unique_daily_wage_series_v1; within-series median quotes"",""wage_original_units"":[""Day""],""wage_quote_count"":1,""wage_series_signature"":{""commodity"":""Wage (non-qualified labour)"",""commodity_id"":""277"",""currency"":""YER"",""pricetype"":""Retail"",""unit"":""DAY""}}",1,0.0,available,14.28571428571428,available,165.28021483188274,12.100661909438648,False,27
YEM,193,84,Wheat,YER,kg/day_wage,KG,1.0,KG,Retail,"{""commodity"":""Wage (non-qualified labour)"",""commodity_id"":""277"",""currency"":""YER"",""pricetype"":""Retail"",""unit"":""DAY""}",855b95720a28db8b5d4c3593afda947e4e606ec4bfbc38f3c0615d5cb7683dd4,2024-05,23.333333333333332,7000.0,300.0,2024-05-01,2024-05-31,https://data.humdata.org/dataset/98574e10-6866-4f13-a2b1-3c8312801af5/resource/2f0c1d18-d42d-4e43-b928-1bd1fc7f6c90/download/wfp_food_prices_yem.csv,matched actual market-month; exact wage signature v1,2026-08-31T02:48:26.874085,2026-09-06T03:00:09.178470+00:00,"{""commodity"":""Wheat"",""commodity_id"":""84"",""currency"":""YER"",""food_normalized_unit"":""KG"",""food_price_type"":""Retail"",""food_quote_count"":1,""food_unit_kg"":1.0,""food_unit_original"":""KG"",""market_id"":""193"",""pairing_rule"":""unique_daily_wage_series_v1; within-series median quotes"",""wage_original_units"":[""Day""],""wage_quote_count"":1,""wage_series_signature"":{""commodity"":""Wage (non-qualified labour)"",""commodity_id"":""277"",""currency"":""YER"",""pricetype"":""Retail"",""unit"":""DAY""}}",1,0.0,available,0.0,available,155.1161073529262,15.042495412964705,False,27
YEM,195,84,Wheat,YER,kg/day_wage,KG,1.0,KG,Retail,"{""commodity"":""Wage (non-qualified labour)"",""commodity_id"":""277"",""currency"":""YER"",""pricetype"":""Retail"",""unit"":""DAY""}",882d061aac7580730f18197fc1248d29b5619ba55f5e44a11109aa9e0dd6c902,2024-05,18.0,4500.0,250.0,2024-05-01,2024-05-31,https://data.humdata.org/dataset/98574e10-6866-4f13-a2b1-3c8312801af5/resource/2f0c1d18-d42d-4e43-b928-1bd1fc7f6c90/download/wfp_food_prices_yem.csv,matched actual market-month; exact wage signature v1,2026-08-31T02:48:26.874085,2026-09-06T03:00:09.178470+00:00,"{""commodity"":""Wheat"",""commodity_id"":""84"",""currency"":""YER"",""food_normalized_unit"":""KG"",""food_price_type"":""Retail"",""food_quote_count"":1,""food_unit_kg"":1.0,""food_unit_original"":""KG"",""market_id"":""195"",""pairing_rule"":""unique_daily_wage_series_v1; within-series median quotes"",""wage_original_units"":[""Day""],""wage_quote_count"":1,""wage_series_signature"":{""commodity"":""Wage (non-qualified labour)"",""commodity_id"":""277"",""currency"":""YER"",""pricetype"":""Retail"",""unit"":""DAY""}}",1,17.000000000000014,available,3.8461538461538547,available,106.59574203194424,16.88622796453335,False,27
YEM,198,84,Wheat,YER,kg/day_wage,KG,1.0,KG,Retail,"{""commodity"":""Wage (non-qualified labour)"",""commodity_id"":""277"",""currency"":""YER"",""pricetype"":""Retail"",""unit"":""DAY""}",8919523eaffd87fa540642efb130a33d13eec1df055fce566b51835cd52279b3,2026-07,20.0,20000.0,1000.0,2026-07-01,2026-07-31,https://data.humdata.org/dataset/98574e10-6866-4f13-a2b1-3c8312801af5/resource/2f0c1d18-d42d-4e43-b928-1bd1fc7f6c90/download/wfp_food_prices_yem.csv,matched actual market-month; exact wage signature v1,2026-08-31T02:48:26.874085,2026-09-06T03:00:09.178470+00:00,"{""commodity"":""Wheat"",""commodity_id"":""84"",""currency"":""YER"",""food_normalized_unit"":""KG"",""food_price_type"":""Retail"",""food_quote_count"":1,""food_unit_kg"":1.0,""food_unit_original"":""KG"",""market_id"":""198"",""pairing_rule"":""unique_daily_wage_series_v1; within-series median quotes"",""wage_original_units"":[""Day""],""wage_quote_count"":1,""wage_series_signature"":{""commodity"":""Wage (non-qualified labour)"",""commodity_id"":""277"",""currency"":""YER"",""pricetype"":""Retail"",""unit"":""DAY""}}",1,0.0,available,29.16700000000001,available,109.9981201510403,18.18212890596463,False,1
YEM,1943,64,Rice (imported),YER,kg/day_wage,KG,1.0,KG,Retail,"{""commodity"":""Wage (non-qualified labour)"",""commodity_id"":""277"",""currency"":""YER"",""pricetype"":""Retail"",""unit"":""DAY""}",895178c6e8db56bfe89c0e3008bca06b58ac5befee97cb4dde556d8f2f3b8cb9,2024-05,6.0,6000.0,1000.0,2024-05-01,2024-05-31,https://data.humdata.org/dataset/98574e10-6866-4f13-a2b1-3c8312801af5/resource/2f0c1d18-d42d-4e43-b928-1bd1fc7f6c90/download/wfp_food_prices_yem.csv,matched actual market-month; exact wage signature v1,2026-08-31T02:48:26.874085,2026-09-06T03:00:09.178470+00:00,"{""commodity"":""Rice (imported)"",""commodity_id"":""64"",""currency"":""YER"",""food_normalized_unit"":""KG"",""food_price_type"":""Retail"",""food_quote_count"":1,""food_unit_kg"":1.0,""food_unit_original"":""KG"",""market_id"":""1943"",""pairing_rule"":""unique_daily_wage_series_v1; within-series median quotes"",""wage_original_units"":[""Day""],""wage_quote_count"":1,""wage_series_signature"":{""commodity"":""Wage (non-qualified labour)"",""commodity_id"":""277"",""currency"":""YER"",""pricetype"":""Retail"",""unit"":""DAY""}}",1,0.0,available,0.0,available,123.03345998532832,4.876722154051017,False,27
YEM,197,65,Sorghum,YER,kg/day_wage,KG,1.0,KG,Retail,"{""commodity"":""Wage (non-qualified labour)"",""commodity_id"":""277"",""currency"":""YER"",""pricetype"":""Retail"",""unit"":""DAY""}",89da5a1f3f40ebbed59ef706eab2d26592a4db17045501ebcc50617a2e9d2e4f,2022-03,21.818181818181817,12000.0,550.0,2022-03-01,2022-03-31,https://data.humdata.org/dataset/98574e10-6866-4f13-a2b1-3c8312801af5/resource/2f0c1d18-d42d-4e43-b928-1bd1fc7f6c90/download/wfp_food_prices_yem.csv,matched actual market-month; exact wage signature v1,2026-08-31T02:48:26.874085,2026-09-06T03:00:09.178470+00:00,"{""commodity"":""Sorghum"",""commodity_id"":""65"",""currency"":""YER"",""food_normalized_unit"":""KG"",""food_price_type"":""Retail"",""food_quote_count"":1,""food_unit_kg"":1.0,""food_unit_original"":""KG"",""market_id"":""197"",""pairing_rule"":""unique_daily_wage_series_v1; within-series median quotes"",""wage_original_units"":[""Day""],""wage_quote_count"":1,""wage_series_signature"":{""commodity"":""Wage (non-qualified labour)"",""commodity_id"":""277"",""currency"":""YER"",""pricetype"":""Retail"",""unit"":""DAY""}}",1,-21.272727272727277,available,-21.272727272727277,available,179.44664981543258,12.158589664740251,False,53
ETH,1831,67,Maize (white),ETB,kg/day_wage,100 KG,100.0,KG,Retail,"{""commodity"":""Wage (non-qualified labour)"",""commodity_id"":""277"",""currency"":""ETB"",""pricetype"":""Retail"",""unit"":""DAY""}",8ffdb21cbac325a474cb883592e59c8e2c9a21b5a8520b6f1b4e4232299b9f40,2015-08,10.76923076923077,70.0,6.5,2015-08-01,2015-08-31,https://data.humdata.org/dataset/2e4f1922-e446-4b57-a98a-d0e2d5e34afa/resource/87bac18e-f3aa-4b29-8cf8-76763e823dc5/download/wfp_food_prices_eth.csv,matched actual market-month; exact wage signature v1,2026-08-30T10:59:34.412741,2026-09-06T03:00:09.178470+00:00,"{""commodity"":""Maize (white)"",""commodity_id"":""67"",""currency"":""ETB"",""food_normalized_unit"":""KG"",""food_price_type"":""Retail"",""food_quote_count"":1,""food_unit_kg"":100.0,""food_unit_original"":""100 KG"",""market_id"":""1831"",""pairing_rule"":""unique_daily_wage_series_v1; within-series median quotes"",""wage_original_units"":[""Day""],""wage_quote_count"":1,""wage_series_signature"":{""commodity"":""Wage (non-qualified labour)"",""commodity_id"":""277"",""currency"":""ETB"",""pricetype"":""Retail"",""unit"":""DAY""}}",1,,exact comparator unavailable,,exact comparator unavailable,99.99999999999999,10.76923076923077,False,132
YEM,2370,84,Wheat,YER,kg/day_wage,KG,1.0,KG,Retail,"{""commodity"":""Wage (non-qualified labour)"",""commodity_id"":""277"",""currency"":""YER"",""pricetype"":""Retail"",""unit"":""DAY""}",910efac259b64034dfa52b6f97bf4905ba68c2f0c252759dfafa82cc1846693a,2024-05,27.272727272727273,6000.0,220.0,2024-05-01,2024-05-31,https://data.humdata.org/dataset/98574e10-6866-4f13-a2b1-3c8312801af5/resource/2f0c1d18-d42d-4e43-b928-1bd1fc7f6c90/download/wfp_food_prices_yem.csv,matched actual market-month; exact wage signature v1,2026-08-31T02:48:26.874085,2026-09-06T03:00:09.178470+00:00,"{""commodity"":""Wheat"",""commodity_id"":""84"",""currency"":""YER"",""food_normalized_unit"":""KG"",""food_price_type"":""Retail"",""food_quote_count"":1,""food_unit_kg"":1.0,""food_unit_original"":""KG"",""market_id"":""2370"",""pairing_rule"":""unique_daily_wage_series_v1; within-series median quotes"",""wage_original_units"":[""Day""],""wage_quote_count"":1,""wage_series_signature"":{""commodity"":""Wage (non-qualified labour)"",""commodity_id"":""277"",""currency"":""YER"",""pricetype"":""Retail"",""unit"":""DAY""}}",1,-3.786363636363632,available,31.818181818181813,available,223.98426917082188,12.176179770878328,False,27
YEM,1940,58,Wheat flour,YER,kg/day_wage,KG,1.0,KG,Retail,"{""commodity"":""Wage (non-qualified labour)"",""commodity_id"":""277"",""currency"":""YER"",""pricetype"":""Retail"",""unit"":""DAY""}",927ba1e25eb41b6abae03491f756a950d034516a1c693b165e388ffad861f161,2026-07,13.125,10500.0,800.0,2026-07-01,2026-07-31,https://data.humdata.org/dataset/98574e10-6866-4f13-a2b1-3c8312801af5/resource/2f0c1d18-d42d-4e43-b928-1bd1fc7f6c90/download/wfp_food_prices_yem.csv,matched actual market-month; exact wage signature v1,2026-08-31T02:48:26.874085,2026-09-06T03:00:09.178470+00:00,"{""commodity"":""Wheat flour"",""commodity_id"":""58"",""currency"":""YER"",""food_normalized_unit"":""KG"",""food_price_type"":""Retail"",""food_quote_count"":1,""food_unit_kg"":1.0,""food_unit_original"":""KG"",""market_id"":""1940"",""pairing_rule"":""unique_daily_wage_series_v1; within-series median quotes"",""wage_original_units"":[""Day""],""wage_quote_count"":1,""wage_series_signature"":{""commodity"":""Wage (non-qualified labour)"",""commodity_id"":""277"",""currency"":""YER"",""pricetype"":""Retail"",""unit"":""DAY""}}",1,-4.545454545454541,available,68.75,available,100.70595834310832,13.03299250207492,False,1
YEM,1939,64,Rice (imported),YER,kg/day_wage,KG,1.0,KG,Retail,"{""commodity"":""Wage (non-qualified labour)"",""commodity_id"":""277"",""currency"":""YER"",""pricetype"":""Retail"",""unit"":""DAY""}",94bc2aad2cd994b97baf3149387c9dcd97c285f05c96ae2e3ffc14a14589902e,2026-07,4.545454545454546,10000.0,2200.0,2026-07-01,2026-07-31,https://data.humdata.org/dataset/98574e10-6866-4f13-a2b1-3c8312801af5/resource/2f0c1d18-d42d-4e43-b928-1bd1fc7f6c90/download/wfp_food_prices_yem.csv,matched actual market-month; exact wage signature v1,2026-08-31T02:48:26.874085,2026-09-06T03:00:09.178470+00:00,"{""commodity"":""Rice (imported)"",""commodity_id"":""64"",""currency"":""YER"",""food_normalized_unit"":""KG"",""food_price_type"":""Retail"",""food_quote_count"":1,""food_unit_kg"":1.0,""food_unit_original"":""KG"",""market_id"":""1939"",""pairing_rule"":""unique_daily_wage_series_v1; within-series median quotes"",""wage_original_units"":[""Day""],""wage_quote_count"":1,""wage_series_signature"":{""commodity"":""Wage (non-qualified labour)"",""commodity_id"":""277"",""currency"":""YER"",""pricetype"":""Retail"",""unit"":""DAY""}}",1,0.0,available,48.485,available,106.78175501437426,4.256770779654882,False,1
YEM,1937,64,Rice (imported),YER,kg/day_wage,KG,1.0,KG,Retail,"{""commodity"":""Wage (non-qualified labour)"",""commodity_id"":""277"",""currency"":""YER"",""pricetype"":""Retail"",""unit"":""DAY""}",9b9c532a9c4f529f7c78ae090f1f51d393a87df72db224e489a981654da9070f,2026-07,5.294123875439854,15000.0,2833.33,2026-07-01,2026-07-31,https://data.humdata.org/dataset/98574e10-6866-4f13-a2b1-3c8312801af5/resource/2f0c1d18-d42d-4e43-b928-1bd1fc7f6c90/download/wfp_food_prices_yem.csv,matched actual market-month; exact wage signature v1,2026-08-31T02:48:26.874085,2026-09-06T03:00:09.178470+00:00,"{""commodity"":""Rice (imported)"",""commodity_id"":""64"",""currency"":""YER"",""food_normalized_unit"":""KG"",""food_price_type"":""Retail"",""food_quote_count"":1,""food_unit_kg"":1.0,""food_unit_original"":""KG"",""market_id"":""1937"",""pairing_rule"":""unique_daily_wage_series_v1; within-series median quotes"",""wage_original_units"":[""Day""],""wage_quote_count"":1,""wage_series_signature"":{""commodity"":""Wage (non-qualified labour)"",""commodity_id"":""277"",""currency"":""YER"",""pricetype"":""Retail"",""unit"":""DAY""}}",1,-4.70577024208263,available,2.794150346059232,available,83.56019005730192,6.335701093797626,False,1
YEM,196,84,Wheat,YER,kg/day_wage,KG,1.0,KG,Retail,"{""commodity"":""Wage (non-qualified labour)"",""commodity_id"":""277"",""currency"":""YER"",""pricetype"":""Retail"",""unit"":""DAY""}",9d0bf92c1ddc1707fc7ee82a8043a8218d3c099001599be1c9ad60843628a1c5,2024-05,24.0,6000.0,250.0,2024-05-01,2024-05-31,https://data.humdata.org/dataset/98574e10-6866-4f13-a2b1-3c8312801af5/resource/2f0c1d18-d42d-4e43-b928-1bd1fc7f6c90/download/wfp_food_prices_yem.csv,matched actual market-month; exact wage signature v1,2026-08-31T02:48:26.874085,2026-09-06T03:00:09.178470+00:00,"{""commodity"":""Wheat"",""commodity_id"":""84"",""currency"":""YER"",""food_normalized_unit"":""KG"",""food_price_type"":""Retail"",""food_quote_count"":1,""food_unit_kg"":1.0,""food_unit_original"":""KG"",""market_id"":""196"",""pairing_rule"":""unique_daily_wage_series_v1; within-series median quotes"",""wage_original_units"":[""Day""],""wage_quote_count"":1,""wage_series_signature"":{""commodity"":""Wage (non-qualified labour)"",""commodity_id"":""277"",""currency"":""YER"",""pricetype"":""Retail"",""unit"":""DAY""}}",1,0.0,available,,exact comparator unavailable,130.54861331304667,18.383956283357556,False,27
YEM,196,58,Wheat flour,YER,kg/day_wage,KG,1.0,KG,Retail,"{""commodity"":""Wage (non-qualified labour)"",""commodity_id"":""277"",""currency"":""YER"",""pricetype"":""Retail"",""unit"":""DAY""}",9e8a64642069d9e9021178daa84dce335adb6f3c9832c85de0bc751648d87158,2024-05,20.0,6000.0,300.0,2024-05-01,2024-05-31,https://data.humdata.org/dataset/98574e10-6866-4f13-a2b1-3c8312801af5/resource/2f0c1d18-d42d-4e43-b928-1bd1fc7f6c90/download/wfp_food_prices_yem.csv,matched actual market-month; exact wage signature v1,2026-08-31T02:48:26.874085,2026-09-06T03:00:09.178470+00:00,"{""commodity"":""Wheat flour"",""commodity_id"":""58"",""currency"":""YER"",""food_normalized_unit"":""KG"",""food_price_type"":""Retail"",""food_quote_count"":1,""food_unit_kg"":1.0,""food_unit_original"":""KG"",""market_id"":""196"",""pairing_rule"":""unique_daily_wage_series_v1; within-series median quotes"",""wage_original_units"":[""Day""],""wage_quote_count"":1,""wage_series_signature"":{""commodity"":""Wage (non-qualified labour)"",""commodity_id"":""277"",""currency"":""YER"",""pricetype"":""Retail"",""unit"":""DAY""}}",1,8.333333333333348,available,,exact comparator unavailable,122.08472459137079,16.3820658701913,False,27
YEM,1943,84,Wheat,YER,kg/day_wage,KG,1.0,KG,Retail,"{""commodity"":""Wage (non-qualified labour)"",""commodity_id"":""277"",""currency"":""YER"",""pricetype"":""Retail"",""unit"":""DAY""}",9eab3417088c4e8b4532ab13be80da446ec52dd69262c062c3caf0ea40fbb2f5,2024-05,20.0,6000.0,300.0,2024-05-01,2024-05-31,https://data.humdata.org/dataset/98574e10-6866-4f13-a2b1-3c8312801af5/resource/2f0c1d18-d42d-4e43-b928-1bd1fc7f6c90/download/wfp_food_prices_yem.csv,matched actual market-month; exact wage signature v1,2026-08-31T02:48:26.874085,2026-09-06T03:00:09.178470+00:00,"{""commodity"":""Wheat"",""commodity_id"":""84"",""currency"":""YER"",""food_normalized_unit"":""KG"",""food_price_type"":""Retail"",""food_quote_count"":1,""food_unit_kg"":1.0,""food_unit_original"":""KG"",""market_id"":""1943"",""pairing_rule"":""unique_daily_wage_series_v1; within-series median quotes"",""wage_original_units"":[""Day""],""wage_quote_count"":1,""wage_series_signature"":{""commodity"":""Wage (non-qualified labour)"",""commodity_id"":""277"",""currency"":""YER"",""pricetype"":""Retail"",""unit"":""DAY""}}",1,0.0,available,16.666666666666675,available,129.04143839511647,15.498897291241672,False,27
YEM,1945,58,Wheat flour,YER,kg/day_wage,KG,1.0,KG,Retail,"{""commodity"":""Wage (non-qualified labour)"",""commodity_id"":""277"",""currency"":""YER"",""pricetype"":""Retail"",""unit"":""DAY""}",a4fb1e55bf917f7955f73b60740e510e720dc4c37061b295a40c33fc035af37e,2024-05,12.5,5000.0,400.0,2024-05-01,2024-05-31,https://data.humdata.org/dataset/98574e10-6866-4f13-a2b1-3c8312801af5/resource/2f0c1d18-d42d-4e43-b928-1bd1fc7f6c90/download/wfp_food_prices_yem.csv,matched actual market-month; exact wage signature v1,2026-08-31T02:48:26.874085,2026-09-06T03:00:09.178470+00:00,"{""commodity"":""Wheat flour"",""commodity_id"":""58"",""currency"":""YER"",""food_normalized_unit"":""KG"",""food_price_type"":""Retail"",""food_quote_count"":1,""food_unit_kg"":1.0,""food_unit_original"":""KG"",""market_id"":""1945"",""pairing_rule"":""unique_daily_wage_series_v1; within-series median quotes"",""wage_original_units"":[""Day""],""wage_quote_count"":1,""wage_series_signature"":{""commodity"":""Wage (non-qualified labour)"",""commodity_id"":""277"",""currency"":""YER"",""pricetype"":""Retail"",""unit"":""DAY""}}",1,-2.082499999999987,available,2.499999999999991,available,82.50131133039649,15.151274323314356,False,27
YEM,1939,58,Wheat flour,YER,kg/day_wage,KG,1.0,KG,Retail,"{""commodity"":""Wage (non-qualified labour)"",""commodity_id"":""277"",""currency"":""YER"",""pricetype"":""Retail"",""unit"":""DAY""}",a66a9ec7f9049aad80f2926d64bab5fd617fe54b1fa1f3cc2438f323a161bce0,2026-07,12.5,10000.0,800.0,2026-07-01,2026-07-31,https://data.humdata.org/dataset/98574e10-6866-4f13-a2b1-3c8312801af5/resource/2f0c1d18-d42d-4e43-b928-1bd1fc7f6c90/download/wfp_food_prices_yem.csv,matched actual market-month; exact wage signature v1,2026-08-31T02:48:26.874085,2026-09-06T03:00:09.178470+00:00,"{""commodity"":""Wheat flour"",""commodity_id"":""58"",""currency"":""YER"",""food_normalized_unit"":""KG"",""food_price_type"":""Retail"",""food_quote_count"":1,""food_unit_kg"":1.0,""food_unit_original"":""KG"",""market_id"":""1939"",""pairing_rule"":""unique_daily_wage_series_v1; within-series median quotes"",""wage_original_units"":[""Day""],""wage_quote_count"":1,""wage_series_signature"":{""commodity"":""Wage (non-qualified labour)"",""commodity_id"":""277"",""currency"":""YER"",""pricetype"":""Retail"",""unit"":""DAY""}}",1,0.0,available,56.25,available,98.251108118206,12.722502818961836,False,1
YEM,195,65,Sorghum,YER,kg/day_wage,KG,1.0,KG,Retail,"{""commodity"":""Wage (non-qualified labour)"",""commodity_id"":""277"",""currency"":""YER"",""pricetype"":""Retail"",""unit"":""DAY""}",b58174cd21f3df2e03dfac67905fccb4eaeb657cbf85179f3b002a2050429ee9,2021-06,10.736196319018404,3500.0,326.0,2021-06-01,2021-06-30,https://data.humdata.org/dataset/98574e10-6866-4f13-a2b1-3c8312801af5/resource/2f0c1d18-d42d-4e43-b928-1bd1fc7f6c90/download/wfp_food_prices_yem.csv,matched actual market-month; exact wage signature v1,2026-08-31T02:48:26.874085,2026-09-06T03:00:09.178470+00:00,"{""commodity"":""Sorghum"",""commodity_id"":""65"",""currency"":""YER"",""food_normalized_unit"":""KG"",""food_price_type"":""Retail"",""food_quote_count"":1,""food_unit_kg"":1.0,""food_unit_original"":""KG"",""market_id"":""195"",""pairing_rule"":""unique_daily_wage_series_v1; within-series median quotes"",""wage_original_units"":[""Day""],""wage_quote_count"":1,""wage_series_signature"":{""commodity"":""Wage (non-qualified labour)"",""commodity_id"":""277"",""currency"":""YER"",""pricetype"":""Retail"",""unit"":""DAY""}}",1,3.2569469505593585,available,-24.846625766871178,available,90.14483892536252,11.90994009974069,False,62
YEM,198,64,Rice (imported),YER,kg/day_wage,KG,1.0,KG,Retail,"{""commodity"":""Wage (non-qualified labour)"",""commodity_id"":""277"",""currency"":""YER"",""pricetype"":""Retail"",""unit"":""DAY""}",b8269c7696853feb3e447982112e6dc795534ea8c1c19b716680eddbc3374169,2026-07,8.0,20000.0,2500.0,2026-07-01,2026-07-31,https://data.humdata.org/dataset/98574e10-6866-4f13-a2b1-3c8312801af5/resource/2f0c1d18-d42d-4e43-b928-1bd1fc7f6c90/download/wfp_food_prices_yem.csv,matched actual market-month; exact wage signature v1,2026-08-31T02:48:26.874085,2026-09-06T03:00:09.178470+00:00,"{""commodity"":""Rice (imported)"",""commodity_id"":""64"",""currency"":""YER"",""food_normalized_unit"":""KG"",""food_price_type"":""Retail"",""food_quote_count"":1,""food_unit_kg"":1.0,""food_unit_original"":""KG"",""market_id"":""198"",""pairing_rule"":""unique_daily_wage_series_v1; within-series median quotes"",""wage_original_units"":[""Day""],""wage_quote_count"":1,""wage_series_signature"":{""commodity"":""Wage (non-qualified labour)"",""commodity_id"":""277"",""currency"":""YER"",""pricetype"":""Retail"",""unit"":""DAY""}}",1,0.0,available,30.066799999999994,available,117.4261062294029,6.812795090361976,False,1
YEM,1944,84,Wheat,YER,kg/day_wage,KG,1.0,KG,Retail,"{""commodity"":""Wage (non-qualified labour)"",""commodity_id"":""277"",""currency"":""YER"",""pricetype"":""Retail"",""unit"":""DAY""}",bb3998453cb4c597f548c71c0615ea395a5f8ccc6b9e72a0c2ed911f48b46308,2024-05,24.0,6000.0,250.0,2024-05-01,2024-05-31,https://data.humdata.org/dataset/98574e10-6866-4f13-a2b1-3c8312801af5/resource/2f0c1d18-d42d-4e43-b928-1bd1fc7f6c90/download/wfp_food_prices_yem.csv,matched actual market-month; exact wage signature v1,2026-08-31T02:48:26.874085,2026-09-06T03:00:09.178470+00:00,"{""commodity"":""Wheat"",""commodity_id"":""84"",""currency"":""YER"",""food_normalized_unit"":""KG"",""food_price_type"":""Retail"",""food_quote_count"":1,""food_unit_kg"":1.0,""food_unit_original"":""KG"",""market_id"":""1944"",""pairing_rule"":""unique_daily_wage_series_v1; within-series median quotes"",""wage_original_units"":[""Day""],""wage_quote_count"":1,""wage_series_signature"":{""commodity"":""Wage (non-qualified labour)"",""commodity_id"":""277"",""currency"":""YER"",""pricetype"":""Retail"",""unit"":""DAY""}}",1,0.0,available,40.000000000000014,available,148.4183157519729,16.1705109496777,False,27
YEM,195,64,Rice (imported),YER,kg/day_wage,KG,1.0,KG,Retail,"{""commodity"":""Wage (non-qualified labour)"",""commodity_id"":""277"",""currency"":""YER"",""pricetype"":""Retail"",""unit"":""DAY""}",bec67c279890cd8efee6d4c57915c3c688cd5502cb20c6762dec95ea3b5883b2,2024-05,4.5,4500.0,1000.0,2024-05-01,2024-05-31,https://data.humdata.org/dataset/98574e10-6866-4f13-a2b1-3c8312801af5/resource/2f0c1d18-d42d-4e43-b928-1bd1fc7f6c90/download/wfp_food_prices_yem.csv,matched actual market-month; exact wage signature v1,2026-08-31T02:48:26.874085,2026-09-06T03:00:09.178470+00:00,"{""commodity"":""Rice (imported)"",""commodity_id"":""64"",""currency"":""YER"",""food_normalized_unit"":""KG"",""food_price_type"":""Retail"",""food_quote_count"":1,""food_unit_kg"":1.0,""food_unit_original"":""KG"",""market_id"":""195"",""pairing_rule"":""unique_daily_wage_series_v1; within-series median quotes"",""wage_original_units"":[""Day""],""wage_quote_count"":1,""wage_series_signature"":{""commodity"":""Wage (non-qualified labour)"",""commodity_id"":""277"",""currency"":""YER"",""pricetype"":""Retail"",""unit"":""DAY""}}",1,12.5,available,-29.90384615384616,available,79.29606398096334,5.674934888420588,False,27
YEM,1935,84,Wheat,YER,kg/day_wage,KG,1.0,KG,Retail,"{""commodity"":""Wage (non-qualified labour)"",""commodity_id"":""277"",""currency"":""YER"",""pricetype"":""Retail"",""unit"":""DAY""}",bfbb9500cd4bec62119701fad9658d4e02bf71b5391e2d9e03cd4a6b88da3e2c,2026-07,13.91304347826087,16000.0,1150.0,2026-07-01,2026-07-31,https://data.humdata.org/dataset/98574e10-6866-4f13-a2b1-3c8312801af5/resource/2f0c1d18-d42d-4e43-b928-1bd1fc7f6c90/download/wfp_food_prices_yem.csv,matched actual market-month; exact wage signature v1,2026-08-31T02:48:26.874085,2026-09-06T03:00:09.178470+00:00,"{""commodity"":""Wheat"",""commodity_id"":""84"",""currency"":""YER"",""food_normalized_unit"":""KG"",""food_price_type"":""Retail"",""food_quote_count"":1,""food_unit_kg"":1.0,""food_unit_original"":""KG"",""market_id"":""1935"",""pairing_rule"":""unique_daily_wage_series_v1; within-series median quotes"",""wage_original_units"":[""Day""],""wage_quote_count"":1,""wage_series_signature"":{""commodity"":""Wage (non-qualified labour)"",""commodity_id"":""277"",""currency"":""YER"",""pricetype"":""Retail"",""unit"":""DAY""}}",1,4.347826086956519,available,21.570259213879606,available,62.463008026605515,22.27405294399966,False,1
YEM,192,64,Rice (imported),YER,kg/day_wage,KG,1.0,KG,Retail,"{""commodity"":""Wage (non-qualified labour)"",""commodity_id"":""277"",""currency"":""YER"",""pricetype"":""Retail"",""unit"":""DAY""}",c41703deb4e75c76045d144bf3333b9f1f372499dde18b545a42566a8752b92b,2026-07,8.796979252662778,19500.0,2216.67,2026-07-01,2026-07-31,https://data.humdata.org/dataset/98574e10-6866-4f13-a2b1-3c8312801af5/resource/2f0c1d18-d42d-4e43-b928-1bd1fc7f6c90/download/wfp_food_prices_yem.csv,matched actual market-month; exact wage signature v1,2026-08-31T02:48:26.874085,2026-09-06T03:00:09.178470+00:00,"{""commodity"":""Rice (imported)"",""commodity_id"":""64"",""currency"":""YER"",""food_normalized_unit"":""KG"",""food_price_type"":""Retail"",""food_quote_count"":1,""food_unit_kg"":1.0,""food_unit_original"":""KG"",""market_id"":""192"",""pairing_rule"":""unique_daily_wage_series_v1; within-series median quotes"",""wage_original_units"":[""Day""],""wage_quote_count"":1,""wage_series_signature"":{""commodity"":""Wage (non-qualified labour)"",""commodity_id"":""277"",""currency"":""YER"",""pricetype"":""Retail"",""unit"":""DAY""}}",1,5.8620848771013145,available,-5.582057851957889,available,105.24153086884172,8.358847671672601,False,1
YEM,1945,84,Wheat,YER,kg/day_wage,KG,1.0,KG,Retail,"{""commodity"":""Wage (non-qualified labour)"",""commodity_id"":""277"",""currency"":""YER"",""pricetype"":""Retail"",""unit"":""DAY""}",c90c4f21acba45e0aeaa3b325f9c7bdf960a3b989b428aaab4959baded940bd6,2024-05,16.666666666666668,5000.0,300.0,2024-05-01,2024-05-31,https://data.humdata.org/dataset/98574e10-6866-4f13-a2b1-3c8312801af5/resource/2f0c1d18-d42d-4e43-b928-1bd1fc7f6c90/download/wfp_food_prices_yem.csv,matched actual market-month; exact wage signature v1,2026-08-31T02:48:26.874085,2026-09-06T03:00:09.178470+00:00,"{""commodity"":""Wheat"",""commodity_id"":""84"",""currency"":""YER"",""food_normalized_unit"":""KG"",""food_price_type"":""Retail"",""food_quote_count"":1,""food_unit_kg"":1.0,""food_unit_original"":""KG"",""market_id"":""1945"",""pairing_rule"":""unique_daily_wage_series_v1; within-series median quotes"",""wage_original_units"":[""Day""],""wage_quote_count"":1,""wage_series_signature"":{""commodity"":""Wage (non-qualified labour)"",""commodity_id"":""277"",""currency"":""YER"",""pricetype"":""Retail"",""unit"":""DAY""}}",1,0.0,available,16.666666666666675,available,93.01691912640432,17.917887222235006,False,27
YEM,1935,58,Wheat flour,YER,kg/day_wage,KG,1.0,KG,Retail,"{""commodity"":""Wage (non-qualified labour)"",""commodity_id"":""277"",""currency"":""YER"",""pricetype"":""Retail"",""unit"":""DAY""}",d0164b07e2565bd23f262a3fad84a653e9fdb0c514f7dd2608bc8d2babc1d76c,2026-07,20.0,16000.0,800.0,2026-07-01,2026-07-31,https://data.humdata.org/dataset/98574e10-6866-4f13-a2b1-3c8312801af5/resource/2f0c1d18-d42d-4e43-b928-1bd1fc7f6c90/download/wfp_food_prices_yem.csv,matched actual market-month; exact wage signature v1,2026-08-31T02:48:26.874085,2026-09-06T03:00:09.178470+00:00,"{""commodity"":""Wheat flour"",""commodity_id"":""58"",""currency"":""YER"",""food_normalized_unit"":""KG"",""food_price_type"":""Retail"",""food_quote_count"":1,""food_unit_kg"":1.0,""food_unit_original"":""KG"",""market_id"":""1935"",""pairing_rule"":""unique_daily_wage_series_v1; within-series median quotes"",""wage_original_units"":[""Day""],""wage_quote_count"":1,""wage_series_signature"":{""commodity"":""Wage (non-qualified labour)"",""commodity_id"":""277"",""currency"":""YER"",""pricetype"":""Retail"",""unit"":""DAY""}}",1,0.0,available,74.75724761995193,available,98.65780124909529,20.272091762417425,False,1
YEM,1938,84,Wheat,YER,kg/day_wage,KG,1.0,KG,Retail,"{""commodity"":""Wage (non-qualified labour)"",""commodity_id"":""277"",""currency"":""YER"",""pricetype"":""Retail"",""unit"":""DAY""}",d5063247f0afe758f9353d65c1a35691148949adc27cd96bfdc1b75154aa3a1b,2024-05,29.76809968847352,7166.67,240.75,2024-05-01,2024-05-31,https://data.humdata.org/dataset/98574e10-6866-4f13-a2b1-3c8312801af5/resource/2f0c1d18-d42d-4e43-b928-1bd1fc7f6c90/download/wfp_food_prices_yem.csv,matched actual market-month; exact wage signature v1,2026-08-31T02:48:26.874085,2026-09-06T03:00:09.178470+00:00,"{""commodity"":""Wheat"",""commodity_id"":""84"",""currency"":""YER"",""food_normalized_unit"":""KG"",""food_price_type"":""Retail"",""food_quote_count"":1,""food_unit_kg"":1.0,""food_unit_original"":""KG"",""market_id"":""1938"",""pairing_rule"":""unique_daily_wage_series_v1; within-series median quotes"",""wage_original_units"":[""Day""],""wage_quote_count"":1,""wage_series_signature"":{""commodity"":""Wage (non-qualified labour)"",""commodity_id"":""277"",""currency"":""YER"",""pricetype"":""Retail"",""unit"":""DAY""}}",1,-6.424666446813054,available,14.989916510903424,available,126.70358003527961,23.49428459731353,False,27
YEM,1947,84,Wheat,YER,kg/day_wage,KG,1.0,KG,Retail,"{""commodity"":""Wage (non-qualified labour)"",""commodity_id"":""277"",""currency"":""YER"",""pricetype"":""Retail"",""unit"":""DAY""}",d608a16ca9fb6bf540b5bc8b31921515234ef3a5e0579179913d3e29dee0aa39,2024-05,25.0,7500.0,300.0,2024-05-01,2024-05-31,https://data.humdata.org/dataset/98574e10-6866-4f13-a2b1-3c8312801af5/resource/2f0c1d18-d42d-4e43-b928-1bd1fc7f6c90/download/wfp_food_prices_yem.csv,matched actual market-month; exact wage signature v1,2026-08-31T02:48:26.874085,2026-09-06T03:00:09.178470+00:00,"{""commodity"":""Wheat"",""commodity_id"":""84"",""currency"":""YER"",""food_normalized_unit"":""KG"",""food_price_type"":""Retail"",""food_quote_count"":1,""food_unit_kg"":1.0,""food_unit_original"":""KG"",""market_id"":""1947"",""pairing_rule"":""unique_daily_wage_series_v1; within-series median quotes"",""wage_original_units"":[""Day""],""wage_quote_count"":1,""wage_series_signature"":{""commodity"":""Wage (non-qualified labour)"",""commodity_id"":""277"",""currency"":""YER"",""pricetype"":""Retail"",""unit"":""DAY""}}",1,3.3333333333333215,available,-6.25,available,176.76125423022225,14.143371016953077,False,27
YEM,1939,84,Wheat,YER,kg/day_wage,KG,1.0,KG,Retail,"{""commodity"":""Wage (non-qualified labour)"",""commodity_id"":""277"",""currency"":""YER"",""pricetype"":""Retail"",""unit"":""DAY""}",d9a499439a8877a32fd3319fd862c6922551dadf3a0c3e5995bfed7a8407edae,2026-07,12.766011770262851,10000.0,783.33,2026-07-01,2026-07-31,https://data.humdata.org/dataset/98574e10-6866-4f13-a2b1-3c8312801af5/resource/2f0c1d18-d42d-4e43-b928-1bd1fc7f6c90/download/wfp_food_prices_yem.csv,matched actual market-month; exact wage signature v1,2026-08-31T02:48:26.874085,2026-09-06T03:00:09.178470+00:00,"{""commodity"":""Wheat"",""commodity_id"":""84"",""currency"":""YER"",""food_normalized_unit"":""KG"",""food_price_type"":""Retail"",""food_quote_count"":1,""food_unit_kg"":1.0,""food_unit_original"":""KG"",""market_id"":""1939"",""pairing_rule"":""unique_daily_wage_series_v1; within-series median quotes"",""wage_original_units"":[""Day""],""wage_quote_count"":1,""wage_series_signature"":{""commodity"":""Wage (non-qualified labour)"",""commodity_id"":""277"",""currency"":""YER"",""pricetype"":""Retail"",""unit"":""DAY""}}",1,2.1280941621028227,available,40.42612947289135,available,88.28167675942568,14.46054519903514,False,1
YEM,1933,64,Rice (imported),YER,kg/day_wage,KG,1.0,KG,Retail,"{""commodity"":""Wage (non-qualified labour)"",""commodity_id"":""277"",""currency"":""YER"",""pricetype"":""Retail"",""unit"":""DAY""}",e0d32e7f85caacb9a50ec07a726836ffb4ab43891c4b3af4c9f36d1d36dffd27,2026-07,9.999986153867454,21666.67,2166.67,2026-07-01,2026-07-31,https://data.humdata.org/dataset/98574e10-6866-4f13-a2b1-3c8312801af5/resource/2f0c1d18-d42d-4e43-b928-1bd1fc7f6c90/download/wfp_food_prices_yem.csv,matched actual market-month; exact wage signature v1,2026-08-31T02:48:26.874085,2026-09-06T03:00:09.178470+00:00,"{""commodity"":""Rice (imported)"",""commodity_id"":""64"",""currency"":""YER"",""food_normalized_unit"":""KG"",""food_price_type"":""Retail"",""food_quote_count"":1,""food_unit_kg"":1.0,""food_unit_original"":""KG"",""market_id"":""1933"",""pairing_rule"":""unique_daily_wage_series_v1; within-series median quotes"",""wage_original_units"":[""Day""],""wage_quote_count"":1,""wage_series_signature"":{""commodity"":""Wage (non-qualified labour)"",""commodity_id"":""277"",""currency"":""YER"",""pricetype"":""Retail"",""unit"":""DAY""}}",1,0.0,available,63.33327384627096,available,187.82982267887053,5.323960812636373,False,1
YEM,1943,58,Wheat flour,YER,kg/day_wage,KG,1.0,KG,Retail,"{""commodity"":""Wage (non-qualified labour)"",""commodity_id"":""277"",""currency"":""YER"",""pricetype"":""Retail"",""unit"":""DAY""}",e1106ef1fc40139e525288ca2081e7d1647f1f773089f5fb12c3fe41e7e2d73c,2024-05,18.46153846153846,6000.0,325.0,2024-05-01,2024-05-31,https://data.humdata.org/dataset/98574e10-6866-4f13-a2b1-3c8312801af5/resource/2f0c1d18-d42d-4e43-b928-1bd1fc7f6c90/download/wfp_food_prices_yem.csv,matched actual market-month; exact wage signature v1,2026-08-31T02:48:26.874085,2026-09-06T03:00:09.178470+00:00,"{""commodity"":""Wheat flour"",""commodity_id"":""58"",""currency"":""YER"",""food_normalized_unit"":""KG"",""food_price_type"":""Retail"",""food_quote_count"":1,""food_unit_kg"":1.0,""food_unit_original"":""KG"",""market_id"":""1943"",""pairing_rule"":""unique_daily_wage_series_v1; within-series median quotes"",""wage_original_units"":[""Day""],""wage_quote_count"":1,""wage_series_signature"":{""commodity"":""Wage (non-qualified labour)"",""commodity_id"":""277"",""currency"":""YER"",""pricetype"":""Retail"",""unit"":""DAY""}}",1,7.692307692307687,available,23.076923076923062,available,130.08001645712818,14.192447821240105,False,27
YEM,1937,84,Wheat,YER,kg/day_wage,KG,1.0,KG,Retail,"{""commodity"":""Wage (non-qualified labour)"",""commodity_id"":""277"",""currency"":""YER"",""pricetype"":""Retail"",""unit"":""DAY""}",e49e4032f1be9bc9dab91e682196e722fe0b4a2e3ef9b3c143e0014f546f3d96,2026-07,20.689655172413794,15000.0,725.0,2026-07-01,2026-07-31,https://data.humdata.org/dataset/98574e10-6866-4f13-a2b1-3c8312801af5/resource/2f0c1d18-d42d-4e43-b928-1bd1fc7f6c90/download/wfp_food_prices_yem.csv,matched actual market-month; exact wage signature v1,2026-08-31T02:48:26.874085,2026-09-06T03:00:09.178470+00:00,"{""commodity"":""Wheat"",""commodity_id"":""84"",""currency"":""YER"",""food_normalized_unit"":""KG"",""food_price_type"":""Retail"",""food_quote_count"":1,""food_unit_kg"":1.0,""food_unit_original"":""KG"",""market_id"":""1937"",""pairing_rule"":""unique_daily_wage_series_v1; within-series median quotes"",""wage_original_units"":[""Day""],""wage_quote_count"":1,""wage_series_signature"":{""commodity"":""Wage (non-qualified labour)"",""commodity_id"":""277"",""currency"":""YER"",""pricetype"":""Retail"",""unit"":""DAY""}}",1,-2.2993103448275765,available,21.55172413793105,available,99.44965506960783,20.80414975590662,False,1
YEM,197,84,Wheat,YER,kg/day_wage,KG,1.0,KG,Retail,"{""commodity"":""Wage (non-qualified labour)"",""commodity_id"":""277"",""currency"":""YER"",""pricetype"":""Retail"",""unit"":""DAY""}",e6d6d1f9d91d3e5d1834de36ba47bf20f58bded72f8502c878f85648052a428c,2024-05,40.0,14000.0,350.0,2024-05-01,2024-05-31,https://data.humdata.org/dataset/98574e10-6866-4f13-a2b1-3c8312801af5/resource/2f0c1d18-d42d-4e43-b928-1bd1fc7f6c90/download/wfp_food_prices_yem.csv,matched actual market-month; exact wage signature v1,2026-08-31T02:48:26.874085,2026-09-06T03:00:09.178470+00:00,"{""commodity"":""Wheat"",""commodity_id"":""84"",""currency"":""YER"",""food_normalized_unit"":""KG"",""food_price_type"":""Retail"",""food_quote_count"":1,""food_unit_kg"":1.0,""food_unit_original"":""KG"",""market_id"":""197"",""pairing_rule"":""unique_daily_wage_series_v1; within-series median quotes"",""wage_original_units"":[""Day""],""wage_quote_count"":1,""wage_series_signature"":{""commodity"":""Wage (non-qualified labour)"",""commodity_id"":""277"",""currency"":""YER"",""pricetype"":""Retail"",""unit"":""DAY""}}",1,-7.692327979708146,available,37.81923076923075,available,220.805503083853,18.115490529604063,False,27
YEM,199,84,Wheat,YER,kg/day_wage,KG,1.0,KG,Retail,"{""commodity"":""Wage (non-qualified labour)"",""commodity_id"":""277"",""currency"":""YER"",""pricetype"":""Retail"",""unit"":""DAY""}",ebb1595ce248184c65fcdbad495975bd8bb850b2b6cbc540f21b224dee85429e,2026-07,17.22222222222222,15500.0,900.0,2026-07-01,2026-07-31,https://data.humdata.org/dataset/98574e10-6866-4f13-a2b1-3c8312801af5/resource/2f0c1d18-d42d-4e43-b928-1bd1fc7f6c90/download/wfp_food_prices_yem.csv,matched actual market-month; exact wage signature v1,2026-08-31T02:48:26.874085,2026-09-06T03:00:09.178470+00:00,"{""commodity"":""Wheat"",""commodity_id"":""84"",""currency"":""YER"",""food_normalized_unit"":""KG"",""food_price_type"":""Retail"",""food_quote_count"":1,""food_unit_kg"":1.0,""food_unit_original"":""KG"",""market_id"":""199"",""pairing_rule"":""unique_daily_wage_series_v1; within-series median quotes"",""wage_original_units"":[""Day""],""wage_quote_count"":1,""wage_series_signature"":{""commodity"":""Wage (non-qualified labour)"",""commodity_id"":""277"",""currency"":""YER"",""pricetype"":""Retail"",""unit"":""DAY""}}",1,-4.320987654320996,available,27.777777777777768,available,110.50648794447835,15.584806415054258,False,1
YEM,196,64,Rice (imported),YER,kg/day_wage,KG,1.0,KG,Retail,"{""commodity"":""Wage (non-qualified labour)"",""commodity_id"":""277"",""currency"":""YER"",""pricetype"":""Retail"",""unit"":""DAY""}",ece92b3ccfc2f51b46e834c92cb6b92659cc9c9836887bf362f44dc255b6c0fa,2024-05,6.0,6000.0,1000.0,2024-05-01,2024-05-31,https://data.humdata.org/dataset/98574e10-6866-4f13-a2b1-3c8312801af5/resource/2f0c1d18-d42d-4e43-b928-1bd1fc7f6c90/download/wfp_food_prices_yem.csv,matched actual market-month; exact wage signature v1,2026-08-31T02:48:26.874085,2026-09-06T03:00:09.178470+00:00,"{""commodity"":""Rice (imported)"",""commodity_id"":""64"",""currency"":""YER"",""food_normalized_unit"":""KG"",""food_price_type"":""Retail"",""food_quote_count"":1,""food_unit_kg"":1.0,""food_unit_original"":""KG"",""market_id"":""196"",""pairing_rule"":""unique_daily_wage_series_v1; within-series median quotes"",""wage_original_units"":[""Day""],""wage_quote_count"":1,""wage_series_signature"":{""commodity"":""Wage (non-qualified labour)"",""commodity_id"":""277"",""currency"":""YER"",""pricetype"":""Retail"",""unit"":""DAY""}}",1,-10.000000000000009,available,,exact comparator unavailable,100.15448048964643,5.990745467069001,False,27
YEM,1938,58,Wheat flour,YER,kg/day_wage,KG,1.0,KG,Retail,"{""commodity"":""Wage (non-qualified labour)"",""commodity_id"":""277"",""currency"":""YER"",""pricetype"":""Retail"",""unit"":""DAY""}",ed710d39cf2717e45ebbdc7404bf6fba1dd347d2c7004dd847a78fa57c35d854,2024-05,20.4762,7166.67,350.0,2024-05-01,2024-05-31,https://data.humdata.org/dataset/98574e10-6866-4f13-a2b1-3c8312801af5/resource/2f0c1d18-d42d-4e43-b928-1bd1fc7f6c90/download/wfp_food_prices_yem.csv,matched actual market-month; exact wage signature v1,2026-08-31T02:48:26.874085,2026-09-06T03:00:09.178470+00:00,"{""commodity"":""Wheat flour"",""commodity_id"":""58"",""currency"":""YER"",""food_normalized_unit"":""KG"",""food_price_type"":""Retail"",""food_quote_count"":1,""food_unit_kg"":1.0,""food_unit_original"":""KG"",""market_id"":""1938"",""pairing_rule"":""unique_daily_wage_series_v1; within-series median quotes"",""wage_original_units"":[""Day""],""wage_quote_count"":1,""wage_series_signature"":{""commodity"":""Wage (non-qualified labour)"",""commodity_id"":""277"",""currency"":""YER"",""pricetype"":""Retail"",""unit"":""DAY""}}",1,-2.0695001349999353,available,17.006857142857147,available,104.90745022214615,19.518346844424055,False,27
YEM,194,84,Wheat,YER,kg/day_wage,KG,1.0,KG,Retail,"{""commodity"":""Wage (non-qualified labour)"",""commodity_id"":""277"",""currency"":""YER"",""pricetype"":""Retail"",""unit"":""DAY""}",f06ab0cefe04f12e54284b103cf650bd3f61b280def18b744525b827a33601b8,2020-03,11.538461538461538,3000.0,260.0,2020-03-01,2020-03-31,https://data.humdata.org/dataset/98574e10-6866-4f13-a2b1-3c8312801af5/resource/2f0c1d18-d42d-4e43-b928-1bd1fc7f6c90/download/wfp_food_prices_yem.csv,matched actual market-month; exact wage signature v1,2026-08-31T02:48:26.874085,2026-09-06T03:00:09.178470+00:00,"{""commodity"":""Wheat"",""commodity_id"":""84"",""currency"":""YER"",""food_normalized_unit"":""KG"",""food_price_type"":""Retail"",""food_quote_count"":1,""food_unit_kg"":1.0,""food_unit_original"":""KG"",""market_id"":""194"",""pairing_rule"":""unique_daily_wage_series_v1; within-series median quotes"",""wage_original_units"":[""Day""],""wage_quote_count"":1,""wage_series_signature"":{""commodity"":""Wage (non-qualified labour)"",""commodity_id"":""277"",""currency"":""YER"",""pricetype"":""Retail"",""unit"":""DAY""}}",1,0.0,available,4.895104895104896,available,95.02586304684627,12.142443297540225,False,77
YEM,1942,84,Wheat,YER,kg/day_wage,KG,1.0,KG,Retail,"{""commodity"":""Wage (non-qualified labour)"",""commodity_id"":""277"",""currency"":""YER"",""pricetype"":""Retail"",""unit"":""DAY""}",f0b5ac70b308bf6b1b6cc7856845148d3829eb57cd5d891edf622785ca97f8c2,2024-05,21.53846153846154,7000.0,325.0,2024-05-01,2024-05-31,https://data.humdata.org/dataset/98574e10-6866-4f13-a2b1-3c8312801af5/resource/2f0c1d18-d42d-4e43-b928-1bd1fc7f6c90/download/wfp_food_prices_yem.csv,matched actual market-month; exact wage signature v1,2026-08-31T02:48:26.874085,2026-09-06T03:00:09.178470+00:00,"{""commodity"":""Wheat"",""commodity_id"":""84"",""currency"":""YER"",""food_normalized_unit"":""KG"",""food_price_type"":""Retail"",""food_quote_count"":1,""food_unit_kg"":1.0,""food_unit_original"":""KG"",""market_id"":""1942"",""pairing_rule"":""unique_daily_wage_series_v1; within-series median quotes"",""wage_original_units"":[""Day""],""wage_quote_count"":1,""wage_series_signature"":{""commodity"":""Wage (non-qualified labour)"",""commodity_id"":""277"",""currency"":""YER"",""pricetype"":""Retail"",""unit"":""DAY""}}",1,2.5630769230769346,available,7.692307692307709,available,156.31469691433585,13.778910085636493,False,27
YEM,1941,64,Rice (imported),YER,kg/day_wage,KG,1.0,KG,Retail,"{""commodity"":""Wage (non-qualified labour)"",""commodity_id"":""277"",""currency"":""YER"",""pricetype"":""Retail"",""unit"":""DAY""}",f2118d9baed0df139aaefbf6576d7f2305a9b2b36eca0375e8794318204eb8ec,2026-07,9.615384615384617,25000.0,2600.0,2026-07-01,2026-07-31,https://data.humdata.org/dataset/98574e10-6866-4f13-a2b1-3c8312801af5/resource/2f0c1d18-d42d-4e43-b928-1bd1fc7f6c90/download/wfp_food_prices_yem.csv,matched actual market-month; exact wage signature v1,2026-08-31T02:48:26.874085,2026-09-06T03:00:09.178470+00:00,"{""commodity"":""Rice (imported)"",""commodity_id"":""64"",""currency"":""YER"",""food_normalized_unit"":""KG"",""food_price_type"":""Retail"",""food_quote_count"":1,""food_unit_kg"":1.0,""food_unit_original"":""KG"",""market_id"":""1941"",""pairing_rule"":""unique_daily_wage_series_v1; within-series median quotes"",""wage_original_units"":[""Day""],""wage_quote_count"":1,""wage_series_signature"":{""commodity"":""Wage (non-qualified labour)"",""commodity_id"":""277"",""currency"":""YER"",""pricetype"":""Retail"",""unit"":""DAY""}}",1,11.11111111111114,available,70.94017094017096,available,150.26936055022904,6.398765909548526,False,1
YEM,1946,84,Wheat,YER,kg/day_wage,KG,1.0,KG,Retail,"{""commodity"":""Wage (non-qualified labour)"",""commodity_id"":""277"",""currency"":""YER"",""pricetype"":""Retail"",""unit"":""DAY""}",f2f09ef85368503aa70cb1ff32a59f84e6246c523e7da448e55a5410b6e71ce8,2024-05,23.333333333333332,7000.0,300.0,2024-05-01,2024-05-31,https://data.humdata.org/dataset/98574e10-6866-4f13-a2b1-3c8312801af5/resource/2f0c1d18-d42d-4e43-b928-1bd1fc7f6c90/download/wfp_food_prices_yem.csv,matched actual market-month; exact wage signature v1,2026-08-31T02:48:26.874085,2026-09-06T03:00:09.178470+00:00,"{""commodity"":""Wheat"",""commodity_id"":""84"",""currency"":""YER"",""food_normalized_unit"":""KG"",""food_price_type"":""Retail"",""food_quote_count"":1,""food_unit_kg"":1.0,""food_unit_original"":""KG"",""market_id"":""1946"",""pairing_rule"":""unique_daily_wage_series_v1; within-series median quotes"",""wage_original_units"":[""Day""],""wage_quote_count"":1,""wage_series_signature"":{""commodity"":""Wage (non-qualified labour)"",""commodity_id"":""277"",""currency"":""YER"",""pricetype"":""Retail"",""unit"":""DAY""}}",1,0.0,available,6.666666666666665,available,136.41895425351927,17.10417255506222,False,27
YEM,2370,58,Wheat flour,YER,kg/day_wage,KG,1.0,KG,Retail,"{""commodity"":""Wage (non-qualified labour)"",""commodity_id"":""277"",""currency"":""YER"",""pricetype"":""Retail"",""unit"":""DAY""}",f44a13387cb7a2df88c547515290575a9bb4cb088bafed1b9405cc56509513c6,2024-05,20.0,6000.0,300.0,2024-05-01,2024-05-31,https://data.humdata.org/dataset/98574e10-6866-4f13-a2b1-3c8312801af5/resource/2f0c1d18-d42d-4e43-b928-1bd1fc7f6c90/download/wfp_food_prices_yem.csv,matched actual market-month; exact wage signature v1,2026-08-31T02:48:26.874085,2026-09-06T03:00:09.178470+00:00,"{""commodity"":""Wheat flour"",""commodity_id"":""58"",""currency"":""YER"",""food_normalized_unit"":""KG"",""food_price_type"":""Retail"",""food_quote_count"":1,""food_unit_kg"":1.0,""food_unit_original"":""KG"",""market_id"":""2370"",""pairing_rule"":""unique_daily_wage_series_v1; within-series median quotes"",""wage_original_units"":[""Day""],""wage_quote_count"":1,""wage_series_signature"":{""commodity"":""Wage (non-qualified labour)"",""commodity_id"":""277"",""currency"":""YER"",""pricetype"":""Retail"",""unit"":""DAY""}}",1,1.1099999999999888,available,28.44333333333333,available,192.34434529898678,10.398018183956124,False,27
YEM,1934,64,Rice (imported),YER,kg/day_wage,KG,1.0,KG,Retail,"{""commodity"":""Wage (non-qualified labour)"",""commodity_id"":""277"",""currency"":""YER"",""pricetype"":""Retail"",""unit"":""DAY""}",f59c4e6c517032cbcee1d6cc92ef7fd99c8940ee23f1536f33d2d4fa6b4b2761,2026-07,2.727272727272727,6000.0,2200.0,2026-07-01,2026-07-31,https://data.humdata.org/dataset/98574e10-6866-4f13-a2b1-3c8312801af5/resource/2f0c1d18-d42d-4e43-b928-1bd1fc7f6c90/download/wfp_food_prices_yem.csv,matched actual market-month; exact wage signature v1,2026-08-31T02:48:26.874085,2026-09-06T03:00:09.178470+00:00,"{""commodity"":""Rice (imported)"",""commodity_id"":""64"",""currency"":""YER"",""food_normalized_unit"":""KG"",""food_price_type"":""Retail"",""food_quote_count"":1,""food_unit_kg"":1.0,""food_unit_original"":""KG"",""market_id"":""1934"",""pairing_rule"":""unique_daily_wage_series_v1; within-series median quotes"",""wage_original_units"":[""Day""],""wage_quote_count"":1,""wage_series_signature"":{""commodity"":""Wage (non-qualified labour)"",""commodity_id"":""277"",""currency"":""YER"",""pricetype"":""Retail"",""unit"":""DAY""}}",1,,exact comparator unavailable,,exact comparator unavailable,56.54972966825551,4.822786498312292,False,1
YEM,1935,64,Rice (imported),YER,kg/day_wage,KG,1.0,KG,Retail,"{""commodity"":""Wage (non-qualified labour)"",""commodity_id"":""277"",""currency"":""YER"",""pricetype"":""Retail"",""unit"":""DAY""}",f6dd17beacb74b7b157e0d841a830da5f12b3a15bfe28fe44302bdc58a8ce76d,2026-07,6.4,16000.0,2500.0,2026-07-01,2026-07-31,https://data.humdata.org/dataset/98574e10-6866-4f13-a2b1-3c8312801af5/resource/2f0c1d18-d42d-4e43-b928-1bd1fc7f6c90/download/wfp_food_prices_yem.csv,matched actual market-month; exact wage signature v1,2026-08-31T02:48:26.874085,2026-09-06T03:00:09.178470+00:00,"{""commodity"":""Rice (imported)"",""commodity_id"":""64"",""currency"":""YER"",""food_normalized_unit"":""KG"",""food_price_type"":""Retail"",""food_quote_count"":1,""food_unit_kg"":1.0,""food_unit_original"":""KG"",""market_id"":""1935"",""pairing_rule"":""unique_daily_wage_series_v1; within-series median quotes"",""wage_original_units"":[""Day""],""wage_quote_count"":1,""wage_series_signature"":{""commodity"":""Wage (non-qualified labour)"",""commodity_id"":""277"",""currency"":""YER"",""pricetype"":""Retail"",""unit"":""DAY""}}",1,0.0,available,36.077643480069234,available,102.00020776164733,6.274497023531002,False,1
YEM,1940,84,Wheat,YER,kg/day_wage,KG,1.0,KG,Retail,"{""commodity"":""Wage (non-qualified labour)"",""commodity_id"":""277"",""currency"":""YER"",""pricetype"":""Retail"",""unit"":""DAY""}",f95c7693cf5687537023901b45de9f87215c176485a3b8d940ad32480db26190,2026-07,13.404312358775996,10500.0,783.33,2026-07-01,2026-07-31,https://data.humdata.org/dataset/98574e10-6866-4f13-a2b1-3c8312801af5/resource/2f0c1d18-d42d-4e43-b928-1bd1fc7f6c90/download/wfp_food_prices_yem.csv,matched actual market-month; exact wage signature v1,2026-08-31T02:48:26.874085,2026-09-06T03:00:09.178470+00:00,"{""commodity"":""Wheat"",""commodity_id"":""84"",""currency"":""YER"",""food_normalized_unit"":""KG"",""food_price_type"":""Retail"",""food_quote_count"":1,""food_unit_kg"":1.0,""food_unit_original"":""KG"",""market_id"":""1940"",""pairing_rule"":""unique_daily_wage_series_v1; within-series median quotes"",""wage_original_units"":[""Day""],""wage_quote_count"":1,""wage_series_signature"":{""commodity"":""Wage (non-qualified labour)"",""commodity_id"":""277"",""currency"":""YER"",""pricetype"":""Retail"",""unit"":""DAY""}}",1,-10.638323799443617,available,61.70324129038849,available,90.49372931307535,14.81242121473628,False,1
YEM,198,58,Wheat flour,YER,kg/day_wage,KG,1.0,KG,Retail,"{""commodity"":""Wage (non-qualified labour)"",""commodity_id"":""277"",""currency"":""YER"",""pricetype"":""Retail"",""unit"":""DAY""}",fd819285cd271e3bd64fa74e3ffe791800690a1d38eeca11099108f9542181e5,2026-07,20.0,20000.0,1000.0,2026-07-01,2026-07-31,https://data.humdata.org/dataset/98574e10-6866-4f13-a2b1-3c8312801af5/resource/2f0c1d18-d42d-4e43-b928-1bd1fc7f6c90/download/wfp_food_prices_yem.csv,matched actual market-month; exact wage signature v1,2026-08-31T02:48:26.874085,2026-09-06T03:00:09.178470+00:00,"{""commodity"":""Wheat flour"",""commodity_id"":""58"",""currency"":""YER"",""food_normalized_unit"":""KG"",""food_price_type"":""Retail"",""food_quote_count"":1,""food_unit_kg"":1.0,""food_unit_original"":""KG"",""market_id"":""198"",""pairing_rule"":""unique_daily_wage_series_v1; within-series median quotes"",""wage_original_units"":[""Day""],""wage_quote_count"":1,""wage_series_signature"":{""commodity"":""Wage (non-qualified labour)"",""commodity_id"":""277"",""currency"":""YER"",""pricetype"":""Retail"",""unit"":""DAY""}}",1,0.0,available,32.49999999999999,available,107.61915818145299,18.584051704138666,False,1
