country,market_id,commodity_id,commodity,currency,unit,food_unit_original,food_unit_kg,food_normalized_unit,food_price_type,wage_series_signature,series_id,baseline_months,baseline_year_counts,baseline_geometric_mean,eligible,eligibility_reason,weight
YEM,1945,64,Rice (imported),YER,kg/day_wage,KG,1.0,KG,Retail,"{""commodity"":""Wage (non-qualified labour)"",""commodity_id"":""277"",""currency"":""YER"",""pricetype"":""Retail"",""unit"":""DAY""}",00686c620b8ab25779235ffbe6fd92d4d32bbce083c1430aa09b442643964c8d,43,"{""2015"":0,""2016"":7,""2017"":12,""2018"":12,""2019"":12}",5.366062501108252,False,insufficient fixed baseline coverage,
YEM,199,58,Wheat flour,YER,kg/day_wage,KG,1.0,KG,Retail,"{""commodity"":""Wage (non-qualified labour)"",""commodity_id"":""277"",""currency"":""YER"",""pricetype"":""Retail"",""unit"":""DAY""}",03beafd8ca78b298ba787bb3f205c0c759a4630f3b6c4fe56a9b142172c74b34,43,"{""2015"":0,""2016"":7,""2017"":12,""2018"":12,""2019"":12}",12.62739181163036,False,insufficient fixed baseline coverage,
YEM,193,64,Rice (imported),YER,kg/day_wage,KG,1.0,KG,Retail,"{""commodity"":""Wage (non-qualified labour)"",""commodity_id"":""277"",""currency"":""YER"",""pricetype"":""Retail"",""unit"":""DAY""}",04bea04bb7de3702df878c36912b59c8d22ee7a9187151df06fabf5daa3fda22,43,"{""2015"":0,""2016"":7,""2017"":12,""2018"":12,""2019"":12}",4.436740470786398,False,insufficient fixed baseline coverage,
YEM,1946,64,Rice (imported),YER,kg/day_wage,KG,1.0,KG,Retail,"{""commodity"":""Wage (non-qualified labour)"",""commodity_id"":""277"",""currency"":""YER"",""pricetype"":""Retail"",""unit"":""DAY""}",05e37a00769cef6f176c57171bafa283e5235ec98e1aaf3a84a64f7636a547c0,43,"{""2015"":0,""2016"":7,""2017"":12,""2018"":12,""2019"":12}",6.195100777833181,False,insufficient fixed baseline coverage,
YEM,194,64,Rice (imported),YER,kg/day_wage,KG,1.0,KG,Retail,"{""commodity"":""Wage (non-qualified labour)"",""commodity_id"":""277"",""currency"":""YER"",""pricetype"":""Retail"",""unit"":""DAY""}",10dba4ae5742f31fead264bb2216366f7b2ece642d16bcd2fd2bc90434e496da,43,"{""2015"":0,""2016"":7,""2017"":12,""2018"":12,""2019"":12}",3.8038315778866165,False,insufficient fixed baseline coverage,
YEM,1947,64,Rice (imported),YER,kg/day_wage,KG,1.0,KG,Retail,"{""commodity"":""Wage (non-qualified labour)"",""commodity_id"":""277"",""currency"":""YER"",""pricetype"":""Retail"",""unit"":""DAY""}",13ae1a46b9efcef12b950e1ddc0920b023932fe4004ff4a8efb30644c312a6fc,43,"{""2015"":0,""2016"":7,""2017"":12,""2018"":12,""2019"":12}",3.8449515025227625,False,insufficient fixed baseline coverage,
YEM,1933,84,Wheat,YER,kg/day_wage,KG,1.0,KG,Retail,"{""commodity"":""Wage (non-qualified labour)"",""commodity_id"":""277"",""currency"":""YER"",""pricetype"":""Retail"",""unit"":""DAY""}",1443f97078040e13aa51ed6a2274606c5feea04529f736cb0d3ee87b4933dff3,43,"{""2015"":0,""2016"":7,""2017"":12,""2018"":12,""2019"":12}",18.054149332087608,False,insufficient fixed baseline coverage,
YEM,192,84,Wheat,YER,kg/day_wage,KG,1.0,KG,Retail,"{""commodity"":""Wage (non-qualified labour)"",""commodity_id"":""277"",""currency"":""YER"",""pricetype"":""Retail"",""unit"":""DAY""}",16f6d03def5895d7ff3b05967a053a9d93d9708253afb9e4a24b8afa73ee6742,43,"{""2015"":0,""2016"":7,""2017"":12,""2018"":12,""2019"":12}",25.174359619756856,False,insufficient fixed baseline coverage,
YEM,1941,58,Wheat flour,YER,kg/day_wage,KG,1.0,KG,Retail,"{""commodity"":""Wage (non-qualified labour)"",""commodity_id"":""277"",""currency"":""YER"",""pricetype"":""Retail"",""unit"":""DAY""}",1958045e291a17e76566284dfb06c217de819b1df3b9df9d2ba8f38fb185136a,43,"{""2015"":0,""2016"":7,""2017"":12,""2018"":12,""2019"":12}",21.394649759333007,False,insufficient fixed baseline coverage,
YEM,2370,64,Rice (imported),YER,kg/day_wage,KG,1.0,KG,Retail,"{""commodity"":""Wage (non-qualified labour)"",""commodity_id"":""277"",""currency"":""YER"",""pricetype"":""Retail"",""unit"":""DAY""}",1ccd7dd6e0f071bf3793d45efea23e60ef3ac04baf0aa442d759987deda93927,26,"{""2015"":0,""2016"":6,""2017"":12,""2018"":8,""2019"":0}",3.9749119703150484,False,insufficient fixed baseline coverage,
YEM,1936,64,Rice (imported),YER,kg/day_wage,KG,1.0,KG,Retail,"{""commodity"":""Wage (non-qualified labour)"",""commodity_id"":""277"",""currency"":""YER"",""pricetype"":""Retail"",""unit"":""DAY""}",1fbccd1eff430ad3a6b5cb68fe5644a6b8064940fc6e798590476161f7ee7ec7,43,"{""2015"":0,""2016"":7,""2017"":12,""2018"":12,""2019"":12}",5.458496080332075,False,insufficient fixed baseline coverage,
YEM,1936,84,Wheat,YER,kg/day_wage,KG,1.0,KG,Retail,"{""commodity"":""Wage (non-qualified labour)"",""commodity_id"":""277"",""currency"":""YER"",""pricetype"":""Retail"",""unit"":""DAY""}",24b10047bf4df91ab884a5128d7ea85fd837454035f9ba816d43b08d64812f40,43,"{""2015"":0,""2016"":7,""2017"":12,""2018"":12,""2019"":12}",19.240292474649948,False,insufficient fixed baseline coverage,
YEM,1934,58,Wheat flour,YER,kg/day_wage,KG,1.0,KG,Retail,"{""commodity"":""Wage (non-qualified labour)"",""commodity_id"":""277"",""currency"":""YER"",""pricetype"":""Retail"",""unit"":""DAY""}",273877be30304d7fe184412482b7caed2c4f51938d8b79a4af11366b8f651904,43,"{""2015"":0,""2016"":7,""2017"":12,""2018"":12,""2019"":12}",13.234167050627939,False,insufficient fixed baseline coverage,
YEM,1947,58,Wheat flour,YER,kg/day_wage,KG,1.0,KG,Retail,"{""commodity"":""Wage (non-qualified labour)"",""commodity_id"":""277"",""currency"":""YER"",""pricetype"":""Retail"",""unit"":""DAY""}",273dd18e76057227455e4ea15bd61afc9d1424ba60c028467730c820e60d926c,43,"{""2015"":0,""2016"":7,""2017"":12,""2018"":12,""2019"":12}",12.068182216512534,False,insufficient fixed baseline coverage,
YEM,193,58,Wheat flour,YER,kg/day_wage,KG,1.0,KG,Retail,"{""commodity"":""Wage (non-qualified labour)"",""commodity_id"":""277"",""currency"":""YER"",""pricetype"":""Retail"",""unit"":""DAY""}",306d201100e14d9a696d506758e93d216475aa078a808d326987f7aedf630637,43,"{""2015"":0,""2016"":7,""2017"":12,""2018"":12,""2019"":12}",12.703477610778434,False,insufficient fixed baseline coverage,
YEM,192,58,Wheat flour,YER,kg/day_wage,KG,1.0,KG,Retail,"{""commodity"":""Wage (non-qualified labour)"",""commodity_id"":""277"",""currency"":""YER"",""pricetype"":""Retail"",""unit"":""DAY""}",30993d1072cf1f8eddc0fbdfda3148fdab20e228ac75116bd77b4661c1777cb9,43,"{""2015"":0,""2016"":7,""2017"":12,""2018"":12,""2019"":12}",23.768440768822945,False,insufficient fixed baseline coverage,
YEM,1933,58,Wheat flour,YER,kg/day_wage,KG,1.0,KG,Retail,"{""commodity"":""Wage (non-qualified labour)"",""commodity_id"":""277"",""currency"":""YER"",""pricetype"":""Retail"",""unit"":""DAY""}",3159af661b6b223928bd48874f7cecccf496fe6bb68e6e2b61d7de97e72a3319,43,"{""2015"":0,""2016"":7,""2017"":12,""2018"":12,""2019"":12}",15.63406152565305,False,insufficient fixed baseline coverage,
YEM,1942,64,Rice (imported),YER,kg/day_wage,KG,1.0,KG,Retail,"{""commodity"":""Wage (non-qualified labour)"",""commodity_id"":""277"",""currency"":""YER"",""pricetype"":""Retail"",""unit"":""DAY""}",324e0fd11ceafee12b500b7ddd9b421554caa356a3399684f1931c1d10f86738,43,"{""2015"":0,""2016"":7,""2017"":12,""2018"":12,""2019"":12}",4.559647918209564,False,insufficient fixed baseline coverage,
ETH,1831,64,Rice (imported),ETB,kg/day_wage,KG,1.0,KG,Retail,"{""commodity"":""Wage (non-qualified labour)"",""commodity_id"":""277"",""currency"":""ETB"",""pricetype"":""Retail"",""unit"":""DAY""}",392b04188d489972563909518164a45cdb33e2240c9b5309509026302406645f,1,"{""2015"":1,""2016"":0,""2017"":0,""2018"":0,""2019"":0}",3.8888888888888893,False,insufficient fixed baseline coverage,
YEM,1934,84,Wheat,YER,kg/day_wage,KG,1.0,KG,Retail,"{""commodity"":""Wage (non-qualified labour)"",""commodity_id"":""277"",""currency"":""YER"",""pricetype"":""Retail"",""unit"":""DAY""}",3ec9259b244ba7920b50fc7b4db9d7187503af626b4c8348429bde5187b0f24a,43,"{""2015"":0,""2016"":7,""2017"":12,""2018"":12,""2019"":12}",15.859842589851832,False,insufficient fixed baseline coverage,
YEM,1943,65,Sorghum,YER,kg/day_wage,KG,1.0,KG,Retail,"{""commodity"":""Wage (non-qualified labour)"",""commodity_id"":""277"",""currency"":""YER"",""pricetype"":""Retail"",""unit"":""DAY""}",443db48885e22637242e2209fd1cf89373ba591321e8c981f4985de9ad9a254c,41,"{""2015"":0,""2016"":7,""2017"":12,""2018"":12,""2019"":10}",12.536619502606126,False,insufficient fixed baseline coverage,
YEM,2370,65,Sorghum,YER,kg/day_wage,KG,1.0,KG,Retail,"{""commodity"":""Wage (non-qualified labour)"",""commodity_id"":""277"",""currency"":""YER"",""pricetype"":""Retail"",""unit"":""DAY""}",4446d6e88d344db1be74b4a651523729ada47297e151728c9dce6343c73e5e83,26,"{""2015"":0,""2016"":6,""2017"":12,""2018"":8,""2019"":0}",7.121208125444217,False,insufficient fixed baseline coverage,
YEM,1936,58,Wheat flour,YER,kg/day_wage,KG,1.0,KG,Retail,"{""commodity"":""Wage (non-qualified labour)"",""commodity_id"":""277"",""currency"":""YER"",""pricetype"":""Retail"",""unit"":""DAY""}",46ca8ce8433f922dd88c6038c5ffc9dbf62bc4293abc3fb741f58771602c432f,43,"{""2015"":0,""2016"":7,""2017"":12,""2018"":12,""2019"":12}",13.484096232959951,False,insufficient fixed baseline coverage,
YEM,1940,64,Rice (imported),YER,kg/day_wage,KG,1.0,KG,Retail,"{""commodity"":""Wage (non-qualified labour)"",""commodity_id"":""277"",""currency"":""YER"",""pricetype"":""Retail"",""unit"":""DAY""}",4a23de60989631471df03b60f64b2b6a2c137256c3b4639da5b0dd7379dd67ea,42,"{""2015"":0,""2016"":6,""2017"":12,""2018"":12,""2019"":12}",4.2460687073086145,False,insufficient fixed baseline coverage,
YEM,1941,84,Wheat,YER,kg/day_wage,KG,1.0,KG,Retail,"{""commodity"":""Wage (non-qualified labour)"",""commodity_id"":""277"",""currency"":""YER"",""pricetype"":""Retail"",""unit"":""DAY""}",4fd043e15bc3d926889a31ea203a024cbde53d251ec7b86bf7a8120e6e8c3c8c,43,"{""2015"":0,""2016"":7,""2017"":12,""2018"":12,""2019"":12}",24.264020274270727,False,insufficient fixed baseline coverage,
YEM,1937,58,Wheat flour,YER,kg/day_wage,KG,1.0,KG,Retail,"{""commodity"":""Wage (non-qualified labour)"",""commodity_id"":""277"",""currency"":""YER"",""pricetype"":""Retail"",""unit"":""DAY""}",58e7448290a13497a4a67bd6e589f0903f6faff246b341dea6861a965dc7197c,43,"{""2015"":0,""2016"":7,""2017"":12,""2018"":12,""2019"":12}",18.61916305008412,False,insufficient fixed baseline coverage,
YEM,1938,64,Rice (imported),YER,kg/day_wage,KG,1.0,KG,Retail,"{""commodity"":""Wage (non-qualified labour)"",""commodity_id"":""277"",""currency"":""YER"",""pricetype"":""Retail"",""unit"":""DAY""}",5ffbf9139cd815b38f7533abd45747b4e05c83499012c9f84afc6536c0bae6c4,43,"{""2015"":0,""2016"":7,""2017"":12,""2018"":12,""2019"":12}",6.4088596715729675,False,insufficient fixed baseline coverage,
YEM,195,58,Wheat flour,YER,kg/day_wage,KG,1.0,KG,Retail,"{""commodity"":""Wage (non-qualified labour)"",""commodity_id"":""277"",""currency"":""YER"",""pricetype"":""Retail"",""unit"":""DAY""}",61dd31403fc2dd3343161f6063aa5f3c0482c133ea3fd031848e77e0d1ffde7a,43,"{""2015"":0,""2016"":7,""2017"":12,""2018"":12,""2019"":12}",15.543985241517081,False,insufficient fixed baseline coverage,
YEM,1944,58,Wheat flour,YER,kg/day_wage,KG,1.0,KG,Retail,"{""commodity"":""Wage (non-qualified labour)"",""commodity_id"":""277"",""currency"":""YER"",""pricetype"":""Retail"",""unit"":""DAY""}",66911de236e2b324d87c8bbffae12d75d4ac1192eb0a72845d0aba5eace1dfcd,43,"{""2015"":0,""2016"":7,""2017"":12,""2018"":12,""2019"":12}",14.527089369021848,False,insufficient fixed baseline coverage,
YEM,1946,58,Wheat flour,YER,kg/day_wage,KG,1.0,KG,Retail,"{""commodity"":""Wage (non-qualified labour)"",""commodity_id"":""277"",""currency"":""YER"",""pricetype"":""Retail"",""unit"":""DAY""}",67fc7193a3a9691b233cfaa1d1142ac22401ca089a4a6bc8ddb2e180cfa9e9d0,43,"{""2015"":0,""2016"":7,""2017"":12,""2018"":12,""2019"":12}",13.976548137323487,False,insufficient fixed baseline coverage,
YEM,194,58,Wheat flour,YER,kg/day_wage,KG,1.0,KG,Retail,"{""commodity"":""Wage (non-qualified labour)"",""commodity_id"":""277"",""currency"":""YER"",""pricetype"":""Retail"",""unit"":""DAY""}",69e54381bcc36e5b503e9c724bd92bf4c9f90bf96fbbbd097671a5d4d18af4f8,43,"{""2015"":0,""2016"":7,""2017"":12,""2018"":12,""2019"":12}",10.81878465699664,False,insufficient fixed baseline coverage,
YEM,1944,64,Rice (imported),YER,kg/day_wage,KG,1.0,KG,Retail,"{""commodity"":""Wage (non-qualified labour)"",""commodity_id"":""277"",""currency"":""YER"",""pricetype"":""Retail"",""unit"":""DAY""}",6beff9cb18b82886e1d912e8bb84a2113faec29afa57b8ba038b252ba159b86b,43,"{""2015"":0,""2016"":7,""2017"":12,""2018"":12,""2019"":12}",4.963143402569328,False,insufficient fixed baseline coverage,
YEM,199,64,Rice (imported),YER,kg/day_wage,KG,1.0,KG,Retail,"{""commodity"":""Wage (non-qualified labour)"",""commodity_id"":""277"",""currency"":""YER"",""pricetype"":""Retail"",""unit"":""DAY""}",7041fb7dc6e8acf28968ec9e148c8cf6eb4b34935ff684fe333f085637df2b23,43,"{""2015"":0,""2016"":7,""2017"":12,""2018"":12,""2019"":12}",4.982340124112215,False,insufficient fixed baseline coverage,
YEM,197,58,Wheat flour,YER,kg/day_wage,KG,1.0,KG,Retail,"{""commodity"":""Wage (non-qualified labour)"",""commodity_id"":""277"",""currency"":""YER"",""pricetype"":""Retail"",""unit"":""DAY""}",778ac7f4940541929572f6127ff74e6c1b0ab88c349eea06a9756a2f32e80ef3,43,"{""2015"":0,""2016"":7,""2017"":12,""2018"":12,""2019"":12}",15.860412843334625,False,insufficient fixed baseline coverage,
YEM,197,64,Rice (imported),YER,kg/day_wage,KG,1.0,KG,Retail,"{""commodity"":""Wage (non-qualified labour)"",""commodity_id"":""277"",""currency"":""YER"",""pricetype"":""Retail"",""unit"":""DAY""}",779c6c996f3a40607694965a4ce1bd9ff7fbefece79807989a22b45808a5b064,43,"{""2015"":0,""2016"":7,""2017"":12,""2018"":12,""2019"":12}",5.555530073384563,False,insufficient fixed baseline coverage,
YEM,1934,65,Sorghum,YER,kg/day_wage,KG,1.0,KG,Retail,"{""commodity"":""Wage (non-qualified labour)"",""commodity_id"":""277"",""currency"":""YER"",""pricetype"":""Retail"",""unit"":""DAY""}",780863bdaf3fd70c7ef6bc1a2e51642853056e8359cd880b6e676194688b527f,41,"{""2015"":0,""2016"":7,""2017"":12,""2018"":12,""2019"":10}",7.025398406688862,False,insufficient fixed baseline coverage,
YEM,1942,58,Wheat flour,YER,kg/day_wage,KG,1.0,KG,Retail,"{""commodity"":""Wage (non-qualified labour)"",""commodity_id"":""277"",""currency"":""YER"",""pricetype"":""Retail"",""unit"":""DAY""}",7984fbd37bb0e6d34d8ab7b48cc2b4b31a6b00909b4b9688f73add28b99f9a1d,43,"{""2015"":0,""2016"":7,""2017"":12,""2018"":12,""2019"":12}",12.100661909438648,False,insufficient fixed baseline coverage,
YEM,193,84,Wheat,YER,kg/day_wage,KG,1.0,KG,Retail,"{""commodity"":""Wage (non-qualified labour)"",""commodity_id"":""277"",""currency"":""YER"",""pricetype"":""Retail"",""unit"":""DAY""}",855b95720a28db8b5d4c3593afda947e4e606ec4bfbc38f3c0615d5cb7683dd4,43,"{""2015"":0,""2016"":7,""2017"":12,""2018"":12,""2019"":12}",15.042495412964705,False,insufficient fixed baseline coverage,
YEM,195,84,Wheat,YER,kg/day_wage,KG,1.0,KG,Retail,"{""commodity"":""Wage (non-qualified labour)"",""commodity_id"":""277"",""currency"":""YER"",""pricetype"":""Retail"",""unit"":""DAY""}",882d061aac7580730f18197fc1248d29b5619ba55f5e44a11109aa9e0dd6c902,43,"{""2015"":0,""2016"":7,""2017"":12,""2018"":12,""2019"":12}",16.907985002551083,False,insufficient fixed baseline coverage,
YEM,198,84,Wheat,YER,kg/day_wage,KG,1.0,KG,Retail,"{""commodity"":""Wage (non-qualified labour)"",""commodity_id"":""277"",""currency"":""YER"",""pricetype"":""Retail"",""unit"":""DAY""}",8919523eaffd87fa540642efb130a33d13eec1df055fce566b51835cd52279b3,43,"{""2015"":0,""2016"":7,""2017"":12,""2018"":12,""2019"":12}",18.18212890596463,False,insufficient fixed baseline coverage,
YEM,1943,64,Rice (imported),YER,kg/day_wage,KG,1.0,KG,Retail,"{""commodity"":""Wage (non-qualified labour)"",""commodity_id"":""277"",""currency"":""YER"",""pricetype"":""Retail"",""unit"":""DAY""}",895178c6e8db56bfe89c0e3008bca06b58ac5befee97cb4dde556d8f2f3b8cb9,43,"{""2015"":0,""2016"":7,""2017"":12,""2018"":12,""2019"":12}",4.960412804465968,False,insufficient fixed baseline coverage,
YEM,197,65,Sorghum,YER,kg/day_wage,KG,1.0,KG,Retail,"{""commodity"":""Wage (non-qualified labour)"",""commodity_id"":""277"",""currency"":""YER"",""pricetype"":""Retail"",""unit"":""DAY""}",89da5a1f3f40ebbed59ef706eab2d26592a4db17045501ebcc50617a2e9d2e4f,38,"{""2015"":0,""2016"":7,""2017"":12,""2018"":12,""2019"":7}",12.158589664740251,False,insufficient fixed baseline coverage,
ETH,1831,67,Maize (white),ETB,kg/day_wage,100 KG,100.0,KG,Retail,"{""commodity"":""Wage (non-qualified labour)"",""commodity_id"":""277"",""currency"":""ETB"",""pricetype"":""Retail"",""unit"":""DAY""}",8ffdb21cbac325a474cb883592e59c8e2c9a21b5a8520b6f1b4e4232299b9f40,1,"{""2015"":1,""2016"":0,""2017"":0,""2018"":0,""2019"":0}",10.76923076923077,False,insufficient fixed baseline coverage,
YEM,2370,84,Wheat,YER,kg/day_wage,KG,1.0,KG,Retail,"{""commodity"":""Wage (non-qualified labour)"",""commodity_id"":""277"",""currency"":""YER"",""pricetype"":""Retail"",""unit"":""DAY""}",910efac259b64034dfa52b6f97bf4905ba68c2f0c252759dfafa82cc1846693a,26,"{""2015"":0,""2016"":6,""2017"":12,""2018"":8,""2019"":0}",12.176179770878328,False,insufficient fixed baseline coverage,
YEM,1940,58,Wheat flour,YER,kg/day_wage,KG,1.0,KG,Retail,"{""commodity"":""Wage (non-qualified labour)"",""commodity_id"":""277"",""currency"":""YER"",""pricetype"":""Retail"",""unit"":""DAY""}",927ba1e25eb41b6abae03491f756a950d034516a1c693b165e388ffad861f161,42,"{""2015"":0,""2016"":6,""2017"":12,""2018"":12,""2019"":12}",12.948204057196447,False,insufficient fixed baseline coverage,
YEM,1939,64,Rice (imported),YER,kg/day_wage,KG,1.0,KG,Retail,"{""commodity"":""Wage (non-qualified labour)"",""commodity_id"":""277"",""currency"":""YER"",""pricetype"":""Retail"",""unit"":""DAY""}",94bc2aad2cd994b97baf3149387c9dcd97c285f05c96ae2e3ffc14a14589902e,43,"{""2015"":0,""2016"":7,""2017"":12,""2018"":12,""2019"":12}",4.256770779654882,False,insufficient fixed baseline coverage,
YEM,1937,64,Rice (imported),YER,kg/day_wage,KG,1.0,KG,Retail,"{""commodity"":""Wage (non-qualified labour)"",""commodity_id"":""277"",""currency"":""YER"",""pricetype"":""Retail"",""unit"":""DAY""}",9b9c532a9c4f529f7c78ae090f1f51d393a87df72db224e489a981654da9070f,43,"{""2015"":0,""2016"":7,""2017"":12,""2018"":12,""2019"":12}",6.335701093797626,False,insufficient fixed baseline coverage,
YEM,196,84,Wheat,YER,kg/day_wage,KG,1.0,KG,Retail,"{""commodity"":""Wage (non-qualified labour)"",""commodity_id"":""277"",""currency"":""YER"",""pricetype"":""Retail"",""unit"":""DAY""}",9d0bf92c1ddc1707fc7ee82a8043a8218d3c099001599be1c9ad60843628a1c5,43,"{""2015"":0,""2016"":7,""2017"":12,""2018"":12,""2019"":12}",18.383956283357556,False,insufficient fixed baseline coverage,
YEM,196,58,Wheat flour,YER,kg/day_wage,KG,1.0,KG,Retail,"{""commodity"":""Wage (non-qualified labour)"",""commodity_id"":""277"",""currency"":""YER"",""pricetype"":""Retail"",""unit"":""DAY""}",9e8a64642069d9e9021178daa84dce335adb6f3c9832c85de0bc751648d87158,43,"{""2015"":0,""2016"":7,""2017"":12,""2018"":12,""2019"":12}",15.983140168948141,False,insufficient fixed baseline coverage,
YEM,1943,84,Wheat,YER,kg/day_wage,KG,1.0,KG,Retail,"{""commodity"":""Wage (non-qualified labour)"",""commodity_id"":""277"",""currency"":""YER"",""pricetype"":""Retail"",""unit"":""DAY""}",9eab3417088c4e8b4532ab13be80da446ec52dd69262c062c3caf0ea40fbb2f5,43,"{""2015"":0,""2016"":7,""2017"":12,""2018"":12,""2019"":12}",15.65031035749653,False,insufficient fixed baseline coverage,
YEM,1945,58,Wheat flour,YER,kg/day_wage,KG,1.0,KG,Retail,"{""commodity"":""Wage (non-qualified labour)"",""commodity_id"":""277"",""currency"":""YER"",""pricetype"":""Retail"",""unit"":""DAY""}",a4fb1e55bf917f7955f73b60740e510e720dc4c37061b295a40c33fc035af37e,43,"{""2015"":0,""2016"":7,""2017"":12,""2018"":12,""2019"":12}",15.151274323314356,False,insufficient fixed baseline coverage,
YEM,1939,58,Wheat flour,YER,kg/day_wage,KG,1.0,KG,Retail,"{""commodity"":""Wage (non-qualified labour)"",""commodity_id"":""277"",""currency"":""YER"",""pricetype"":""Retail"",""unit"":""DAY""}",a66a9ec7f9049aad80f2926d64bab5fd617fe54b1fa1f3cc2438f323a161bce0,43,"{""2015"":0,""2016"":7,""2017"":12,""2018"":12,""2019"":12}",12.72250281896183,False,insufficient fixed baseline coverage,
YEM,195,65,Sorghum,YER,kg/day_wage,KG,1.0,KG,Retail,"{""commodity"":""Wage (non-qualified labour)"",""commodity_id"":""277"",""currency"":""YER"",""pricetype"":""Retail"",""unit"":""DAY""}",b58174cd21f3df2e03dfac67905fccb4eaeb657cbf85179f3b002a2050429ee9,41,"{""2015"":0,""2016"":7,""2017"":12,""2018"":12,""2019"":10}",11.90994009974069,False,insufficient fixed baseline coverage,
YEM,198,64,Rice (imported),YER,kg/day_wage,KG,1.0,KG,Retail,"{""commodity"":""Wage (non-qualified labour)"",""commodity_id"":""277"",""currency"":""YER"",""pricetype"":""Retail"",""unit"":""DAY""}",b8269c7696853feb3e447982112e6dc795534ea8c1c19b716680eddbc3374169,43,"{""2015"":0,""2016"":7,""2017"":12,""2018"":12,""2019"":12}",6.812795090361976,False,insufficient fixed baseline coverage,
YEM,1944,84,Wheat,YER,kg/day_wage,KG,1.0,KG,Retail,"{""commodity"":""Wage (non-qualified labour)"",""commodity_id"":""277"",""currency"":""YER"",""pricetype"":""Retail"",""unit"":""DAY""}",bb3998453cb4c597f548c71c0615ea395a5f8ccc6b9e72a0c2ed911f48b46308,43,"{""2015"":0,""2016"":7,""2017"":12,""2018"":12,""2019"":12}",16.1705109496777,False,insufficient fixed baseline coverage,
YEM,195,64,Rice (imported),YER,kg/day_wage,KG,1.0,KG,Retail,"{""commodity"":""Wage (non-qualified labour)"",""commodity_id"":""277"",""currency"":""YER"",""pricetype"":""Retail"",""unit"":""DAY""}",bec67c279890cd8efee6d4c57915c3c688cd5502cb20c6762dec95ea3b5883b2,43,"{""2015"":0,""2016"":7,""2017"":12,""2018"":12,""2019"":12}",5.655399223652258,False,insufficient fixed baseline coverage,
YEM,1935,84,Wheat,YER,kg/day_wage,KG,1.0,KG,Retail,"{""commodity"":""Wage (non-qualified labour)"",""commodity_id"":""277"",""currency"":""YER"",""pricetype"":""Retail"",""unit"":""DAY""}",bfbb9500cd4bec62119701fad9658d4e02bf71b5391e2d9e03cd4a6b88da3e2c,43,"{""2015"":0,""2016"":7,""2017"":12,""2018"":12,""2019"":12}",22.27405294399966,False,insufficient fixed baseline coverage,
YEM,192,64,Rice (imported),YER,kg/day_wage,KG,1.0,KG,Retail,"{""commodity"":""Wage (non-qualified labour)"",""commodity_id"":""277"",""currency"":""YER"",""pricetype"":""Retail"",""unit"":""DAY""}",c41703deb4e75c76045d144bf3333b9f1f372499dde18b545a42566a8752b92b,43,"{""2015"":0,""2016"":7,""2017"":12,""2018"":12,""2019"":12}",8.358847671672601,False,insufficient fixed baseline coverage,
YEM,1945,84,Wheat,YER,kg/day_wage,KG,1.0,KG,Retail,"{""commodity"":""Wage (non-qualified labour)"",""commodity_id"":""277"",""currency"":""YER"",""pricetype"":""Retail"",""unit"":""DAY""}",c90c4f21acba45e0aeaa3b325f9c7bdf960a3b989b428aaab4959baded940bd6,43,"{""2015"":0,""2016"":7,""2017"":12,""2018"":12,""2019"":12}",17.917887222235006,False,insufficient fixed baseline coverage,
YEM,1935,58,Wheat flour,YER,kg/day_wage,KG,1.0,KG,Retail,"{""commodity"":""Wage (non-qualified labour)"",""commodity_id"":""277"",""currency"":""YER"",""pricetype"":""Retail"",""unit"":""DAY""}",d0164b07e2565bd23f262a3fad84a653e9fdb0c514f7dd2608bc8d2babc1d76c,43,"{""2015"":0,""2016"":7,""2017"":12,""2018"":12,""2019"":12}",20.27402010565903,False,insufficient fixed baseline coverage,
YEM,1938,84,Wheat,YER,kg/day_wage,KG,1.0,KG,Retail,"{""commodity"":""Wage (non-qualified labour)"",""commodity_id"":""277"",""currency"":""YER"",""pricetype"":""Retail"",""unit"":""DAY""}",d5063247f0afe758f9353d65c1a35691148949adc27cd96bfdc1b75154aa3a1b,43,"{""2015"":0,""2016"":7,""2017"":12,""2018"":12,""2019"":12}",23.296853384259606,False,insufficient fixed baseline coverage,
YEM,1947,84,Wheat,YER,kg/day_wage,KG,1.0,KG,Retail,"{""commodity"":""Wage (non-qualified labour)"",""commodity_id"":""277"",""currency"":""YER"",""pricetype"":""Retail"",""unit"":""DAY""}",d608a16ca9fb6bf540b5bc8b31921515234ef3a5e0579179913d3e29dee0aa39,43,"{""2015"":0,""2016"":7,""2017"":12,""2018"":12,""2019"":12}",14.143371016953077,False,insufficient fixed baseline coverage,
YEM,1939,84,Wheat,YER,kg/day_wage,KG,1.0,KG,Retail,"{""commodity"":""Wage (non-qualified labour)"",""commodity_id"":""277"",""currency"":""YER"",""pricetype"":""Retail"",""unit"":""DAY""}",d9a499439a8877a32fd3319fd862c6922551dadf3a0c3e5995bfed7a8407edae,43,"{""2015"":0,""2016"":7,""2017"":12,""2018"":12,""2019"":12}",14.675491830506958,False,insufficient fixed baseline coverage,
YEM,1933,64,Rice (imported),YER,kg/day_wage,KG,1.0,KG,Retail,"{""commodity"":""Wage (non-qualified labour)"",""commodity_id"":""277"",""currency"":""YER"",""pricetype"":""Retail"",""unit"":""DAY""}",e0d32e7f85caacb9a50ec07a726836ffb4ab43891c4b3af4c9f36d1d36dffd27,43,"{""2015"":0,""2016"":7,""2017"":12,""2018"":12,""2019"":12}",5.323960812636373,False,insufficient fixed baseline coverage,
YEM,1943,58,Wheat flour,YER,kg/day_wage,KG,1.0,KG,Retail,"{""commodity"":""Wage (non-qualified labour)"",""commodity_id"":""277"",""currency"":""YER"",""pricetype"":""Retail"",""unit"":""DAY""}",e1106ef1fc40139e525288ca2081e7d1647f1f773089f5fb12c3fe41e7e2d73c,43,"{""2015"":0,""2016"":7,""2017"":12,""2018"":12,""2019"":12}",14.407299256144777,False,insufficient fixed baseline coverage,
YEM,1937,84,Wheat,YER,kg/day_wage,KG,1.0,KG,Retail,"{""commodity"":""Wage (non-qualified labour)"",""commodity_id"":""277"",""currency"":""YER"",""pricetype"":""Retail"",""unit"":""DAY""}",e49e4032f1be9bc9dab91e682196e722fe0b4a2e3ef9b3c143e0014f546f3d96,43,"{""2015"":0,""2016"":7,""2017"":12,""2018"":12,""2019"":12}",20.80414975590662,False,insufficient fixed baseline coverage,
YEM,197,84,Wheat,YER,kg/day_wage,KG,1.0,KG,Retail,"{""commodity"":""Wage (non-qualified labour)"",""commodity_id"":""277"",""currency"":""YER"",""pricetype"":""Retail"",""unit"":""DAY""}",e6d6d1f9d91d3e5d1834de36ba47bf20f58bded72f8502c878f85648052a428c,43,"{""2015"":0,""2016"":7,""2017"":12,""2018"":12,""2019"":12}",18.115490529604063,False,insufficient fixed baseline coverage,
YEM,199,84,Wheat,YER,kg/day_wage,KG,1.0,KG,Retail,"{""commodity"":""Wage (non-qualified labour)"",""commodity_id"":""277"",""currency"":""YER"",""pricetype"":""Retail"",""unit"":""DAY""}",ebb1595ce248184c65fcdbad495975bd8bb850b2b6cbc540f21b224dee85429e,43,"{""2015"":0,""2016"":7,""2017"":12,""2018"":12,""2019"":12}",15.584806415054258,False,insufficient fixed baseline coverage,
YEM,196,64,Rice (imported),YER,kg/day_wage,KG,1.0,KG,Retail,"{""commodity"":""Wage (non-qualified labour)"",""commodity_id"":""277"",""currency"":""YER"",""pricetype"":""Retail"",""unit"":""DAY""}",ece92b3ccfc2f51b46e834c92cb6b92659cc9c9836887bf362f44dc255b6c0fa,43,"{""2015"":0,""2016"":7,""2017"":12,""2018"":12,""2019"":12}",6.021927681558561,False,insufficient fixed baseline coverage,
YEM,1938,58,Wheat flour,YER,kg/day_wage,KG,1.0,KG,Retail,"{""commodity"":""Wage (non-qualified labour)"",""commodity_id"":""277"",""currency"":""YER"",""pricetype"":""Retail"",""unit"":""DAY""}",ed710d39cf2717e45ebbdc7404bf6fba1dd347d2c7004dd847a78fa57c35d854,43,"{""2015"":0,""2016"":7,""2017"":12,""2018"":12,""2019"":12}",19.518346844424055,False,insufficient fixed baseline coverage,
YEM,194,84,Wheat,YER,kg/day_wage,KG,1.0,KG,Retail,"{""commodity"":""Wage (non-qualified labour)"",""commodity_id"":""277"",""currency"":""YER"",""pricetype"":""Retail"",""unit"":""DAY""}",f06ab0cefe04f12e54284b103cf650bd3f61b280def18b744525b827a33601b8,43,"{""2015"":0,""2016"":7,""2017"":12,""2018"":12,""2019"":12}",12.125858010821077,False,insufficient fixed baseline coverage,
YEM,1942,84,Wheat,YER,kg/day_wage,KG,1.0,KG,Retail,"{""commodity"":""Wage (non-qualified labour)"",""commodity_id"":""277"",""currency"":""YER"",""pricetype"":""Retail"",""unit"":""DAY""}",f0b5ac70b308bf6b1b6cc7856845148d3829eb57cd5d891edf622785ca97f8c2,43,"{""2015"":0,""2016"":7,""2017"":12,""2018"":12,""2019"":12}",13.778910085636493,False,insufficient fixed baseline coverage,
YEM,1941,64,Rice (imported),YER,kg/day_wage,KG,1.0,KG,Retail,"{""commodity"":""Wage (non-qualified labour)"",""commodity_id"":""277"",""currency"":""YER"",""pricetype"":""Retail"",""unit"":""DAY""}",f2118d9baed0df139aaefbf6576d7f2305a9b2b36eca0375e8794318204eb8ec,43,"{""2015"":0,""2016"":7,""2017"":12,""2018"":12,""2019"":12}",6.398765909548526,False,insufficient fixed baseline coverage,
YEM,1946,84,Wheat,YER,kg/day_wage,KG,1.0,KG,Retail,"{""commodity"":""Wage (non-qualified labour)"",""commodity_id"":""277"",""currency"":""YER"",""pricetype"":""Retail"",""unit"":""DAY""}",f2f09ef85368503aa70cb1ff32a59f84e6246c523e7da448e55a5410b6e71ce8,43,"{""2015"":0,""2016"":7,""2017"":12,""2018"":12,""2019"":12}",17.10417255506222,False,insufficient fixed baseline coverage,
YEM,2370,58,Wheat flour,YER,kg/day_wage,KG,1.0,KG,Retail,"{""commodity"":""Wage (non-qualified labour)"",""commodity_id"":""277"",""currency"":""YER"",""pricetype"":""Retail"",""unit"":""DAY""}",f44a13387cb7a2df88c547515290575a9bb4cb088bafed1b9405cc56509513c6,26,"{""2015"":0,""2016"":6,""2017"":12,""2018"":8,""2019"":0}",10.398018183956124,False,insufficient fixed baseline coverage,
YEM,1934,64,Rice (imported),YER,kg/day_wage,KG,1.0,KG,Retail,"{""commodity"":""Wage (non-qualified labour)"",""commodity_id"":""277"",""currency"":""YER"",""pricetype"":""Retail"",""unit"":""DAY""}",f59c4e6c517032cbcee1d6cc92ef7fd99c8940ee23f1536f33d2d4fa6b4b2761,43,"{""2015"":0,""2016"":7,""2017"":12,""2018"":12,""2019"":12}",4.762535264205356,False,insufficient fixed baseline coverage,
YEM,1935,64,Rice (imported),YER,kg/day_wage,KG,1.0,KG,Retail,"{""commodity"":""Wage (non-qualified labour)"",""commodity_id"":""277"",""currency"":""YER"",""pricetype"":""Retail"",""unit"":""DAY""}",f6dd17beacb74b7b157e0d841a830da5f12b3a15bfe28fe44302bdc58a8ce76d,43,"{""2015"":0,""2016"":7,""2017"":12,""2018"":12,""2019"":12}",6.274497023531002,False,insufficient fixed baseline coverage,
YEM,1940,84,Wheat,YER,kg/day_wage,KG,1.0,KG,Retail,"{""commodity"":""Wage (non-qualified labour)"",""commodity_id"":""277"",""currency"":""YER"",""pricetype"":""Retail"",""unit"":""DAY""}",f95c7693cf5687537023901b45de9f87215c176485a3b8d940ad32480db26190,42,"{""2015"":0,""2016"":6,""2017"":12,""2018"":12,""2019"":12}",14.812421214736274,False,insufficient fixed baseline coverage,
YEM,198,58,Wheat flour,YER,kg/day_wage,KG,1.0,KG,Retail,"{""commodity"":""Wage (non-qualified labour)"",""commodity_id"":""277"",""currency"":""YER"",""pricetype"":""Retail"",""unit"":""DAY""}",fd819285cd271e3bd64fa74e3ffe791800690a1d38eeca11099108f9542181e5,43,"{""2015"":0,""2016"":7,""2017"":12,""2018"":12,""2019"":12}",18.584051704138666,False,insufficient fixed baseline coverage,
