family,pair_id,country,predictor,response,lag_years,sample_years,response_start_year,response_end_year,predictor_start_year,predictor_end_year,sample_sha256,transform,regime_breakpoints,fit,n,minimum_years,control_columns,n_controls,rank,df_resid,status,reason,partial_r,beta,beta_ci_low,beta_ci_high,p_hac,q_family,family_size,reject_fdr
regional,ISR__conflict_total_deaths_per_100k__refugees_origin_stock_change__lag0,ISR,conflict_total_deaths_per_100k,refugees_origin_stock_change,0,,,,,,df87bdde692083e24cdb9fb667d064fa1b6d7147c61f6c4150eff45e7615817b,signed_log1p,,baseline_time_regime,0,12,,0,,,unavailable,insufficient_contiguous_years,,,,,,1.0,144,False
regional,ISR__conflict_total_deaths_per_100k__refugees_origin_stock_change__lag0,ISR,conflict_total_deaths_per_100k,refugees_origin_stock_change,0,,,,,,df87bdde692083e24cdb9fb667d064fa1b6d7147c61f6c4150eff45e7615817b,signed_log1p,,climate_adjusted,0,12,rni_response;dmi_response,2,,,unavailable,insufficient_contiguous_years,,,,,,1.0,144,False
regional,ISR__conflict_total_deaths_per_100k__refugees_origin_stock_change__lag1,ISR,conflict_total_deaths_per_100k,refugees_origin_stock_change,1,,,,,,73577a7f2b926b2b97a351dde0da3d6a71a47ba1b81a15f0b393e91d063012b7,signed_log1p,,baseline_time_regime,0,12,,0,,,unavailable,insufficient_contiguous_years,,,,,,1.0,144,False
regional,ISR__conflict_total_deaths_per_100k__refugees_origin_stock_change__lag1,ISR,conflict_total_deaths_per_100k,refugees_origin_stock_change,1,,,,,,73577a7f2b926b2b97a351dde0da3d6a71a47ba1b81a15f0b393e91d063012b7,signed_log1p,,climate_adjusted,0,12,rni_response;dmi_response;rni_predictor;dmi_predictor,4,,,unavailable,insufficient_contiguous_years,,,,,,1.0,144,False
regional,ISR__conflict_total_deaths_per_100k__refugees_origin_stock_change__lag2,ISR,conflict_total_deaths_per_100k,refugees_origin_stock_change,2,,,,,,73577a7f2b926b2b97a351dde0da3d6a71a47ba1b81a15f0b393e91d063012b7,signed_log1p,,baseline_time_regime,0,12,,0,,,unavailable,insufficient_contiguous_years,,,,,,1.0,144,False
regional,ISR__conflict_total_deaths_per_100k__refugees_origin_stock_change__lag2,ISR,conflict_total_deaths_per_100k,refugees_origin_stock_change,2,,,,,,73577a7f2b926b2b97a351dde0da3d6a71a47ba1b81a15f0b393e91d063012b7,signed_log1p,,climate_adjusted,0,12,rni_response;dmi_response;rni_predictor;dmi_predictor,4,,,unavailable,insufficient_contiguous_years,,,,,,1.0,144,False
regional,ISR__conflict_total_deaths_per_100k__ipc_current_3plus_fraction__lag0,ISR,conflict_total_deaths_per_100k,ipc_current_3plus_fraction,0,,,,,,df87bdde692083e24cdb9fb667d064fa1b6d7147c61f6c4150eff45e7615817b,signed_log1p,,baseline_time_regime,0,12,,0,,,unavailable,insufficient_contiguous_years,,,,,,1.0,144,False
regional,ISR__conflict_total_deaths_per_100k__ipc_current_3plus_fraction__lag0,ISR,conflict_total_deaths_per_100k,ipc_current_3plus_fraction,0,,,,,,df87bdde692083e24cdb9fb667d064fa1b6d7147c61f6c4150eff45e7615817b,signed_log1p,,climate_adjusted,0,12,rni_response;dmi_response,2,,,unavailable,insufficient_contiguous_years,,,,,,1.0,144,False
regional,ISR__conflict_total_deaths_per_100k__ipc_current_3plus_fraction__lag1,ISR,conflict_total_deaths_per_100k,ipc_current_3plus_fraction,1,,,,,,73577a7f2b926b2b97a351dde0da3d6a71a47ba1b81a15f0b393e91d063012b7,signed_log1p,,baseline_time_regime,0,12,,0,,,unavailable,insufficient_contiguous_years,,,,,,1.0,144,False
regional,ISR__conflict_total_deaths_per_100k__ipc_current_3plus_fraction__lag1,ISR,conflict_total_deaths_per_100k,ipc_current_3plus_fraction,1,,,,,,73577a7f2b926b2b97a351dde0da3d6a71a47ba1b81a15f0b393e91d063012b7,signed_log1p,,climate_adjusted,0,12,rni_response;dmi_response;rni_predictor;dmi_predictor,4,,,unavailable,insufficient_contiguous_years,,,,,,1.0,144,False
regional,ISR__conflict_total_deaths_per_100k__ipc_current_3plus_fraction__lag2,ISR,conflict_total_deaths_per_100k,ipc_current_3plus_fraction,2,,,,,,73577a7f2b926b2b97a351dde0da3d6a71a47ba1b81a15f0b393e91d063012b7,signed_log1p,,baseline_time_regime,0,12,,0,,,unavailable,insufficient_contiguous_years,,,,,,1.0,144,False
regional,ISR__conflict_total_deaths_per_100k__ipc_current_3plus_fraction__lag2,ISR,conflict_total_deaths_per_100k,ipc_current_3plus_fraction,2,,,,,,73577a7f2b926b2b97a351dde0da3d6a71a47ba1b81a15f0b393e91d063012b7,signed_log1p,,climate_adjusted,0,12,rni_response;dmi_response;rni_predictor;dmi_predictor,4,,,unavailable,insufficient_contiguous_years,,,,,,1.0,144,False
regional,ISR__retail_staple_price_yoy_pct__ipc_current_3plus_fraction__lag0,ISR,retail_staple_price_yoy_pct,ipc_current_3plus_fraction,0,,,,,,df87bdde692083e24cdb9fb667d064fa1b6d7147c61f6c4150eff45e7615817b,signed_log1p,,baseline_time_regime,0,12,,0,,,unavailable,insufficient_contiguous_years,,,,,,1.0,144,False
regional,ISR__retail_staple_price_yoy_pct__ipc_current_3plus_fraction__lag0,ISR,retail_staple_price_yoy_pct,ipc_current_3plus_fraction,0,,,,,,df87bdde692083e24cdb9fb667d064fa1b6d7147c61f6c4150eff45e7615817b,signed_log1p,,climate_adjusted,0,12,rni_response;dmi_response,2,,,unavailable,insufficient_contiguous_years,,,,,,1.0,144,False
regional,ISR__retail_staple_price_yoy_pct__ipc_current_3plus_fraction__lag1,ISR,retail_staple_price_yoy_pct,ipc_current_3plus_fraction,1,,,,,,73577a7f2b926b2b97a351dde0da3d6a71a47ba1b81a15f0b393e91d063012b7,signed_log1p,,baseline_time_regime,0,12,,0,,,unavailable,insufficient_contiguous_years,,,,,,1.0,144,False
regional,ISR__retail_staple_price_yoy_pct__ipc_current_3plus_fraction__lag1,ISR,retail_staple_price_yoy_pct,ipc_current_3plus_fraction,1,,,,,,73577a7f2b926b2b97a351dde0da3d6a71a47ba1b81a15f0b393e91d063012b7,signed_log1p,,climate_adjusted,0,12,rni_response;dmi_response;rni_predictor;dmi_predictor,4,,,unavailable,insufficient_contiguous_years,,,,,,1.0,144,False
regional,ISR__retail_staple_price_yoy_pct__ipc_current_3plus_fraction__lag2,ISR,retail_staple_price_yoy_pct,ipc_current_3plus_fraction,2,,,,,,73577a7f2b926b2b97a351dde0da3d6a71a47ba1b81a15f0b393e91d063012b7,signed_log1p,,baseline_time_regime,0,12,,0,,,unavailable,insufficient_contiguous_years,,,,,,1.0,144,False
regional,ISR__retail_staple_price_yoy_pct__ipc_current_3plus_fraction__lag2,ISR,retail_staple_price_yoy_pct,ipc_current_3plus_fraction,2,,,,,,73577a7f2b926b2b97a351dde0da3d6a71a47ba1b81a15f0b393e91d063012b7,signed_log1p,,climate_adjusted,0,12,rni_response;dmi_response;rni_predictor;dmi_predictor,4,,,unavailable,insufficient_contiguous_years,,,,,,1.0,144,False
regional,PSE__conflict_total_deaths_per_100k__refugees_origin_stock_change__lag0,PSE,conflict_total_deaths_per_100k,refugees_origin_stock_change,0,,,,,,df87bdde692083e24cdb9fb667d064fa1b6d7147c61f6c4150eff45e7615817b,signed_log1p,,baseline_time_regime,0,12,,0,,,unavailable,insufficient_contiguous_years,,,,,,1.0,144,False
regional,PSE__conflict_total_deaths_per_100k__refugees_origin_stock_change__lag0,PSE,conflict_total_deaths_per_100k,refugees_origin_stock_change,0,,,,,,df87bdde692083e24cdb9fb667d064fa1b6d7147c61f6c4150eff45e7615817b,signed_log1p,,climate_adjusted,0,12,rni_response;dmi_response,2,,,unavailable,insufficient_contiguous_years,,,,,,1.0,144,False
regional,PSE__conflict_total_deaths_per_100k__refugees_origin_stock_change__lag1,PSE,conflict_total_deaths_per_100k,refugees_origin_stock_change,1,,,,,,73577a7f2b926b2b97a351dde0da3d6a71a47ba1b81a15f0b393e91d063012b7,signed_log1p,,baseline_time_regime,0,12,,0,,,unavailable,insufficient_contiguous_years,,,,,,1.0,144,False
regional,PSE__conflict_total_deaths_per_100k__refugees_origin_stock_change__lag1,PSE,conflict_total_deaths_per_100k,refugees_origin_stock_change,1,,,,,,73577a7f2b926b2b97a351dde0da3d6a71a47ba1b81a15f0b393e91d063012b7,signed_log1p,,climate_adjusted,0,12,rni_response;dmi_response;rni_predictor;dmi_predictor,4,,,unavailable,insufficient_contiguous_years,,,,,,1.0,144,False
regional,PSE__conflict_total_deaths_per_100k__refugees_origin_stock_change__lag2,PSE,conflict_total_deaths_per_100k,refugees_origin_stock_change,2,,,,,,73577a7f2b926b2b97a351dde0da3d6a71a47ba1b81a15f0b393e91d063012b7,signed_log1p,,baseline_time_regime,0,12,,0,,,unavailable,insufficient_contiguous_years,,,,,,1.0,144,False
regional,PSE__conflict_total_deaths_per_100k__refugees_origin_stock_change__lag2,PSE,conflict_total_deaths_per_100k,refugees_origin_stock_change,2,,,,,,73577a7f2b926b2b97a351dde0da3d6a71a47ba1b81a15f0b393e91d063012b7,signed_log1p,,climate_adjusted,0,12,rni_response;dmi_response;rni_predictor;dmi_predictor,4,,,unavailable,insufficient_contiguous_years,,,,,,1.0,144,False
regional,PSE__conflict_total_deaths_per_100k__ipc_current_3plus_fraction__lag0,PSE,conflict_total_deaths_per_100k,ipc_current_3plus_fraction,0,,,,,,df87bdde692083e24cdb9fb667d064fa1b6d7147c61f6c4150eff45e7615817b,signed_log1p,,baseline_time_regime,0,12,,0,,,unavailable,insufficient_contiguous_years,,,,,,1.0,144,False
regional,PSE__conflict_total_deaths_per_100k__ipc_current_3plus_fraction__lag0,PSE,conflict_total_deaths_per_100k,ipc_current_3plus_fraction,0,,,,,,df87bdde692083e24cdb9fb667d064fa1b6d7147c61f6c4150eff45e7615817b,signed_log1p,,climate_adjusted,0,12,rni_response;dmi_response,2,,,unavailable,insufficient_contiguous_years,,,,,,1.0,144,False
regional,PSE__conflict_total_deaths_per_100k__ipc_current_3plus_fraction__lag1,PSE,conflict_total_deaths_per_100k,ipc_current_3plus_fraction,1,,,,,,73577a7f2b926b2b97a351dde0da3d6a71a47ba1b81a15f0b393e91d063012b7,signed_log1p,,baseline_time_regime,0,12,,0,,,unavailable,insufficient_contiguous_years,,,,,,1.0,144,False
regional,PSE__conflict_total_deaths_per_100k__ipc_current_3plus_fraction__lag1,PSE,conflict_total_deaths_per_100k,ipc_current_3plus_fraction,1,,,,,,73577a7f2b926b2b97a351dde0da3d6a71a47ba1b81a15f0b393e91d063012b7,signed_log1p,,climate_adjusted,0,12,rni_response;dmi_response;rni_predictor;dmi_predictor,4,,,unavailable,insufficient_contiguous_years,,,,,,1.0,144,False
regional,PSE__conflict_total_deaths_per_100k__ipc_current_3plus_fraction__lag2,PSE,conflict_total_deaths_per_100k,ipc_current_3plus_fraction,2,,,,,,73577a7f2b926b2b97a351dde0da3d6a71a47ba1b81a15f0b393e91d063012b7,signed_log1p,,baseline_time_regime,0,12,,0,,,unavailable,insufficient_contiguous_years,,,,,,1.0,144,False
regional,PSE__conflict_total_deaths_per_100k__ipc_current_3plus_fraction__lag2,PSE,conflict_total_deaths_per_100k,ipc_current_3plus_fraction,2,,,,,,73577a7f2b926b2b97a351dde0da3d6a71a47ba1b81a15f0b393e91d063012b7,signed_log1p,,climate_adjusted,0,12,rni_response;dmi_response;rni_predictor;dmi_predictor,4,,,unavailable,insufficient_contiguous_years,,,,,,1.0,144,False
regional,PSE__retail_staple_price_yoy_pct__ipc_current_3plus_fraction__lag0,PSE,retail_staple_price_yoy_pct,ipc_current_3plus_fraction,0,,,,,,df87bdde692083e24cdb9fb667d064fa1b6d7147c61f6c4150eff45e7615817b,signed_log1p,,baseline_time_regime,0,12,,0,,,unavailable,insufficient_contiguous_years,,,,,,1.0,144,False
regional,PSE__retail_staple_price_yoy_pct__ipc_current_3plus_fraction__lag0,PSE,retail_staple_price_yoy_pct,ipc_current_3plus_fraction,0,,,,,,df87bdde692083e24cdb9fb667d064fa1b6d7147c61f6c4150eff45e7615817b,signed_log1p,,climate_adjusted,0,12,rni_response;dmi_response,2,,,unavailable,insufficient_contiguous_years,,,,,,1.0,144,False
regional,PSE__retail_staple_price_yoy_pct__ipc_current_3plus_fraction__lag1,PSE,retail_staple_price_yoy_pct,ipc_current_3plus_fraction,1,,,,,,73577a7f2b926b2b97a351dde0da3d6a71a47ba1b81a15f0b393e91d063012b7,signed_log1p,,baseline_time_regime,0,12,,0,,,unavailable,insufficient_contiguous_years,,,,,,1.0,144,False
regional,PSE__retail_staple_price_yoy_pct__ipc_current_3plus_fraction__lag1,PSE,retail_staple_price_yoy_pct,ipc_current_3plus_fraction,1,,,,,,73577a7f2b926b2b97a351dde0da3d6a71a47ba1b81a15f0b393e91d063012b7,signed_log1p,,climate_adjusted,0,12,rni_response;dmi_response;rni_predictor;dmi_predictor,4,,,unavailable,insufficient_contiguous_years,,,,,,1.0,144,False
regional,PSE__retail_staple_price_yoy_pct__ipc_current_3plus_fraction__lag2,PSE,retail_staple_price_yoy_pct,ipc_current_3plus_fraction,2,,,,,,73577a7f2b926b2b97a351dde0da3d6a71a47ba1b81a15f0b393e91d063012b7,signed_log1p,,baseline_time_regime,0,12,,0,,,unavailable,insufficient_contiguous_years,,,,,,1.0,144,False
regional,PSE__retail_staple_price_yoy_pct__ipc_current_3plus_fraction__lag2,PSE,retail_staple_price_yoy_pct,ipc_current_3plus_fraction,2,,,,,,73577a7f2b926b2b97a351dde0da3d6a71a47ba1b81a15f0b393e91d063012b7,signed_log1p,,climate_adjusted,0,12,rni_response;dmi_response;rni_predictor;dmi_predictor,4,,,unavailable,insufficient_contiguous_years,,,,,,1.0,144,False
regional,LBN__conflict_total_deaths_per_100k__refugees_origin_stock_change__lag0,LBN,conflict_total_deaths_per_100k,refugees_origin_stock_change,0,2001;2002;2003;2004;2005;2006;2007;2008;2009;2010;2011;2012;2013;2014;2015;2016;2017;2018;2019;2020;2021;2022;2023;2024;2025,2001.0,2025.0,2001.0,2025.0,13f586b6952f24a8bed33465276b05ade3d20a499f40ffb429af478018d3e3de,signed_log1p,,baseline_time_regime,25,12,intercept_2001_2025;time_2001_2025,2,3.0,22.0,eligible,,-0.09684812541105643,-0.5413649248396353,-2.239013674948068,1.1562838252687972,0.5152618102275377,1.0,144,False
regional,LBN__conflict_total_deaths_per_100k__refugees_origin_stock_change__lag0,LBN,conflict_total_deaths_per_100k,refugees_origin_stock_change,0,2001;2002;2003;2004;2005;2006;2007;2008;2009;2010;2011;2012;2013;2014;2015;2016;2017;2018;2019;2020;2021;2022;2023;2024;2025,2001.0,2025.0,2001.0,2025.0,13f586b6952f24a8bed33465276b05ade3d20a499f40ffb429af478018d3e3de,signed_log1p,,climate_adjusted,25,12,intercept_2001_2025;time_2001_2025;rni_response;dmi_response,4,5.0,20.0,eligible,,-0.17128248451975356,-0.9259364446390539,-2.6357526307247046,0.7838797414465963,0.27199658583089104,1.0,144,False
regional,LBN__conflict_total_deaths_per_100k__refugees_origin_stock_change__lag1,LBN,conflict_total_deaths_per_100k,refugees_origin_stock_change,1,2001;2002;2003;2004;2005;2006;2007;2008;2009;2010;2011;2012;2013;2014;2015;2016;2017;2018;2019;2020;2021;2022;2023;2024;2025,2001.0,2025.0,2000.0,2024.0,ba3d8f0d5b5d39c2b06b3b781c8b38836deb59d70293831cfcd411b92f747133,signed_log1p,,baseline_time_regime,25,12,intercept_2001_2025;time_2001_2025,2,3.0,22.0,eligible,,0.26624099144217656,1.484968147604992,-1.1997029647064057,4.16963925991639,0.26365545697966325,1.0,144,False
regional,LBN__conflict_total_deaths_per_100k__refugees_origin_stock_change__lag1,LBN,conflict_total_deaths_per_100k,refugees_origin_stock_change,1,2001;2002;2003;2004;2005;2006;2007;2008;2009;2010;2011;2012;2013;2014;2015;2016;2017;2018;2019;2020;2021;2022;2023;2024;2025,2001.0,2025.0,2000.0,2024.0,ba3d8f0d5b5d39c2b06b3b781c8b38836deb59d70293831cfcd411b92f747133,signed_log1p,,climate_adjusted,25,12,intercept_2001_2025;time_2001_2025;rni_response;dmi_response;rni_predictor;dmi_predictor,6,7.0,18.0,eligible,,0.33114041737396854,1.752144978503802,-1.475401728555584,4.979691685563187,0.26901344901947816,1.0,144,False
regional,LBN__conflict_total_deaths_per_100k__refugees_origin_stock_change__lag2,LBN,conflict_total_deaths_per_100k,refugees_origin_stock_change,2,2002;2003;2004;2005;2006;2007;2008;2009;2010;2011;2012;2013;2014;2015;2016;2017;2018;2019;2020;2021;2022;2023;2024;2025,2002.0,2025.0,2000.0,2023.0,5c64bbff7b0fde8affd29428c3e306a504c000ffbbeb52bf0bea3856f53308d3,signed_log1p,,baseline_time_regime,24,12,intercept_2002_2025;time_2002_2025,2,3.0,21.0,eligible,,0.10914361550208614,0.7999218896089634,-2.768117046079724,4.367960825297651,0.645850488288992,1.0,144,False
regional,LBN__conflict_total_deaths_per_100k__refugees_origin_stock_change__lag2,LBN,conflict_total_deaths_per_100k,refugees_origin_stock_change,2,2002;2003;2004;2005;2006;2007;2008;2009;2010;2011;2012;2013;2014;2015;2016;2017;2018;2019;2020;2021;2022;2023;2024;2025,2002.0,2025.0,2000.0,2023.0,5c64bbff7b0fde8affd29428c3e306a504c000ffbbeb52bf0bea3856f53308d3,signed_log1p,,climate_adjusted,24,12,intercept_2002_2025;time_2002_2025;rni_response;dmi_response;rni_predictor;dmi_predictor,6,7.0,17.0,eligible,,0.14032969590719815,1.0087235171378894,-2.2639136600756204,4.281360694351399,0.5241855705630886,1.0,144,False
regional,LBN__conflict_total_deaths_per_100k__ipc_current_3plus_fraction__lag0,LBN,conflict_total_deaths_per_100k,ipc_current_3plus_fraction,0,,,,,,df87bdde692083e24cdb9fb667d064fa1b6d7147c61f6c4150eff45e7615817b,signed_log1p,,baseline_time_regime,0,12,,0,,,unavailable,insufficient_contiguous_years,,,,,,1.0,144,False
regional,LBN__conflict_total_deaths_per_100k__ipc_current_3plus_fraction__lag0,LBN,conflict_total_deaths_per_100k,ipc_current_3plus_fraction,0,,,,,,df87bdde692083e24cdb9fb667d064fa1b6d7147c61f6c4150eff45e7615817b,signed_log1p,,climate_adjusted,0,12,rni_response;dmi_response,2,,,unavailable,insufficient_contiguous_years,,,,,,1.0,144,False
regional,LBN__conflict_total_deaths_per_100k__ipc_current_3plus_fraction__lag1,LBN,conflict_total_deaths_per_100k,ipc_current_3plus_fraction,1,,,,,,73577a7f2b926b2b97a351dde0da3d6a71a47ba1b81a15f0b393e91d063012b7,signed_log1p,,baseline_time_regime,0,12,,0,,,unavailable,insufficient_contiguous_years,,,,,,1.0,144,False
regional,LBN__conflict_total_deaths_per_100k__ipc_current_3plus_fraction__lag1,LBN,conflict_total_deaths_per_100k,ipc_current_3plus_fraction,1,,,,,,73577a7f2b926b2b97a351dde0da3d6a71a47ba1b81a15f0b393e91d063012b7,signed_log1p,,climate_adjusted,0,12,rni_response;dmi_response;rni_predictor;dmi_predictor,4,,,unavailable,insufficient_contiguous_years,,,,,,1.0,144,False
regional,LBN__conflict_total_deaths_per_100k__ipc_current_3plus_fraction__lag2,LBN,conflict_total_deaths_per_100k,ipc_current_3plus_fraction,2,,,,,,73577a7f2b926b2b97a351dde0da3d6a71a47ba1b81a15f0b393e91d063012b7,signed_log1p,,baseline_time_regime,0,12,,0,,,unavailable,insufficient_contiguous_years,,,,,,1.0,144,False
regional,LBN__conflict_total_deaths_per_100k__ipc_current_3plus_fraction__lag2,LBN,conflict_total_deaths_per_100k,ipc_current_3plus_fraction,2,,,,,,73577a7f2b926b2b97a351dde0da3d6a71a47ba1b81a15f0b393e91d063012b7,signed_log1p,,climate_adjusted,0,12,rni_response;dmi_response;rni_predictor;dmi_predictor,4,,,unavailable,insufficient_contiguous_years,,,,,,1.0,144,False
regional,LBN__retail_staple_price_yoy_pct__ipc_current_3plus_fraction__lag0,LBN,retail_staple_price_yoy_pct,ipc_current_3plus_fraction,0,,,,,,df87bdde692083e24cdb9fb667d064fa1b6d7147c61f6c4150eff45e7615817b,signed_log1p,,baseline_time_regime,0,12,,0,,,unavailable,insufficient_contiguous_years,,,,,,1.0,144,False
regional,LBN__retail_staple_price_yoy_pct__ipc_current_3plus_fraction__lag0,LBN,retail_staple_price_yoy_pct,ipc_current_3plus_fraction,0,,,,,,df87bdde692083e24cdb9fb667d064fa1b6d7147c61f6c4150eff45e7615817b,signed_log1p,,climate_adjusted,0,12,rni_response;dmi_response,2,,,unavailable,insufficient_contiguous_years,,,,,,1.0,144,False
regional,LBN__retail_staple_price_yoy_pct__ipc_current_3plus_fraction__lag1,LBN,retail_staple_price_yoy_pct,ipc_current_3plus_fraction,1,,,,,,73577a7f2b926b2b97a351dde0da3d6a71a47ba1b81a15f0b393e91d063012b7,signed_log1p,,baseline_time_regime,0,12,,0,,,unavailable,insufficient_contiguous_years,,,,,,1.0,144,False
regional,LBN__retail_staple_price_yoy_pct__ipc_current_3plus_fraction__lag1,LBN,retail_staple_price_yoy_pct,ipc_current_3plus_fraction,1,,,,,,73577a7f2b926b2b97a351dde0da3d6a71a47ba1b81a15f0b393e91d063012b7,signed_log1p,,climate_adjusted,0,12,rni_response;dmi_response;rni_predictor;dmi_predictor,4,,,unavailable,insufficient_contiguous_years,,,,,,1.0,144,False
regional,LBN__retail_staple_price_yoy_pct__ipc_current_3plus_fraction__lag2,LBN,retail_staple_price_yoy_pct,ipc_current_3plus_fraction,2,,,,,,73577a7f2b926b2b97a351dde0da3d6a71a47ba1b81a15f0b393e91d063012b7,signed_log1p,,baseline_time_regime,0,12,,0,,,unavailable,insufficient_contiguous_years,,,,,,1.0,144,False
regional,LBN__retail_staple_price_yoy_pct__ipc_current_3plus_fraction__lag2,LBN,retail_staple_price_yoy_pct,ipc_current_3plus_fraction,2,,,,,,73577a7f2b926b2b97a351dde0da3d6a71a47ba1b81a15f0b393e91d063012b7,signed_log1p,,climate_adjusted,0,12,rni_response;dmi_response;rni_predictor;dmi_predictor,4,,,unavailable,insufficient_contiguous_years,,,,,,1.0,144,False
regional,UKR__conflict_total_deaths_per_100k__refugees_origin_stock_change__lag0,UKR,conflict_total_deaths_per_100k,refugees_origin_stock_change,0,2001;2002;2003;2004;2005;2006;2007;2008;2009;2010;2011;2012;2013;2014;2015;2016;2017;2018;2019;2020;2021;2022;2023;2024;2025,2001.0,2025.0,2001.0,2025.0,34e829b4d1c8dd1461e888c23175472dc17c9b4b5fceb43241c686807f5dcbe0,signed_log1p,,baseline_time_regime,25,12,intercept_2001_2025;time_2001_2025,2,3.0,22.0,eligible,,0.5928718058510676,4.407052903244334,2.544424159579966,6.269681646908701,6.602843825234275e-05,0.004754047554168678,144,True
regional,UKR__conflict_total_deaths_per_100k__refugees_origin_stock_change__lag0,UKR,conflict_total_deaths_per_100k,refugees_origin_stock_change,0,2001;2002;2003;2004;2005;2006;2007;2008;2009;2010;2011;2012;2013;2014;2015;2016;2017;2018;2019;2020;2021;2022;2023;2024;2025,2001.0,2025.0,2001.0,2025.0,34e829b4d1c8dd1461e888c23175472dc17c9b4b5fceb43241c686807f5dcbe0,signed_log1p,,climate_adjusted,25,12,intercept_2001_2025;time_2001_2025;rni_response;dmi_response,4,5.0,20.0,eligible,,0.5898028895093584,4.568702535014652,2.686501487932619,6.450903582096684,5.943354389501744e-05,0.004754047554168678,144,True
regional,UKR__conflict_total_deaths_per_100k__refugees_origin_stock_change__lag1,UKR,conflict_total_deaths_per_100k,refugees_origin_stock_change,1,2001;2002;2003;2004;2005;2006;2007;2008;2009;2010;2011;2012;2013;2014;2015;2016;2017;2018;2019;2020;2021;2022;2023;2024;2025,2001.0,2025.0,2000.0,2024.0,5d6e8dd05357e353410737ad95b3e82c0f89ecd8265c77a8ab48be3f3dec0714,signed_log1p,,baseline_time_regime,25,12,intercept_2001_2025;time_2001_2025,2,3.0,22.0,eligible,,0.2616589403672902,2.0203213880828037,-0.5478931695596593,4.588535945725267,0.11703103654582342,1.0,144,False
regional,UKR__conflict_total_deaths_per_100k__refugees_origin_stock_change__lag1,UKR,conflict_total_deaths_per_100k,refugees_origin_stock_change,1,2001;2002;2003;2004;2005;2006;2007;2008;2009;2010;2011;2012;2013;2014;2015;2016;2017;2018;2019;2020;2021;2022;2023;2024;2025,2001.0,2025.0,2000.0,2024.0,5d6e8dd05357e353410737ad95b3e82c0f89ecd8265c77a8ab48be3f3dec0714,signed_log1p,,climate_adjusted,25,12,intercept_2001_2025;time_2001_2025;rni_response;dmi_response;rni_predictor;dmi_predictor,6,7.0,18.0,eligible,,0.35481020076163877,2.435709366970162,1.0087482877243954,3.862670446215929,0.0021114470504346376,0.10134945842086261,144,False
regional,UKR__conflict_total_deaths_per_100k__refugees_origin_stock_change__lag2,UKR,conflict_total_deaths_per_100k,refugees_origin_stock_change,2,2002;2003;2004;2005;2006;2007;2008;2009;2010;2011;2012;2013;2014;2015;2016;2017;2018;2019;2020;2021;2022;2023;2024;2025,2002.0,2025.0,2000.0,2023.0,3c535051b45c4858529210a0a653e383bba9a557ed0a6a1e663c911f0b252b04,signed_log1p,,baseline_time_regime,24,12,intercept_2002_2025;time_2002_2025,2,3.0,21.0,eligible,,-0.16974842739864793,-1.426514183110125,-4.933430075637984,2.0804017094177345,0.4071290429408925,1.0,144,False
regional,UKR__conflict_total_deaths_per_100k__refugees_origin_stock_change__lag2,UKR,conflict_total_deaths_per_100k,refugees_origin_stock_change,2,2002;2003;2004;2005;2006;2007;2008;2009;2010;2011;2012;2013;2014;2015;2016;2017;2018;2019;2020;2021;2022;2023;2024;2025,2002.0,2025.0,2000.0,2023.0,3c535051b45c4858529210a0a653e383bba9a557ed0a6a1e663c911f0b252b04,signed_log1p,,climate_adjusted,24,12,intercept_2002_2025;time_2002_2025;rni_response;dmi_response;rni_predictor;dmi_predictor,6,7.0,17.0,eligible,,-0.1468719899087346,-1.2277250190513724,-4.804544764347365,2.3490947262446205,0.47880176360183196,1.0,144,False
regional,UKR__conflict_total_deaths_per_100k__ipc_current_3plus_fraction__lag0,UKR,conflict_total_deaths_per_100k,ipc_current_3plus_fraction,0,,,,,,df87bdde692083e24cdb9fb667d064fa1b6d7147c61f6c4150eff45e7615817b,signed_log1p,,baseline_time_regime,0,12,,0,,,unavailable,insufficient_contiguous_years,,,,,,1.0,144,False
regional,UKR__conflict_total_deaths_per_100k__ipc_current_3plus_fraction__lag0,UKR,conflict_total_deaths_per_100k,ipc_current_3plus_fraction,0,,,,,,df87bdde692083e24cdb9fb667d064fa1b6d7147c61f6c4150eff45e7615817b,signed_log1p,,climate_adjusted,0,12,rni_response;dmi_response,2,,,unavailable,insufficient_contiguous_years,,,,,,1.0,144,False
regional,UKR__conflict_total_deaths_per_100k__ipc_current_3plus_fraction__lag1,UKR,conflict_total_deaths_per_100k,ipc_current_3plus_fraction,1,,,,,,73577a7f2b926b2b97a351dde0da3d6a71a47ba1b81a15f0b393e91d063012b7,signed_log1p,,baseline_time_regime,0,12,,0,,,unavailable,insufficient_contiguous_years,,,,,,1.0,144,False
regional,UKR__conflict_total_deaths_per_100k__ipc_current_3plus_fraction__lag1,UKR,conflict_total_deaths_per_100k,ipc_current_3plus_fraction,1,,,,,,73577a7f2b926b2b97a351dde0da3d6a71a47ba1b81a15f0b393e91d063012b7,signed_log1p,,climate_adjusted,0,12,rni_response;dmi_response;rni_predictor;dmi_predictor,4,,,unavailable,insufficient_contiguous_years,,,,,,1.0,144,False
regional,UKR__conflict_total_deaths_per_100k__ipc_current_3plus_fraction__lag2,UKR,conflict_total_deaths_per_100k,ipc_current_3plus_fraction,2,,,,,,73577a7f2b926b2b97a351dde0da3d6a71a47ba1b81a15f0b393e91d063012b7,signed_log1p,,baseline_time_regime,0,12,,0,,,unavailable,insufficient_contiguous_years,,,,,,1.0,144,False
regional,UKR__conflict_total_deaths_per_100k__ipc_current_3plus_fraction__lag2,UKR,conflict_total_deaths_per_100k,ipc_current_3plus_fraction,2,,,,,,73577a7f2b926b2b97a351dde0da3d6a71a47ba1b81a15f0b393e91d063012b7,signed_log1p,,climate_adjusted,0,12,rni_response;dmi_response;rni_predictor;dmi_predictor,4,,,unavailable,insufficient_contiguous_years,,,,,,1.0,144,False
regional,UKR__retail_staple_price_yoy_pct__ipc_current_3plus_fraction__lag0,UKR,retail_staple_price_yoy_pct,ipc_current_3plus_fraction,0,,,,,,df87bdde692083e24cdb9fb667d064fa1b6d7147c61f6c4150eff45e7615817b,signed_log1p,,baseline_time_regime,0,12,,0,,,unavailable,insufficient_contiguous_years,,,,,,1.0,144,False
regional,UKR__retail_staple_price_yoy_pct__ipc_current_3plus_fraction__lag0,UKR,retail_staple_price_yoy_pct,ipc_current_3plus_fraction,0,,,,,,df87bdde692083e24cdb9fb667d064fa1b6d7147c61f6c4150eff45e7615817b,signed_log1p,,climate_adjusted,0,12,rni_response;dmi_response,2,,,unavailable,insufficient_contiguous_years,,,,,,1.0,144,False
regional,UKR__retail_staple_price_yoy_pct__ipc_current_3plus_fraction__lag1,UKR,retail_staple_price_yoy_pct,ipc_current_3plus_fraction,1,,,,,,73577a7f2b926b2b97a351dde0da3d6a71a47ba1b81a15f0b393e91d063012b7,signed_log1p,,baseline_time_regime,0,12,,0,,,unavailable,insufficient_contiguous_years,,,,,,1.0,144,False
regional,UKR__retail_staple_price_yoy_pct__ipc_current_3plus_fraction__lag1,UKR,retail_staple_price_yoy_pct,ipc_current_3plus_fraction,1,,,,,,73577a7f2b926b2b97a351dde0da3d6a71a47ba1b81a15f0b393e91d063012b7,signed_log1p,,climate_adjusted,0,12,rni_response;dmi_response;rni_predictor;dmi_predictor,4,,,unavailable,insufficient_contiguous_years,,,,,,1.0,144,False
regional,UKR__retail_staple_price_yoy_pct__ipc_current_3plus_fraction__lag2,UKR,retail_staple_price_yoy_pct,ipc_current_3plus_fraction,2,,,,,,73577a7f2b926b2b97a351dde0da3d6a71a47ba1b81a15f0b393e91d063012b7,signed_log1p,,baseline_time_regime,0,12,,0,,,unavailable,insufficient_contiguous_years,,,,,,1.0,144,False
regional,UKR__retail_staple_price_yoy_pct__ipc_current_3plus_fraction__lag2,UKR,retail_staple_price_yoy_pct,ipc_current_3plus_fraction,2,,,,,,73577a7f2b926b2b97a351dde0da3d6a71a47ba1b81a15f0b393e91d063012b7,signed_log1p,,climate_adjusted,0,12,rni_response;dmi_response;rni_predictor;dmi_predictor,4,,,unavailable,insufficient_contiguous_years,,,,,,1.0,144,False
regional,SDN__conflict_total_deaths_per_100k__refugees_origin_stock_change__lag0,SDN,conflict_total_deaths_per_100k,refugees_origin_stock_change,0,2012;2013;2014;2015;2016;2017;2018;2019;2020;2021;2022;2023;2024;2025,2012.0,2025.0,2012.0,2025.0,3853f6a1c7ed79e0cf66efef505c874e3cea225b41d2668ccce546b402e8ba49,signed_log1p,,baseline_time_regime,14,12,intercept_2012_2025;time_2012_2025,2,3.0,11.0,eligible,,-0.006723534628610729,-0.03496451542012238,-2.052271558189917,1.9823425273496726,0.9702531540842118,1.0,144,False
regional,SDN__conflict_total_deaths_per_100k__refugees_origin_stock_change__lag0,SDN,conflict_total_deaths_per_100k,refugees_origin_stock_change,0,2012;2013;2014;2015;2016;2017;2018;2019;2020;2021;2022;2023;2024;2025,2012.0,2025.0,2012.0,2025.0,3853f6a1c7ed79e0cf66efef505c874e3cea225b41d2668ccce546b402e8ba49,signed_log1p,,climate_adjusted,14,12,intercept_2012_2025;time_2012_2025;rni_response;dmi_response,4,5.0,9.0,eligible,,0.4791972050531201,2.1310186912896896,0.11990163072986741,4.142135751849512,0.04009292631360952,0.9622302315266285,144,False
regional,SDN__conflict_total_deaths_per_100k__refugees_origin_stock_change__lag1,SDN,conflict_total_deaths_per_100k,refugees_origin_stock_change,1,2013;2014;2015;2016;2017;2018;2019;2020;2021;2022;2023;2024;2025,2013.0,2025.0,2012.0,2024.0,767d70e4057ca450db0dcd81b4317710c751d9839588bd4247bc961226f070f2,signed_log1p,,baseline_time_regime,13,12,intercept_2013_2025;time_2013_2025,2,3.0,10.0,eligible,,-0.00841827176025703,-0.058285905731194576,-1.4727839367943818,1.3562121253319928,0.9286599430214645,1.0,144,False
regional,SDN__conflict_total_deaths_per_100k__refugees_origin_stock_change__lag1,SDN,conflict_total_deaths_per_100k,refugees_origin_stock_change,1,2013;2014;2015;2016;2017;2018;2019;2020;2021;2022;2023;2024;2025,2013.0,2025.0,2012.0,2024.0,767d70e4057ca450db0dcd81b4317710c751d9839588bd4247bc961226f070f2,signed_log1p,,climate_adjusted,13,12,intercept_2013_2025;time_2013_2025;rni_response;dmi_response;rni_predictor;dmi_predictor,6,7.0,6.0,unavailable,insufficient_residual_degrees_of_freedom,,,,,,1.0,144,False
regional,SDN__conflict_total_deaths_per_100k__refugees_origin_stock_change__lag2,SDN,conflict_total_deaths_per_100k,refugees_origin_stock_change,2,2014;2015;2016;2017;2018;2019;2020;2021;2022;2023;2024;2025,2014.0,2025.0,2012.0,2023.0,1a843baced4f54e51ec79f4b4ee0ae6dbb8c3f37e683b5f3321699ddbbbe5573,signed_log1p,,baseline_time_regime,12,12,intercept_2014_2025;time_2014_2025,2,3.0,9.0,eligible,,-0.05229320489693574,-0.3621937746267304,-1.8622741227911668,1.1378865735377057,0.5982074552338142,1.0,144,False
regional,SDN__conflict_total_deaths_per_100k__refugees_origin_stock_change__lag2,SDN,conflict_total_deaths_per_100k,refugees_origin_stock_change,2,2014;2015;2016;2017;2018;2019;2020;2021;2022;2023;2024;2025,2014.0,2025.0,2012.0,2023.0,1a843baced4f54e51ec79f4b4ee0ae6dbb8c3f37e683b5f3321699ddbbbe5573,signed_log1p,,climate_adjusted,12,12,intercept_2014_2025;time_2014_2025;rni_response;dmi_response;rni_predictor;dmi_predictor,6,7.0,5.0,unavailable,insufficient_residual_degrees_of_freedom,,,,,,1.0,144,False
regional,SDN__conflict_total_deaths_per_100k__ipc_current_3plus_fraction__lag0,SDN,conflict_total_deaths_per_100k,ipc_current_3plus_fraction,0,,,,,,df87bdde692083e24cdb9fb667d064fa1b6d7147c61f6c4150eff45e7615817b,signed_log1p,,baseline_time_regime,0,12,,0,,,unavailable,insufficient_contiguous_years,,,,,,1.0,144,False
regional,SDN__conflict_total_deaths_per_100k__ipc_current_3plus_fraction__lag0,SDN,conflict_total_deaths_per_100k,ipc_current_3plus_fraction,0,,,,,,df87bdde692083e24cdb9fb667d064fa1b6d7147c61f6c4150eff45e7615817b,signed_log1p,,climate_adjusted,0,12,rni_response;dmi_response,2,,,unavailable,insufficient_contiguous_years,,,,,,1.0,144,False
regional,SDN__conflict_total_deaths_per_100k__ipc_current_3plus_fraction__lag1,SDN,conflict_total_deaths_per_100k,ipc_current_3plus_fraction,1,,,,,,73577a7f2b926b2b97a351dde0da3d6a71a47ba1b81a15f0b393e91d063012b7,signed_log1p,,baseline_time_regime,0,12,,0,,,unavailable,insufficient_contiguous_years,,,,,,1.0,144,False
regional,SDN__conflict_total_deaths_per_100k__ipc_current_3plus_fraction__lag1,SDN,conflict_total_deaths_per_100k,ipc_current_3plus_fraction,1,,,,,,73577a7f2b926b2b97a351dde0da3d6a71a47ba1b81a15f0b393e91d063012b7,signed_log1p,,climate_adjusted,0,12,rni_response;dmi_response;rni_predictor;dmi_predictor,4,,,unavailable,insufficient_contiguous_years,,,,,,1.0,144,False
regional,SDN__conflict_total_deaths_per_100k__ipc_current_3plus_fraction__lag2,SDN,conflict_total_deaths_per_100k,ipc_current_3plus_fraction,2,,,,,,73577a7f2b926b2b97a351dde0da3d6a71a47ba1b81a15f0b393e91d063012b7,signed_log1p,,baseline_time_regime,0,12,,0,,,unavailable,insufficient_contiguous_years,,,,,,1.0,144,False
regional,SDN__conflict_total_deaths_per_100k__ipc_current_3plus_fraction__lag2,SDN,conflict_total_deaths_per_100k,ipc_current_3plus_fraction,2,,,,,,73577a7f2b926b2b97a351dde0da3d6a71a47ba1b81a15f0b393e91d063012b7,signed_log1p,,climate_adjusted,0,12,rni_response;dmi_response;rni_predictor;dmi_predictor,4,,,unavailable,insufficient_contiguous_years,,,,,,1.0,144,False
regional,SDN__retail_staple_price_yoy_pct__ipc_current_3plus_fraction__lag0,SDN,retail_staple_price_yoy_pct,ipc_current_3plus_fraction,0,,,,,,df87bdde692083e24cdb9fb667d064fa1b6d7147c61f6c4150eff45e7615817b,signed_log1p,,baseline_time_regime,0,12,,0,,,unavailable,insufficient_contiguous_years,,,,,,1.0,144,False
regional,SDN__retail_staple_price_yoy_pct__ipc_current_3plus_fraction__lag0,SDN,retail_staple_price_yoy_pct,ipc_current_3plus_fraction,0,,,,,,df87bdde692083e24cdb9fb667d064fa1b6d7147c61f6c4150eff45e7615817b,signed_log1p,,climate_adjusted,0,12,rni_response;dmi_response,2,,,unavailable,insufficient_contiguous_years,,,,,,1.0,144,False
regional,SDN__retail_staple_price_yoy_pct__ipc_current_3plus_fraction__lag1,SDN,retail_staple_price_yoy_pct,ipc_current_3plus_fraction,1,,,,,,73577a7f2b926b2b97a351dde0da3d6a71a47ba1b81a15f0b393e91d063012b7,signed_log1p,,baseline_time_regime,0,12,,0,,,unavailable,insufficient_contiguous_years,,,,,,1.0,144,False
regional,SDN__retail_staple_price_yoy_pct__ipc_current_3plus_fraction__lag1,SDN,retail_staple_price_yoy_pct,ipc_current_3plus_fraction,1,,,,,,73577a7f2b926b2b97a351dde0da3d6a71a47ba1b81a15f0b393e91d063012b7,signed_log1p,,climate_adjusted,0,12,rni_response;dmi_response;rni_predictor;dmi_predictor,4,,,unavailable,insufficient_contiguous_years,,,,,,1.0,144,False
regional,SDN__retail_staple_price_yoy_pct__ipc_current_3plus_fraction__lag2,SDN,retail_staple_price_yoy_pct,ipc_current_3plus_fraction,2,,,,,,73577a7f2b926b2b97a351dde0da3d6a71a47ba1b81a15f0b393e91d063012b7,signed_log1p,,baseline_time_regime,0,12,,0,,,unavailable,insufficient_contiguous_years,,,,,,1.0,144,False
regional,SDN__retail_staple_price_yoy_pct__ipc_current_3plus_fraction__lag2,SDN,retail_staple_price_yoy_pct,ipc_current_3plus_fraction,2,,,,,,73577a7f2b926b2b97a351dde0da3d6a71a47ba1b81a15f0b393e91d063012b7,signed_log1p,,climate_adjusted,0,12,rni_response;dmi_response;rni_predictor;dmi_predictor,4,,,unavailable,insufficient_contiguous_years,,,,,,1.0,144,False
regional,ETH__conflict_total_deaths_per_100k__refugees_origin_stock_change__lag0,ETH,conflict_total_deaths_per_100k,refugees_origin_stock_change,0,2001;2002;2003;2004;2005;2006;2007;2008;2009;2010;2011;2012;2013;2014;2015;2016;2017;2018;2019;2020;2021;2022;2023;2024;2025,2001.0,2025.0,2001.0,2025.0,fcd753ec3d91d8d204d1aa42d57fe850935a5652b9a6e51f53d74aa225490c4c,signed_log1p,,baseline_time_regime,25,12,intercept_2001_2025;time_2001_2025,2,3.0,22.0,eligible,,-0.14704966585611162,-0.9403362916555851,-2.494968074725273,0.614295491414103,0.22285909940307538,1.0,144,False
regional,ETH__conflict_total_deaths_per_100k__refugees_origin_stock_change__lag0,ETH,conflict_total_deaths_per_100k,refugees_origin_stock_change,0,2001;2002;2003;2004;2005;2006;2007;2008;2009;2010;2011;2012;2013;2014;2015;2016;2017;2018;2019;2020;2021;2022;2023;2024;2025,2001.0,2025.0,2001.0,2025.0,fcd753ec3d91d8d204d1aa42d57fe850935a5652b9a6e51f53d74aa225490c4c,signed_log1p,,climate_adjusted,25,12,intercept_2001_2025;time_2001_2025;rni_response;dmi_response,4,5.0,20.0,eligible,,-0.10441100002147585,-0.7497488702570323,-3.1652817803317457,1.6657840398176809,0.5247004780361135,1.0,144,False
regional,ETH__conflict_total_deaths_per_100k__refugees_origin_stock_change__lag1,ETH,conflict_total_deaths_per_100k,refugees_origin_stock_change,1,2001;2002;2003;2004;2005;2006;2007;2008;2009;2010;2011;2012;2013;2014;2015;2016;2017;2018;2019;2020;2021;2022;2023;2024;2025,2001.0,2025.0,2000.0,2024.0,e19848cee5ab464293d1f9e5daa9840ec33fcd9975b1b41bdf72cb6e43fcf3be,signed_log1p,,baseline_time_regime,25,12,intercept_2001_2025;time_2001_2025,2,3.0,22.0,eligible,,-0.20285823201510633,-1.0404356724303947,-3.3520598250936446,1.271188480232855,0.3607320858395278,1.0,144,False
regional,ETH__conflict_total_deaths_per_100k__refugees_origin_stock_change__lag1,ETH,conflict_total_deaths_per_100k,refugees_origin_stock_change,1,2001;2002;2003;2004;2005;2006;2007;2008;2009;2010;2011;2012;2013;2014;2015;2016;2017;2018;2019;2020;2021;2022;2023;2024;2025,2001.0,2025.0,2000.0,2024.0,e19848cee5ab464293d1f9e5daa9840ec33fcd9975b1b41bdf72cb6e43fcf3be,signed_log1p,,climate_adjusted,25,12,intercept_2001_2025;time_2001_2025;rni_response;dmi_response;rni_predictor;dmi_predictor,6,7.0,18.0,eligible,,-0.21879843164437596,-1.3233896302861214,-4.184659154653789,1.5378798940815468,0.34407015079206416,1.0,144,False
regional,ETH__conflict_total_deaths_per_100k__refugees_origin_stock_change__lag2,ETH,conflict_total_deaths_per_100k,refugees_origin_stock_change,2,2002;2003;2004;2005;2006;2007;2008;2009;2010;2011;2012;2013;2014;2015;2016;2017;2018;2019;2020;2021;2022;2023;2024;2025,2002.0,2025.0,2000.0,2023.0,9b813c62ae2b9f61649054ec5ad53220b7d4fb7a13f5e634b7aa5790f6b11356,signed_log1p,,baseline_time_regime,24,12,intercept_2002_2025;time_2002_2025,2,3.0,21.0,eligible,,0.2944012128813835,1.4028469653732942,0.16635031048241689,2.639343620264172,0.02806543232324048,0.9622302315266285,144,False
regional,ETH__conflict_total_deaths_per_100k__refugees_origin_stock_change__lag2,ETH,conflict_total_deaths_per_100k,refugees_origin_stock_change,2,2002;2003;2004;2005;2006;2007;2008;2009;2010;2011;2012;2013;2014;2015;2016;2017;2018;2019;2020;2021;2022;2023;2024;2025,2002.0,2025.0,2000.0,2023.0,9b813c62ae2b9f61649054ec5ad53220b7d4fb7a13f5e634b7aa5790f6b11356,signed_log1p,,climate_adjusted,24,12,intercept_2002_2025;time_2002_2025;rni_response;dmi_response;rni_predictor;dmi_predictor,6,7.0,17.0,eligible,,0.2586083246509788,1.3741503444863474,-0.5192793508029878,3.267580039775683,0.1441183418922474,1.0,144,False
regional,ETH__conflict_total_deaths_per_100k__ipc_current_3plus_fraction__lag0,ETH,conflict_total_deaths_per_100k,ipc_current_3plus_fraction,0,,,,,,df87bdde692083e24cdb9fb667d064fa1b6d7147c61f6c4150eff45e7615817b,signed_log1p,,baseline_time_regime,0,12,,0,,,unavailable,insufficient_contiguous_years,,,,,,1.0,144,False
regional,ETH__conflict_total_deaths_per_100k__ipc_current_3plus_fraction__lag0,ETH,conflict_total_deaths_per_100k,ipc_current_3plus_fraction,0,,,,,,df87bdde692083e24cdb9fb667d064fa1b6d7147c61f6c4150eff45e7615817b,signed_log1p,,climate_adjusted,0,12,rni_response;dmi_response,2,,,unavailable,insufficient_contiguous_years,,,,,,1.0,144,False
regional,ETH__conflict_total_deaths_per_100k__ipc_current_3plus_fraction__lag1,ETH,conflict_total_deaths_per_100k,ipc_current_3plus_fraction,1,,,,,,73577a7f2b926b2b97a351dde0da3d6a71a47ba1b81a15f0b393e91d063012b7,signed_log1p,,baseline_time_regime,0,12,,0,,,unavailable,insufficient_contiguous_years,,,,,,1.0,144,False
regional,ETH__conflict_total_deaths_per_100k__ipc_current_3plus_fraction__lag1,ETH,conflict_total_deaths_per_100k,ipc_current_3plus_fraction,1,,,,,,73577a7f2b926b2b97a351dde0da3d6a71a47ba1b81a15f0b393e91d063012b7,signed_log1p,,climate_adjusted,0,12,rni_response;dmi_response;rni_predictor;dmi_predictor,4,,,unavailable,insufficient_contiguous_years,,,,,,1.0,144,False
regional,ETH__conflict_total_deaths_per_100k__ipc_current_3plus_fraction__lag2,ETH,conflict_total_deaths_per_100k,ipc_current_3plus_fraction,2,,,,,,73577a7f2b926b2b97a351dde0da3d6a71a47ba1b81a15f0b393e91d063012b7,signed_log1p,,baseline_time_regime,0,12,,0,,,unavailable,insufficient_contiguous_years,,,,,,1.0,144,False
regional,ETH__conflict_total_deaths_per_100k__ipc_current_3plus_fraction__lag2,ETH,conflict_total_deaths_per_100k,ipc_current_3plus_fraction,2,,,,,,73577a7f2b926b2b97a351dde0da3d6a71a47ba1b81a15f0b393e91d063012b7,signed_log1p,,climate_adjusted,0,12,rni_response;dmi_response;rni_predictor;dmi_predictor,4,,,unavailable,insufficient_contiguous_years,,,,,,1.0,144,False
regional,ETH__retail_staple_price_yoy_pct__ipc_current_3plus_fraction__lag0,ETH,retail_staple_price_yoy_pct,ipc_current_3plus_fraction,0,,,,,,df87bdde692083e24cdb9fb667d064fa1b6d7147c61f6c4150eff45e7615817b,signed_log1p,,baseline_time_regime,0,12,,0,,,unavailable,insufficient_contiguous_years,,,,,,1.0,144,False
regional,ETH__retail_staple_price_yoy_pct__ipc_current_3plus_fraction__lag0,ETH,retail_staple_price_yoy_pct,ipc_current_3plus_fraction,0,,,,,,df87bdde692083e24cdb9fb667d064fa1b6d7147c61f6c4150eff45e7615817b,signed_log1p,,climate_adjusted,0,12,rni_response;dmi_response,2,,,unavailable,insufficient_contiguous_years,,,,,,1.0,144,False
regional,ETH__retail_staple_price_yoy_pct__ipc_current_3plus_fraction__lag1,ETH,retail_staple_price_yoy_pct,ipc_current_3plus_fraction,1,,,,,,73577a7f2b926b2b97a351dde0da3d6a71a47ba1b81a15f0b393e91d063012b7,signed_log1p,,baseline_time_regime,0,12,,0,,,unavailable,insufficient_contiguous_years,,,,,,1.0,144,False
regional,ETH__retail_staple_price_yoy_pct__ipc_current_3plus_fraction__lag1,ETH,retail_staple_price_yoy_pct,ipc_current_3plus_fraction,1,,,,,,73577a7f2b926b2b97a351dde0da3d6a71a47ba1b81a15f0b393e91d063012b7,signed_log1p,,climate_adjusted,0,12,rni_response;dmi_response;rni_predictor;dmi_predictor,4,,,unavailable,insufficient_contiguous_years,,,,,,1.0,144,False
regional,ETH__retail_staple_price_yoy_pct__ipc_current_3plus_fraction__lag2,ETH,retail_staple_price_yoy_pct,ipc_current_3plus_fraction,2,,,,,,73577a7f2b926b2b97a351dde0da3d6a71a47ba1b81a15f0b393e91d063012b7,signed_log1p,,baseline_time_regime,0,12,,0,,,unavailable,insufficient_contiguous_years,,,,,,1.0,144,False
regional,ETH__retail_staple_price_yoy_pct__ipc_current_3plus_fraction__lag2,ETH,retail_staple_price_yoy_pct,ipc_current_3plus_fraction,2,,,,,,73577a7f2b926b2b97a351dde0da3d6a71a47ba1b81a15f0b393e91d063012b7,signed_log1p,,climate_adjusted,0,12,rni_response;dmi_response;rni_predictor;dmi_predictor,4,,,unavailable,insufficient_contiguous_years,,,,,,1.0,144,False
regional,SOM__conflict_total_deaths_per_100k__refugees_origin_stock_change__lag0,SOM,conflict_total_deaths_per_100k,refugees_origin_stock_change,0,2001;2002;2003;2004;2005;2006;2007;2008;2009;2010;2011;2012;2013;2014;2015;2016;2017;2018;2019;2020;2021;2022;2023;2024;2025,2001.0,2025.0,2001.0,2025.0,81642abfca1df3d6ed34ae39e35d9dc1255adac43a86dae7999b1c5284d66449,signed_log1p,,baseline_time_regime,25,12,intercept_2001_2025;time_2001_2025,2,3.0,22.0,eligible,,0.41506629172909126,11.506010328698705,-1.1630860084420211,24.175106665839433,0.07292229347196896,1.0,144,False
regional,SOM__conflict_total_deaths_per_100k__refugees_origin_stock_change__lag0,SOM,conflict_total_deaths_per_100k,refugees_origin_stock_change,0,2001;2002;2003;2004;2005;2006;2007;2008;2009;2010;2011;2012;2013;2014;2015;2016;2017;2018;2019;2020;2021;2022;2023;2024;2025,2001.0,2025.0,2001.0,2025.0,81642abfca1df3d6ed34ae39e35d9dc1255adac43a86dae7999b1c5284d66449,signed_log1p,,climate_adjusted,25,12,intercept_2001_2025;time_2001_2025;rni_response;dmi_response,4,5.0,20.0,eligible,,0.407111950210094,12.67408767102379,-1.2251496933028652,26.573325035350447,0.07165973017212028,1.0,144,False
regional,SOM__conflict_total_deaths_per_100k__refugees_origin_stock_change__lag1,SOM,conflict_total_deaths_per_100k,refugees_origin_stock_change,1,2001;2002;2003;2004;2005;2006;2007;2008;2009;2010;2011;2012;2013;2014;2015;2016;2017;2018;2019;2020;2021;2022;2023;2024;2025,2001.0,2025.0,2000.0,2024.0,c0e7abcfa2ebe859c7ca21f4d4c58f74811c0a14dcbe8fab2b19b94cbede936a,signed_log1p,,baseline_time_regime,25,12,intercept_2001_2025;time_2001_2025,2,3.0,22.0,eligible,,0.3477503843491059,8.777920351565433,-1.4910446580054888,19.046885361136354,0.09011857021704847,1.0,144,False
regional,SOM__conflict_total_deaths_per_100k__refugees_origin_stock_change__lag1,SOM,conflict_total_deaths_per_100k,refugees_origin_stock_change,1,2001;2002;2003;2004;2005;2006;2007;2008;2009;2010;2011;2012;2013;2014;2015;2016;2017;2018;2019;2020;2021;2022;2023;2024;2025,2001.0,2025.0,2000.0,2024.0,c0e7abcfa2ebe859c7ca21f4d4c58f74811c0a14dcbe8fab2b19b94cbede936a,signed_log1p,,climate_adjusted,25,12,intercept_2001_2025;time_2001_2025;rni_response;dmi_response;rni_predictor;dmi_predictor,6,7.0,18.0,eligible,,0.3930140151759464,10.78035877270528,-1.459651810288571,23.020369355699135,0.08074302660048993,1.0,144,False
regional,SOM__conflict_total_deaths_per_100k__refugees_origin_stock_change__lag2,SOM,conflict_total_deaths_per_100k,refugees_origin_stock_change,2,2002;2003;2004;2005;2006;2007;2008;2009;2010;2011;2012;2013;2014;2015;2016;2017;2018;2019;2020;2021;2022;2023;2024;2025,2002.0,2025.0,2000.0,2023.0,e7f33e41ea473358497b203aa97c8213f4ae1eb5f8c58c73539578114b89c96f,signed_log1p,,baseline_time_regime,24,12,intercept_2002_2025;time_2002_2025,2,3.0,21.0,eligible,,0.2495480299346365,6.340238603570483,-6.107055335414771,18.787532542555738,0.301502013702658,1.0,144,False
regional,SOM__conflict_total_deaths_per_100k__refugees_origin_stock_change__lag2,SOM,conflict_total_deaths_per_100k,refugees_origin_stock_change,2,2002;2003;2004;2005;2006;2007;2008;2009;2010;2011;2012;2013;2014;2015;2016;2017;2018;2019;2020;2021;2022;2023;2024;2025,2002.0,2025.0,2000.0,2023.0,e7f33e41ea473358497b203aa97c8213f4ae1eb5f8c58c73539578114b89c96f,signed_log1p,,climate_adjusted,24,12,intercept_2002_2025;time_2002_2025;rni_response;dmi_response;rni_predictor;dmi_predictor,6,7.0,17.0,eligible,,0.2594514190829899,6.322474382239091,-5.248796082230648,17.893744846708827,0.26494885453957967,1.0,144,False
regional,SOM__conflict_total_deaths_per_100k__ipc_current_3plus_fraction__lag0,SOM,conflict_total_deaths_per_100k,ipc_current_3plus_fraction,0,,,,,,df87bdde692083e24cdb9fb667d064fa1b6d7147c61f6c4150eff45e7615817b,signed_log1p,,baseline_time_regime,0,12,,0,,,unavailable,insufficient_contiguous_years,,,,,,1.0,144,False
regional,SOM__conflict_total_deaths_per_100k__ipc_current_3plus_fraction__lag0,SOM,conflict_total_deaths_per_100k,ipc_current_3plus_fraction,0,,,,,,df87bdde692083e24cdb9fb667d064fa1b6d7147c61f6c4150eff45e7615817b,signed_log1p,,climate_adjusted,0,12,rni_response;dmi_response,2,,,unavailable,insufficient_contiguous_years,,,,,,1.0,144,False
regional,SOM__conflict_total_deaths_per_100k__ipc_current_3plus_fraction__lag1,SOM,conflict_total_deaths_per_100k,ipc_current_3plus_fraction,1,,,,,,73577a7f2b926b2b97a351dde0da3d6a71a47ba1b81a15f0b393e91d063012b7,signed_log1p,,baseline_time_regime,0,12,,0,,,unavailable,insufficient_contiguous_years,,,,,,1.0,144,False
regional,SOM__conflict_total_deaths_per_100k__ipc_current_3plus_fraction__lag1,SOM,conflict_total_deaths_per_100k,ipc_current_3plus_fraction,1,,,,,,73577a7f2b926b2b97a351dde0da3d6a71a47ba1b81a15f0b393e91d063012b7,signed_log1p,,climate_adjusted,0,12,rni_response;dmi_response;rni_predictor;dmi_predictor,4,,,unavailable,insufficient_contiguous_years,,,,,,1.0,144,False
regional,SOM__conflict_total_deaths_per_100k__ipc_current_3plus_fraction__lag2,SOM,conflict_total_deaths_per_100k,ipc_current_3plus_fraction,2,,,,,,73577a7f2b926b2b97a351dde0da3d6a71a47ba1b81a15f0b393e91d063012b7,signed_log1p,,baseline_time_regime,0,12,,0,,,unavailable,insufficient_contiguous_years,,,,,,1.0,144,False
regional,SOM__conflict_total_deaths_per_100k__ipc_current_3plus_fraction__lag2,SOM,conflict_total_deaths_per_100k,ipc_current_3plus_fraction,2,,,,,,73577a7f2b926b2b97a351dde0da3d6a71a47ba1b81a15f0b393e91d063012b7,signed_log1p,,climate_adjusted,0,12,rni_response;dmi_response;rni_predictor;dmi_predictor,4,,,unavailable,insufficient_contiguous_years,,,,,,1.0,144,False
regional,SOM__retail_staple_price_yoy_pct__ipc_current_3plus_fraction__lag0,SOM,retail_staple_price_yoy_pct,ipc_current_3plus_fraction,0,,,,,,df87bdde692083e24cdb9fb667d064fa1b6d7147c61f6c4150eff45e7615817b,signed_log1p,,baseline_time_regime,0,12,,0,,,unavailable,insufficient_contiguous_years,,,,,,1.0,144,False
regional,SOM__retail_staple_price_yoy_pct__ipc_current_3plus_fraction__lag0,SOM,retail_staple_price_yoy_pct,ipc_current_3plus_fraction,0,,,,,,df87bdde692083e24cdb9fb667d064fa1b6d7147c61f6c4150eff45e7615817b,signed_log1p,,climate_adjusted,0,12,rni_response;dmi_response,2,,,unavailable,insufficient_contiguous_years,,,,,,1.0,144,False
regional,SOM__retail_staple_price_yoy_pct__ipc_current_3plus_fraction__lag1,SOM,retail_staple_price_yoy_pct,ipc_current_3plus_fraction,1,,,,,,73577a7f2b926b2b97a351dde0da3d6a71a47ba1b81a15f0b393e91d063012b7,signed_log1p,,baseline_time_regime,0,12,,0,,,unavailable,insufficient_contiguous_years,,,,,,1.0,144,False
regional,SOM__retail_staple_price_yoy_pct__ipc_current_3plus_fraction__lag1,SOM,retail_staple_price_yoy_pct,ipc_current_3plus_fraction,1,,,,,,73577a7f2b926b2b97a351dde0da3d6a71a47ba1b81a15f0b393e91d063012b7,signed_log1p,,climate_adjusted,0,12,rni_response;dmi_response;rni_predictor;dmi_predictor,4,,,unavailable,insufficient_contiguous_years,,,,,,1.0,144,False
regional,SOM__retail_staple_price_yoy_pct__ipc_current_3plus_fraction__lag2,SOM,retail_staple_price_yoy_pct,ipc_current_3plus_fraction,2,,,,,,73577a7f2b926b2b97a351dde0da3d6a71a47ba1b81a15f0b393e91d063012b7,signed_log1p,,baseline_time_regime,0,12,,0,,,unavailable,insufficient_contiguous_years,,,,,,1.0,144,False
regional,SOM__retail_staple_price_yoy_pct__ipc_current_3plus_fraction__lag2,SOM,retail_staple_price_yoy_pct,ipc_current_3plus_fraction,2,,,,,,73577a7f2b926b2b97a351dde0da3d6a71a47ba1b81a15f0b393e91d063012b7,signed_log1p,,climate_adjusted,0,12,rni_response;dmi_response;rni_predictor;dmi_predictor,4,,,unavailable,insufficient_contiguous_years,,,,,,1.0,144,False
regional,YEM__conflict_total_deaths_per_100k__refugees_origin_stock_change__lag0,YEM,conflict_total_deaths_per_100k,refugees_origin_stock_change,0,2001;2002;2003;2004;2005;2006;2007;2008;2009;2010;2011;2012;2013;2014;2015;2016;2017;2018;2019;2020;2021;2022;2023;2024;2025,2001.0,2025.0,2001.0,2025.0,19f01a94e9dd3ad1836039f35187bfef36526a305fb5d501663b1b7fff9762da,signed_log1p,,baseline_time_regime,25,12,intercept_2001_2025;time_2001_2025,2,3.0,22.0,eligible,,0.1274576239121548,0.6702311571950804,-1.1841422692568586,2.5246045836470197,0.4614571956941533,1.0,144,False
regional,YEM__conflict_total_deaths_per_100k__refugees_origin_stock_change__lag0,YEM,conflict_total_deaths_per_100k,refugees_origin_stock_change,0,2001;2002;2003;2004;2005;2006;2007;2008;2009;2010;2011;2012;2013;2014;2015;2016;2017;2018;2019;2020;2021;2022;2023;2024;2025,2001.0,2025.0,2001.0,2025.0,19f01a94e9dd3ad1836039f35187bfef36526a305fb5d501663b1b7fff9762da,signed_log1p,,climate_adjusted,25,12,intercept_2001_2025;time_2001_2025;rni_response;dmi_response,4,5.0,20.0,eligible,,0.13613152878963958,0.6838823184433486,-0.9341351629473063,2.3018997998340036,0.3884300608782597,1.0,144,False
regional,YEM__conflict_total_deaths_per_100k__refugees_origin_stock_change__lag1,YEM,conflict_total_deaths_per_100k,refugees_origin_stock_change,1,2001;2002;2003;2004;2005;2006;2007;2008;2009;2010;2011;2012;2013;2014;2015;2016;2017;2018;2019;2020;2021;2022;2023;2024;2025,2001.0,2025.0,2000.0,2024.0,31e8c989337748f222845e770dc6bc02126dd5eb274554f446d73d58a38cda15,signed_log1p,,baseline_time_regime,25,12,intercept_2001_2025;time_2001_2025,2,3.0,22.0,eligible,,0.01754166267356408,0.09791810406550532,-1.4503195428266442,1.6461557509576548,0.8968393254104701,1.0,144,False
regional,YEM__conflict_total_deaths_per_100k__refugees_origin_stock_change__lag1,YEM,conflict_total_deaths_per_100k,refugees_origin_stock_change,1,2001;2002;2003;2004;2005;2006;2007;2008;2009;2010;2011;2012;2013;2014;2015;2016;2017;2018;2019;2020;2021;2022;2023;2024;2025,2001.0,2025.0,2000.0,2024.0,31e8c989337748f222845e770dc6bc02126dd5eb274554f446d73d58a38cda15,signed_log1p,,climate_adjusted,25,12,intercept_2001_2025;time_2001_2025;rni_response;dmi_response;rni_predictor;dmi_predictor,6,7.0,18.0,eligible,,0.005921691900155969,0.03069101016767163,-1.4910330939889513,1.5524151143242946,0.9666681568988867,1.0,144,False
regional,YEM__conflict_total_deaths_per_100k__refugees_origin_stock_change__lag2,YEM,conflict_total_deaths_per_100k,refugees_origin_stock_change,2,2002;2003;2004;2005;2006;2007;2008;2009;2010;2011;2012;2013;2014;2015;2016;2017;2018;2019;2020;2021;2022;2023;2024;2025,2002.0,2025.0,2000.0,2023.0,1789247463bb7c734ab171ae5a32a608b6f2986d766338c86d54b0fad837fac4,signed_log1p,,baseline_time_regime,24,12,intercept_2002_2025;time_2002_2025,2,3.0,21.0,eligible,,-0.15752444270342292,-0.9896754976510367,-3.1307385535966112,1.1513875582945374,0.3473542876920434,1.0,144,False
regional,YEM__conflict_total_deaths_per_100k__refugees_origin_stock_change__lag2,YEM,conflict_total_deaths_per_100k,refugees_origin_stock_change,2,2002;2003;2004;2005;2006;2007;2008;2009;2010;2011;2012;2013;2014;2015;2016;2017;2018;2019;2020;2021;2022;2023;2024;2025,2002.0,2025.0,2000.0,2023.0,1789247463bb7c734ab171ae5a32a608b6f2986d766338c86d54b0fad837fac4,signed_log1p,,climate_adjusted,24,12,intercept_2002_2025;time_2002_2025;rni_response;dmi_response;rni_predictor;dmi_predictor,6,7.0,17.0,eligible,,-0.3541057196954912,-2.1287920215293807,-4.072360443177693,-0.18522359988106787,0.0336475020785723,0.9622302315266285,144,False
regional,YEM__conflict_total_deaths_per_100k__ipc_current_3plus_fraction__lag0,YEM,conflict_total_deaths_per_100k,ipc_current_3plus_fraction,0,,,,,,df87bdde692083e24cdb9fb667d064fa1b6d7147c61f6c4150eff45e7615817b,signed_log1p,,baseline_time_regime,0,12,,0,,,unavailable,insufficient_contiguous_years,,,,,,1.0,144,False
regional,YEM__conflict_total_deaths_per_100k__ipc_current_3plus_fraction__lag0,YEM,conflict_total_deaths_per_100k,ipc_current_3plus_fraction,0,,,,,,df87bdde692083e24cdb9fb667d064fa1b6d7147c61f6c4150eff45e7615817b,signed_log1p,,climate_adjusted,0,12,rni_response;dmi_response,2,,,unavailable,insufficient_contiguous_years,,,,,,1.0,144,False
regional,YEM__conflict_total_deaths_per_100k__ipc_current_3plus_fraction__lag1,YEM,conflict_total_deaths_per_100k,ipc_current_3plus_fraction,1,,,,,,73577a7f2b926b2b97a351dde0da3d6a71a47ba1b81a15f0b393e91d063012b7,signed_log1p,,baseline_time_regime,0,12,,0,,,unavailable,insufficient_contiguous_years,,,,,,1.0,144,False
regional,YEM__conflict_total_deaths_per_100k__ipc_current_3plus_fraction__lag1,YEM,conflict_total_deaths_per_100k,ipc_current_3plus_fraction,1,,,,,,73577a7f2b926b2b97a351dde0da3d6a71a47ba1b81a15f0b393e91d063012b7,signed_log1p,,climate_adjusted,0,12,rni_response;dmi_response;rni_predictor;dmi_predictor,4,,,unavailable,insufficient_contiguous_years,,,,,,1.0,144,False
regional,YEM__conflict_total_deaths_per_100k__ipc_current_3plus_fraction__lag2,YEM,conflict_total_deaths_per_100k,ipc_current_3plus_fraction,2,,,,,,73577a7f2b926b2b97a351dde0da3d6a71a47ba1b81a15f0b393e91d063012b7,signed_log1p,,baseline_time_regime,0,12,,0,,,unavailable,insufficient_contiguous_years,,,,,,1.0,144,False
regional,YEM__conflict_total_deaths_per_100k__ipc_current_3plus_fraction__lag2,YEM,conflict_total_deaths_per_100k,ipc_current_3plus_fraction,2,,,,,,73577a7f2b926b2b97a351dde0da3d6a71a47ba1b81a15f0b393e91d063012b7,signed_log1p,,climate_adjusted,0,12,rni_response;dmi_response;rni_predictor;dmi_predictor,4,,,unavailable,insufficient_contiguous_years,,,,,,1.0,144,False
regional,YEM__retail_staple_price_yoy_pct__ipc_current_3plus_fraction__lag0,YEM,retail_staple_price_yoy_pct,ipc_current_3plus_fraction,0,,,,,,df87bdde692083e24cdb9fb667d064fa1b6d7147c61f6c4150eff45e7615817b,signed_log1p,,baseline_time_regime,0,12,,0,,,unavailable,insufficient_contiguous_years,,,,,,1.0,144,False
regional,YEM__retail_staple_price_yoy_pct__ipc_current_3plus_fraction__lag0,YEM,retail_staple_price_yoy_pct,ipc_current_3plus_fraction,0,,,,,,df87bdde692083e24cdb9fb667d064fa1b6d7147c61f6c4150eff45e7615817b,signed_log1p,,climate_adjusted,0,12,rni_response;dmi_response,2,,,unavailable,insufficient_contiguous_years,,,,,,1.0,144,False
regional,YEM__retail_staple_price_yoy_pct__ipc_current_3plus_fraction__lag1,YEM,retail_staple_price_yoy_pct,ipc_current_3plus_fraction,1,,,,,,73577a7f2b926b2b97a351dde0da3d6a71a47ba1b81a15f0b393e91d063012b7,signed_log1p,,baseline_time_regime,0,12,,0,,,unavailable,insufficient_contiguous_years,,,,,,1.0,144,False
regional,YEM__retail_staple_price_yoy_pct__ipc_current_3plus_fraction__lag1,YEM,retail_staple_price_yoy_pct,ipc_current_3plus_fraction,1,,,,,,73577a7f2b926b2b97a351dde0da3d6a71a47ba1b81a15f0b393e91d063012b7,signed_log1p,,climate_adjusted,0,12,rni_response;dmi_response;rni_predictor;dmi_predictor,4,,,unavailable,insufficient_contiguous_years,,,,,,1.0,144,False
regional,YEM__retail_staple_price_yoy_pct__ipc_current_3plus_fraction__lag2,YEM,retail_staple_price_yoy_pct,ipc_current_3plus_fraction,2,,,,,,73577a7f2b926b2b97a351dde0da3d6a71a47ba1b81a15f0b393e91d063012b7,signed_log1p,,baseline_time_regime,0,12,,0,,,unavailable,insufficient_contiguous_years,,,,,,1.0,144,False
regional,YEM__retail_staple_price_yoy_pct__ipc_current_3plus_fraction__lag2,YEM,retail_staple_price_yoy_pct,ipc_current_3plus_fraction,2,,,,,,73577a7f2b926b2b97a351dde0da3d6a71a47ba1b81a15f0b393e91d063012b7,signed_log1p,,climate_adjusted,0,12,rni_response;dmi_response;rni_predictor;dmi_predictor,4,,,unavailable,insufficient_contiguous_years,,,,,,1.0,144,False
