country,stream_id,source_id,source_version,dimensions,source_url,period_start,period_end,iso_year,iso_week,latest_expected_week,status,numerator,denominator,observed_positivity,baseline_positivity,difference_percentage_points,positivity_ratio,ratio_status,qualified_baseline_windows,required_baseline_windows,planned_baseline_windows,eligible_baseline_weeks,baseline_specimens,source_provisional,observed_period_end,reporting_site_coverage
ETH,53b5453d29f812a883a9,who,FluNet live,"{""surveillance_origin"":""SENTINEL""}",https://xmart-api-public.who.int/FLUMART/VIW_FNT,2025-08-25,2025-08-31,2025,35,False,available,4.0,138.0,0.028985507246376812,0.07854984894259819,-4.956434169622137,0.3690078037904125,available,3,3,5,14,2371.0,True,2025-08-31,unverified
ETH,53b5453d29f812a883a9,who,FluNet live,"{""surveillance_origin"":""SENTINEL""}",https://xmart-api-public.who.int/FLUMART/VIW_FNT,2025-09-01,2025-09-07,2025,36,False,available,9.0,113.0,0.07964601769911504,0.06174957118353345,1.7896446515581594,1.2898230088495575,available,3,3,5,14,2273.0,True,2025-09-07,unverified
ETH,53b5453d29f812a883a9,who,FluNet live,"{""surveillance_origin"":""SENTINEL""}",https://xmart-api-public.who.int/FLUMART/VIW_FNT,2025-09-08,2025-09-14,2025,37,False,available,9.0,203.0,0.04433497536945813,0.04159733777038269,0.27376375990754365,1.0658128078817735,available,3,3,5,14,2124.0,True,2025-09-14,unverified
ETH,53b5453d29f812a883a9,who,FluNet live,"{""surveillance_origin"":""SENTINEL""}",https://xmart-api-public.who.int/FLUMART/VIW_FNT,2025-09-15,2025-09-21,2025,38,False,available,13.0,153.0,0.08496732026143791,0.04204993429697766,4.291738596446025,2.0206290849673203,available,3,3,5,14,2016.0,True,2025-09-21,unverified
ETH,53b5453d29f812a883a9,who,FluNet live,"{""surveillance_origin"":""SENTINEL""}",https://xmart-api-public.who.int/FLUMART/VIW_FNT,2025-09-22,2025-09-28,2025,39,False,available,22.0,134.0,0.16417910447761194,0.046831955922865015,11.734714855474692,3.5057067603160665,available,3,3,5,14,2033.0,True,2025-09-28,unverified
ETH,53b5453d29f812a883a9,who,FluNet live,"{""surveillance_origin"":""SENTINEL""}",https://xmart-api-public.who.int/FLUMART/VIW_FNT,2025-09-29,2025-10-05,2025,40,False,available,35.0,237.0,0.14767932489451477,0.058931860036832415,8.874746485768235,2.5059335443037973,available,3,3,5,14,2204.0,True,2025-10-05,unverified
ETH,53b5453d29f812a883a9,who,FluNet live,"{""surveillance_origin"":""SENTINEL""}",https://xmart-api-public.who.int/FLUMART/VIW_FNT,2025-10-06,2025-10-12,2025,41,False,available,13.0,168.0,0.07738095238095238,0.045368620037807186,3.2012332343145196,1.7056051587301586,available,3,3,5,14,2272.0,True,2025-10-12,unverified
ETH,53b5453d29f812a883a9,who,FluNet live,"{""surveillance_origin"":""SENTINEL""}",https://xmart-api-public.who.int/FLUMART/VIW_FNT,2025-10-13,2025-10-19,2025,42,False,available,13.0,222.0,0.05855855855855856,0.04981549815498155,0.8743060403577009,1.1755088421755089,available,3,3,5,14,2432.0,True,2025-10-19,unverified
ETH,53b5453d29f812a883a9,who,FluNet live,"{""surveillance_origin"":""SENTINEL""}",https://xmart-api-public.who.int/FLUMART/VIW_FNT,2025-10-20,2025-10-26,2025,43,False,insufficient_baseline,19.0,189.0,0.10052910052910052,,,,unavailable,2,3,5,10,2032.0,True,2025-10-26,unverified
ETH,53b5453d29f812a883a9,who,FluNet live,"{""surveillance_origin"":""SENTINEL""}",https://xmart-api-public.who.int/FLUMART/VIW_FNT,2025-10-27,2025-11-02,2025,44,False,available,6.0,161.0,0.037267080745341616,0.0595903165735568,-2.232323582821518,0.625388198757764,available,3,3,5,14,2557.0,True,2025-11-02,unverified
ETH,53b5453d29f812a883a9,who,FluNet live,"{""surveillance_origin"":""SENTINEL""}",https://xmart-api-public.who.int/FLUMART/VIW_FNT,2025-11-03,2025-11-09,2025,45,False,available,15.0,200.0,0.075,0.107421875,-3.2421875000000004,0.6981818181818181,available,3,3,5,14,2507.0,True,2025-11-09,unverified
ETH,53b5453d29f812a883a9,who,FluNet live,"{""surveillance_origin"":""SENTINEL""}",https://xmart-api-public.who.int/FLUMART/VIW_FNT,2025-11-10,2025-11-16,2025,46,False,low_testing,8.0,99.0,,0.15060240963855423,,,unavailable,3,3,5,14,2546.0,True,2025-11-16,unverified
ETH,53b5453d29f812a883a9,who,FluNet live,"{""surveillance_origin"":""SENTINEL""}",https://xmart-api-public.who.int/FLUMART/VIW_FNT,2025-11-17,2025-11-23,2025,47,False,available,11.0,124.0,0.08870967741935484,0.15619047619047619,-6.748079877112135,0.5679583005507475,available,3,3,5,14,2538.0,True,2025-11-23,unverified
ETH,53b5453d29f812a883a9,who,FluNet live,"{""surveillance_origin"":""SENTINEL""}",https://xmart-api-public.who.int/FLUMART/VIW_FNT,2025-11-24,2025-11-30,2025,48,False,low_testing,1.0,86.0,,0.15619047619047619,,,unavailable,3,3,5,14,2529.0,True,2025-11-30,unverified
ETH,53b5453d29f812a883a9,who,FluNet live,"{""surveillance_origin"":""SENTINEL""}",https://xmart-api-public.who.int/FLUMART/VIW_FNT,2025-12-01,2025-12-07,2025,49,False,available,4.0,109.0,0.03669724770642202,0.14940239043824702,-11.2705142731825,0.2456269113149847,available,3,3,5,14,2542.0,True,2025-12-07,unverified
ETH,53b5453d29f812a883a9,who,FluNet live,"{""surveillance_origin"":""SENTINEL""}",https://xmart-api-public.who.int/FLUMART/VIW_FNT,2025-12-08,2025-12-14,2025,50,False,unobserved_week,,,,0.15819750719079578,,,unavailable,3,3,5,14,2448.0,,,unverified
ETH,53b5453d29f812a883a9,who,FluNet live,"{""surveillance_origin"":""SENTINEL""}",https://xmart-api-public.who.int/FLUMART/VIW_FNT,2025-12-15,2025-12-21,2025,51,False,unobserved_week,,,,,,,unavailable,2,3,5,10,1892.0,,,unverified
ETH,53b5453d29f812a883a9,who,FluNet live,"{""surveillance_origin"":""SENTINEL""}",https://xmart-api-public.who.int/FLUMART/VIW_FNT,2025-12-22,2025-12-28,2025,52,False,unobserved_week,,,,,,,unavailable,2,3,5,10,1752.0,,,unverified
ETH,53b5453d29f812a883a9,who,FluNet live,"{""surveillance_origin"":""SENTINEL""}",https://xmart-api-public.who.int/FLUMART/VIW_FNT,2025-12-29,2026-01-04,2026,1,False,available,8.0,105.0,0.0761904761904762,0.09302325581395349,-1.683277962347729,0.8190476190476191,available,3,3,5,14,2182.0,True,2026-01-04,unverified
ETH,53b5453d29f812a883a9,who,FluNet live,"{""surveillance_origin"":""SENTINEL""}",https://xmart-api-public.who.int/FLUMART/VIW_FNT,2026-01-05,2026-01-11,2026,2,False,low_testing,7.0,82.0,,0.08091286307053942,,,unavailable,3,3,5,14,2068.0,True,2026-01-11,unverified
ETH,53b5453d29f812a883a9,who,FluNet live,"{""surveillance_origin"":""SENTINEL""}",https://xmart-api-public.who.int/FLUMART/VIW_FNT,2026-01-12,2026-01-18,2026,3,False,low_testing,4.0,66.0,,0.11538461538461539,,,unavailable,3,3,5,14,2193.0,True,2026-01-18,unverified
ETH,53b5453d29f812a883a9,who,FluNet live,"{""surveillance_origin"":""SENTINEL""}",https://xmart-api-public.who.int/FLUMART/VIW_FNT,2026-01-19,2026-01-25,2026,4,False,low_testing,1.0,52.0,,,,,unavailable,2,3,5,10,1597.0,True,2026-01-25,unverified
ETH,53b5453d29f812a883a9,who,FluNet live,"{""surveillance_origin"":""SENTINEL""}",https://xmart-api-public.who.int/FLUMART/VIW_FNT,2026-01-26,2026-02-01,2026,5,False,low_testing,7.0,72.0,,,,,unavailable,2,3,5,10,1645.0,True,2026-02-01,unverified
ETH,53b5453d29f812a883a9,who,FluNet live,"{""surveillance_origin"":""SENTINEL""}",https://xmart-api-public.who.int/FLUMART/VIW_FNT,2026-02-02,2026-02-08,2026,6,False,low_testing,5.0,47.0,,,,,unavailable,2,3,5,10,1588.0,True,2026-02-08,unverified
ETH,53b5453d29f812a883a9,who,FluNet live,"{""surveillance_origin"":""SENTINEL""}",https://xmart-api-public.who.int/FLUMART/VIW_FNT,2026-02-09,2026-02-15,2026,7,False,unobserved_week,,,,,,,unavailable,2,3,5,10,1609.0,,,unverified
ETH,53b5453d29f812a883a9,who,FluNet live,"{""surveillance_origin"":""SENTINEL""}",https://xmart-api-public.who.int/FLUMART/VIW_FNT,2026-02-16,2026-02-22,2026,8,False,low_testing,6.0,69.0,,,,,unavailable,2,3,5,10,1500.0,True,2026-02-22,unverified
ETH,53b5453d29f812a883a9,who,FluNet live,"{""surveillance_origin"":""SENTINEL""}",https://xmart-api-public.who.int/FLUMART/VIW_FNT,2026-02-23,2026-03-01,2026,9,False,low_testing,3.0,72.0,,,,,unavailable,2,3,5,9,1358.0,True,2026-03-01,unverified
ETH,53b5453d29f812a883a9,who,FluNet live,"{""surveillance_origin"":""SENTINEL""}",https://xmart-api-public.who.int/FLUMART/VIW_FNT,2026-03-02,2026-03-08,2026,10,False,low_testing,2.0,47.0,,0.06297229219143577,,,unavailable,3,3,5,13,1883.0,True,2026-03-08,unverified
ETH,53b5453d29f812a883a9,who,FluNet live,"{""surveillance_origin"":""SENTINEL""}",https://xmart-api-public.who.int/FLUMART/VIW_FNT,2026-03-09,2026-03-15,2026,11,False,low_testing,2.0,58.0,,,,,unavailable,2,3,5,9,1372.0,True,2026-03-15,unverified
ETH,53b5453d29f812a883a9,who,FluNet live,"{""surveillance_origin"":""SENTINEL""}",https://xmart-api-public.who.int/FLUMART/VIW_FNT,2026-03-16,2026-03-22,2026,12,False,low_testing,8.0,72.0,,,,,unavailable,2,3,5,10,1507.0,True,2026-03-22,unverified
ETH,53b5453d29f812a883a9,who,FluNet live,"{""surveillance_origin"":""SENTINEL""}",https://xmart-api-public.who.int/FLUMART/VIW_FNT,2026-03-23,2026-03-29,2026,13,False,low_testing,2.0,92.0,,,,,unavailable,2,3,5,9,1370.0,True,2026-03-29,unverified
ETH,53b5453d29f812a883a9,who,FluNet live,"{""surveillance_origin"":""SENTINEL""}",https://xmart-api-public.who.int/FLUMART/VIW_FNT,2026-03-30,2026-04-05,2026,14,False,unobserved_week,,,,,,,unavailable,2,3,5,9,1408.0,,,unverified
ETH,53b5453d29f812a883a9,who,FluNet live,"{""surveillance_origin"":""SENTINEL""}",https://xmart-api-public.who.int/FLUMART/VIW_FNT,2026-04-06,2026-04-12,2026,15,False,low_testing,1.0,96.0,,,,,unavailable,2,3,5,9,1364.0,True,2026-04-12,unverified
ETH,53b5453d29f812a883a9,who,FluNet live,"{""surveillance_origin"":""SENTINEL""}",https://xmart-api-public.who.int/FLUMART/VIW_FNT,2026-04-13,2026-04-19,2026,16,False,low_testing,2.0,78.0,,,,,unavailable,2,3,5,9,1286.0,True,2026-04-19,unverified
ETH,53b5453d29f812a883a9,who,FluNet live,"{""surveillance_origin"":""SENTINEL""}",https://xmart-api-public.who.int/FLUMART/VIW_FNT,2026-04-20,2026-04-26,2026,17,False,unobserved_week,,,,,,,unavailable,1,3,5,4,578.0,,,unverified
ETH,53b5453d29f812a883a9,who,FluNet live,"{""surveillance_origin"":""SENTINEL""}",https://xmart-api-public.who.int/FLUMART/VIW_FNT,2026-04-27,2026-05-03,2026,18,False,low_testing,1.0,70.0,,,,,unavailable,1,3,5,4,597.0,True,2026-05-03,unverified
ETH,53b5453d29f812a883a9,who,FluNet live,"{""surveillance_origin"":""SENTINEL""}",https://xmart-api-public.who.int/FLUMART/VIW_FNT,2026-05-04,2026-05-10,2026,19,False,unobserved_week,,,,,,,unavailable,1,3,5,4,501.0,,,unverified
ETH,53b5453d29f812a883a9,who,FluNet live,"{""surveillance_origin"":""SENTINEL""}",https://xmart-api-public.who.int/FLUMART/VIW_FNT,2026-05-11,2026-05-17,2026,20,False,unobserved_week,,,,,,,unavailable,1,3,5,4,522.0,,,unverified
ETH,53b5453d29f812a883a9,who,FluNet live,"{""surveillance_origin"":""SENTINEL""}",https://xmart-api-public.who.int/FLUMART/VIW_FNT,2026-05-18,2026-05-24,2026,21,False,insufficient_baseline,2.0,162.0,0.012345679012345678,,,,unavailable,1,3,5,5,683.0,True,2026-05-24,unverified
ETH,53b5453d29f812a883a9,who,FluNet live,"{""surveillance_origin"":""SENTINEL""}",https://xmart-api-public.who.int/FLUMART/VIW_FNT,2026-05-25,2026-05-31,2026,22,False,unobserved_week,,,,,,,unavailable,2,3,5,9,1240.0,,,unverified
ETH,53b5453d29f812a883a9,who,FluNet live,"{""surveillance_origin"":""SENTINEL""}",https://xmart-api-public.who.int/FLUMART/VIW_FNT,2026-06-01,2026-06-07,2026,23,False,unobserved_week,,,,,,,unavailable,1,3,5,5,691.0,,,unverified
ETH,53b5453d29f812a883a9,who,FluNet live,"{""surveillance_origin"":""SENTINEL""}",https://xmart-api-public.who.int/FLUMART/VIW_FNT,2026-06-08,2026-06-14,2026,24,False,unobserved_week,,,,,,,unavailable,1,3,5,5,699.0,,,unverified
ETH,53b5453d29f812a883a9,who,FluNet live,"{""surveillance_origin"":""SENTINEL""}",https://xmart-api-public.who.int/FLUMART/VIW_FNT,2026-06-15,2026-06-21,2026,25,False,unobserved_week,,,,,,,unavailable,1,3,5,5,677.0,,,unverified
ETH,53b5453d29f812a883a9,who,FluNet live,"{""surveillance_origin"":""SENTINEL""}",https://xmart-api-public.who.int/FLUMART/VIW_FNT,2026-06-22,2026-06-28,2026,26,False,unobserved_week,,,,,,,unavailable,1,3,5,5,696.0,,,unverified
ETH,53b5453d29f812a883a9,who,FluNet live,"{""surveillance_origin"":""SENTINEL""}",https://xmart-api-public.who.int/FLUMART/VIW_FNT,2026-06-29,2026-07-05,2026,27,False,unobserved_week,,,,,,,unavailable,1,3,5,5,697.0,,,unverified
ETH,53b5453d29f812a883a9,who,FluNet live,"{""surveillance_origin"":""SENTINEL""}",https://xmart-api-public.who.int/FLUMART/VIW_FNT,2026-07-06,2026-07-12,2026,28,False,insufficient_baseline,1.0,149.0,0.006711409395973154,,,,unavailable,2,3,5,9,1441.0,True,2026-07-12,unverified
ETH,53b5453d29f812a883a9,who,FluNet live,"{""surveillance_origin"":""SENTINEL""}",https://xmart-api-public.who.int/FLUMART/VIW_FNT,2026-07-13,2026-07-19,2026,29,False,insufficient_baseline,1.0,155.0,0.0064516129032258064,,,,unavailable,2,3,5,10,1668.0,True,2026-07-19,unverified
ETH,53b5453d29f812a883a9,who,FluNet live,"{""surveillance_origin"":""SENTINEL""}",https://xmart-api-public.who.int/FLUMART/VIW_FNT,2026-07-20,2026-07-26,2026,30,False,unobserved_week,,,,,,,unavailable,2,3,5,10,1751.0,,,unverified
ETH,53b5453d29f812a883a9,who,FluNet live,"{""surveillance_origin"":""SENTINEL""}",https://xmart-api-public.who.int/FLUMART/VIW_FNT,2026-07-27,2026-08-02,2026,31,False,unobserved_week,,,,0.06681766704416761,,,unavailable,3,3,5,14,2409.0,,,unverified
ETH,53b5453d29f812a883a9,who,FluNet live,"{""surveillance_origin"":""SENTINEL""}",https://xmart-api-public.who.int/FLUMART/VIW_FNT,2026-08-03,2026-08-09,2026,32,False,available,1.0,114.0,0.008771929824561403,0.09060773480662983,-8.183580498206842,0.09681215233204964,available,3,3,5,14,2440.0,True,2026-08-09,unverified
ETH,53b5453d29f812a883a9,who,FluNet live,"{""surveillance_origin"":""SENTINEL""}",https://xmart-api-public.who.int/FLUMART/VIW_FNT,2026-08-10,2026-08-16,2026,33,False,low_testing,1.0,87.0,,0.05961044520547945,,,unavailable,4,3,5,18,2984.0,True,2026-08-16,unverified
ETH,53b5453d29f812a883a9,who,FluNet live,"{""surveillance_origin"":""SENTINEL""}",https://xmart-api-public.who.int/FLUMART/VIW_FNT,2026-08-17,2026-08-23,2026,34,True,available,3.0,104.0,0.028846153846153848,0.06392450142450143,-3.507834757834758,0.45125348189415043,available,4,3,5,19,3109.0,True,2026-08-23,unverified
ISR,3007b6680d529a52d448,who,FluNet live,"{""surveillance_origin"":""SENTINEL""}",https://xmart-api-public.who.int/FLUMART/VIW_FNT,2025-08-25,2025-08-31,2025,35,False,unobserved_week,,,,,,,unavailable,0,3,5,0,,,,unverified
ISR,3007b6680d529a52d448,who,FluNet live,"{""surveillance_origin"":""SENTINEL""}",https://xmart-api-public.who.int/FLUMART/VIW_FNT,2025-09-01,2025-09-07,2025,36,False,unobserved_week,,,,,,,unavailable,0,3,5,0,,,,unverified
ISR,3007b6680d529a52d448,who,FluNet live,"{""surveillance_origin"":""SENTINEL""}",https://xmart-api-public.who.int/FLUMART/VIW_FNT,2025-09-08,2025-09-14,2025,37,False,unobserved_week,,,,,,,unavailable,0,3,5,0,,,,unverified
ISR,3007b6680d529a52d448,who,FluNet live,"{""surveillance_origin"":""SENTINEL""}",https://xmart-api-public.who.int/FLUMART/VIW_FNT,2025-09-15,2025-09-21,2025,38,False,unobserved_week,,,,,,,unavailable,0,3,5,0,,,,unverified
ISR,3007b6680d529a52d448,who,FluNet live,"{""surveillance_origin"":""SENTINEL""}",https://xmart-api-public.who.int/FLUMART/VIW_FNT,2025-09-22,2025-09-28,2025,39,False,unobserved_week,,,,,,,unavailable,0,3,5,0,,,,unverified
ISR,3007b6680d529a52d448,who,FluNet live,"{""surveillance_origin"":""SENTINEL""}",https://xmart-api-public.who.int/FLUMART/VIW_FNT,2025-09-29,2025-10-05,2025,40,False,unobserved_week,,,,,,,unavailable,0,3,5,0,,,,unverified
ISR,3007b6680d529a52d448,who,FluNet live,"{""surveillance_origin"":""SENTINEL""}",https://xmart-api-public.who.int/FLUMART/VIW_FNT,2025-10-06,2025-10-12,2025,41,False,unobserved_week,,,,,,,unavailable,0,3,5,0,,,,unverified
ISR,3007b6680d529a52d448,who,FluNet live,"{""surveillance_origin"":""SENTINEL""}",https://xmart-api-public.who.int/FLUMART/VIW_FNT,2025-10-13,2025-10-19,2025,42,False,unobserved_week,,,,,,,unavailable,0,3,5,0,,,,unverified
ISR,3007b6680d529a52d448,who,FluNet live,"{""surveillance_origin"":""SENTINEL""}",https://xmart-api-public.who.int/FLUMART/VIW_FNT,2025-10-20,2025-10-26,2025,43,False,unobserved_week,,,,,,,unavailable,0,3,5,0,,,,unverified
ISR,3007b6680d529a52d448,who,FluNet live,"{""surveillance_origin"":""SENTINEL""}",https://xmart-api-public.who.int/FLUMART/VIW_FNT,2025-10-27,2025-11-02,2025,44,False,low_testing,8.0,43.0,,,,,unavailable,0,3,5,0,,True,2025-11-02,unverified
ISR,3007b6680d529a52d448,who,FluNet live,"{""surveillance_origin"":""SENTINEL""}",https://xmart-api-public.who.int/FLUMART/VIW_FNT,2025-11-03,2025-11-09,2025,45,False,low_testing,3.0,41.0,,,,,unavailable,0,3,5,0,,True,2025-11-09,unverified
ISR,3007b6680d529a52d448,who,FluNet live,"{""surveillance_origin"":""SENTINEL""}",https://xmart-api-public.who.int/FLUMART/VIW_FNT,2025-11-10,2025-11-16,2025,46,False,low_testing,14.0,48.0,,,,,unavailable,0,3,5,0,,True,2025-11-16,unverified
ISR,3007b6680d529a52d448,who,FluNet live,"{""surveillance_origin"":""SENTINEL""}",https://xmart-api-public.who.int/FLUMART/VIW_FNT,2025-11-17,2025-11-23,2025,47,False,low_testing,24.0,62.0,,,,,unavailable,0,3,5,0,,True,2025-11-23,unverified
ISR,3007b6680d529a52d448,who,FluNet live,"{""surveillance_origin"":""SENTINEL""}",https://xmart-api-public.who.int/FLUMART/VIW_FNT,2025-11-24,2025-11-30,2025,48,False,low_testing,23.0,56.0,,,,,unavailable,0,3,5,0,,True,2025-11-30,unverified
ISR,3007b6680d529a52d448,who,FluNet live,"{""surveillance_origin"":""SENTINEL""}",https://xmart-api-public.who.int/FLUMART/VIW_FNT,2025-12-01,2025-12-07,2025,49,False,low_testing,43.0,99.0,,,,,unavailable,0,3,5,0,,True,2025-12-07,unverified
ISR,3007b6680d529a52d448,who,FluNet live,"{""surveillance_origin"":""SENTINEL""}",https://xmart-api-public.who.int/FLUMART/VIW_FNT,2025-12-08,2025-12-14,2025,50,False,low_testing,41.0,86.0,,,,,unavailable,0,3,5,0,,True,2025-12-14,unverified
ISR,3007b6680d529a52d448,who,FluNet live,"{""surveillance_origin"":""SENTINEL""}",https://xmart-api-public.who.int/FLUMART/VIW_FNT,2025-12-15,2025-12-21,2025,51,False,insufficient_baseline,56.0,109.0,0.5137614678899083,,,,unavailable,0,3,5,0,,True,2025-12-21,unverified
ISR,3007b6680d529a52d448,who,FluNet live,"{""surveillance_origin"":""SENTINEL""}",https://xmart-api-public.who.int/FLUMART/VIW_FNT,2025-12-22,2025-12-28,2025,52,False,low_testing,28.0,46.0,,,,,unavailable,0,3,5,0,,True,2025-12-28,unverified
ISR,3007b6680d529a52d448,who,FluNet live,"{""surveillance_origin"":""SENTINEL""}",https://xmart-api-public.who.int/FLUMART/VIW_FNT,2025-12-29,2026-01-04,2026,1,False,low_testing,17.0,57.0,,,,,unavailable,0,3,5,0,,True,2026-01-04,unverified
ISR,3007b6680d529a52d448,who,FluNet live,"{""surveillance_origin"":""SENTINEL""}",https://xmart-api-public.who.int/FLUMART/VIW_FNT,2026-01-05,2026-01-11,2026,2,False,low_testing,31.0,78.0,,,,,unavailable,0,3,5,0,,True,2026-01-11,unverified
ISR,3007b6680d529a52d448,who,FluNet live,"{""surveillance_origin"":""SENTINEL""}",https://xmart-api-public.who.int/FLUMART/VIW_FNT,2026-01-12,2026-01-18,2026,3,False,low_testing,9.0,35.0,,,,,unavailable,0,3,5,0,,True,2026-01-18,unverified
ISR,3007b6680d529a52d448,who,FluNet live,"{""surveillance_origin"":""SENTINEL""}",https://xmart-api-public.who.int/FLUMART/VIW_FNT,2026-01-19,2026-01-25,2026,4,False,low_testing,13.0,55.0,,,,,unavailable,0,3,5,0,,True,2026-01-25,unverified
ISR,3007b6680d529a52d448,who,FluNet live,"{""surveillance_origin"":""SENTINEL""}",https://xmart-api-public.who.int/FLUMART/VIW_FNT,2026-01-26,2026-02-01,2026,5,False,low_testing,6.0,47.0,,,,,unavailable,0,3,5,0,,True,2026-02-01,unverified
ISR,3007b6680d529a52d448,who,FluNet live,"{""surveillance_origin"":""SENTINEL""}",https://xmart-api-public.who.int/FLUMART/VIW_FNT,2026-02-02,2026-02-08,2026,6,False,low_testing,3.0,34.0,,,,,unavailable,0,3,5,0,,True,2026-02-08,unverified
ISR,3007b6680d529a52d448,who,FluNet live,"{""surveillance_origin"":""SENTINEL""}",https://xmart-api-public.who.int/FLUMART/VIW_FNT,2026-02-09,2026-02-15,2026,7,False,low_testing,3.0,30.0,,,,,unavailable,1,3,5,4,453.0,True,2026-02-15,unverified
ISR,3007b6680d529a52d448,who,FluNet live,"{""surveillance_origin"":""SENTINEL""}",https://xmart-api-public.who.int/FLUMART/VIW_FNT,2026-02-16,2026-02-22,2026,8,False,unobserved_week,,,,,,,unavailable,0,3,5,0,,,,unverified
ISR,3007b6680d529a52d448,who,FluNet live,"{""surveillance_origin"":""SENTINEL""}",https://xmart-api-public.who.int/FLUMART/VIW_FNT,2026-02-23,2026-03-01,2026,9,False,unobserved_week,,,,,,,unavailable,0,3,5,0,,,,unverified
ISR,3007b6680d529a52d448,who,FluNet live,"{""surveillance_origin"":""SENTINEL""}",https://xmart-api-public.who.int/FLUMART/VIW_FNT,2026-03-02,2026-03-08,2026,10,False,unobserved_week,,,,,,,unavailable,0,3,5,0,,,,unverified
ISR,3007b6680d529a52d448,who,FluNet live,"{""surveillance_origin"":""SENTINEL""}",https://xmart-api-public.who.int/FLUMART/VIW_FNT,2026-03-09,2026-03-15,2026,11,False,unobserved_week,,,,,,,unavailable,0,3,5,0,,,,unverified
ISR,3007b6680d529a52d448,who,FluNet live,"{""surveillance_origin"":""SENTINEL""}",https://xmart-api-public.who.int/FLUMART/VIW_FNT,2026-03-16,2026-03-22,2026,12,False,unobserved_week,,,,,,,unavailable,0,3,5,0,,,,unverified
ISR,3007b6680d529a52d448,who,FluNet live,"{""surveillance_origin"":""SENTINEL""}",https://xmart-api-public.who.int/FLUMART/VIW_FNT,2026-03-23,2026-03-29,2026,13,False,unobserved_week,,,,,,,unavailable,0,3,5,0,,,,unverified
ISR,3007b6680d529a52d448,who,FluNet live,"{""surveillance_origin"":""SENTINEL""}",https://xmart-api-public.who.int/FLUMART/VIW_FNT,2026-03-30,2026-04-05,2026,14,False,unobserved_week,,,,,,,unavailable,0,3,5,0,,,,unverified
ISR,3007b6680d529a52d448,who,FluNet live,"{""surveillance_origin"":""SENTINEL""}",https://xmart-api-public.who.int/FLUMART/VIW_FNT,2026-04-06,2026-04-12,2026,15,False,unobserved_week,,,,,,,unavailable,0,3,5,0,,,,unverified
ISR,3007b6680d529a52d448,who,FluNet live,"{""surveillance_origin"":""SENTINEL""}",https://xmart-api-public.who.int/FLUMART/VIW_FNT,2026-04-13,2026-04-19,2026,16,False,unobserved_week,,,,,,,unavailable,0,3,5,0,,,,unverified
ISR,3007b6680d529a52d448,who,FluNet live,"{""surveillance_origin"":""SENTINEL""}",https://xmart-api-public.who.int/FLUMART/VIW_FNT,2026-04-20,2026-04-26,2026,17,False,unobserved_week,,,,,,,unavailable,0,3,5,0,,,,unverified
ISR,3007b6680d529a52d448,who,FluNet live,"{""surveillance_origin"":""SENTINEL""}",https://xmart-api-public.who.int/FLUMART/VIW_FNT,2026-04-27,2026-05-03,2026,18,False,unobserved_week,,,,,,,unavailable,0,3,5,0,,,,unverified
ISR,3007b6680d529a52d448,who,FluNet live,"{""surveillance_origin"":""SENTINEL""}",https://xmart-api-public.who.int/FLUMART/VIW_FNT,2026-05-04,2026-05-10,2026,19,False,unobserved_week,,,,,,,unavailable,0,3,5,0,,,,unverified
ISR,3007b6680d529a52d448,who,FluNet live,"{""surveillance_origin"":""SENTINEL""}",https://xmart-api-public.who.int/FLUMART/VIW_FNT,2026-05-11,2026-05-17,2026,20,False,unobserved_week,,,,,,,unavailable,0,3,5,0,,,,unverified
ISR,3007b6680d529a52d448,who,FluNet live,"{""surveillance_origin"":""SENTINEL""}",https://xmart-api-public.who.int/FLUMART/VIW_FNT,2026-05-18,2026-05-24,2026,21,False,unobserved_week,,,,,,,unavailable,0,3,5,0,,,,unverified
ISR,3007b6680d529a52d448,who,FluNet live,"{""surveillance_origin"":""SENTINEL""}",https://xmart-api-public.who.int/FLUMART/VIW_FNT,2026-05-25,2026-05-31,2026,22,False,unobserved_week,,,,,,,unavailable,0,3,5,0,,,,unverified
ISR,3007b6680d529a52d448,who,FluNet live,"{""surveillance_origin"":""SENTINEL""}",https://xmart-api-public.who.int/FLUMART/VIW_FNT,2026-06-01,2026-06-07,2026,23,False,unobserved_week,,,,,,,unavailable,0,3,5,0,,,,unverified
ISR,3007b6680d529a52d448,who,FluNet live,"{""surveillance_origin"":""SENTINEL""}",https://xmart-api-public.who.int/FLUMART/VIW_FNT,2026-06-08,2026-06-14,2026,24,False,unobserved_week,,,,,,,unavailable,0,3,5,0,,,,unverified
ISR,3007b6680d529a52d448,who,FluNet live,"{""surveillance_origin"":""SENTINEL""}",https://xmart-api-public.who.int/FLUMART/VIW_FNT,2026-06-15,2026-06-21,2026,25,False,unobserved_week,,,,,,,unavailable,0,3,5,0,,,,unverified
ISR,3007b6680d529a52d448,who,FluNet live,"{""surveillance_origin"":""SENTINEL""}",https://xmart-api-public.who.int/FLUMART/VIW_FNT,2026-06-22,2026-06-28,2026,26,False,unobserved_week,,,,,,,unavailable,0,3,5,0,,,,unverified
ISR,3007b6680d529a52d448,who,FluNet live,"{""surveillance_origin"":""SENTINEL""}",https://xmart-api-public.who.int/FLUMART/VIW_FNT,2026-06-29,2026-07-05,2026,27,False,unobserved_week,,,,,,,unavailable,0,3,5,0,,,,unverified
ISR,3007b6680d529a52d448,who,FluNet live,"{""surveillance_origin"":""SENTINEL""}",https://xmart-api-public.who.int/FLUMART/VIW_FNT,2026-07-06,2026-07-12,2026,28,False,unobserved_week,,,,,,,unavailable,0,3,5,0,,,,unverified
ISR,3007b6680d529a52d448,who,FluNet live,"{""surveillance_origin"":""SENTINEL""}",https://xmart-api-public.who.int/FLUMART/VIW_FNT,2026-07-13,2026-07-19,2026,29,False,unobserved_week,,,,,,,unavailable,0,3,5,0,,,,unverified
ISR,3007b6680d529a52d448,who,FluNet live,"{""surveillance_origin"":""SENTINEL""}",https://xmart-api-public.who.int/FLUMART/VIW_FNT,2026-07-20,2026-07-26,2026,30,False,unobserved_week,,,,,,,unavailable,0,3,5,0,,,,unverified
ISR,3007b6680d529a52d448,who,FluNet live,"{""surveillance_origin"":""SENTINEL""}",https://xmart-api-public.who.int/FLUMART/VIW_FNT,2026-07-27,2026-08-02,2026,31,False,unobserved_week,,,,,,,unavailable,0,3,5,0,,,,unverified
ISR,3007b6680d529a52d448,who,FluNet live,"{""surveillance_origin"":""SENTINEL""}",https://xmart-api-public.who.int/FLUMART/VIW_FNT,2026-08-03,2026-08-09,2026,32,False,unobserved_week,,,,,,,unavailable,0,3,5,0,,,,unverified
ISR,3007b6680d529a52d448,who,FluNet live,"{""surveillance_origin"":""SENTINEL""}",https://xmart-api-public.who.int/FLUMART/VIW_FNT,2026-08-10,2026-08-16,2026,33,False,unobserved_week,,,,,,,unavailable,0,3,5,0,,,,unverified
ISR,3007b6680d529a52d448,who,FluNet live,"{""surveillance_origin"":""SENTINEL""}",https://xmart-api-public.who.int/FLUMART/VIW_FNT,2026-08-17,2026-08-23,2026,34,True,unobserved_week,,,,,,,unavailable,0,3,5,0,,,,unverified
LBN,3c1f8d84c35f92a69284,who,FluNet live,"{""surveillance_origin"":""SENTINEL""}",https://xmart-api-public.who.int/FLUMART/VIW_FNT,2025-08-25,2025-08-31,2025,35,False,low_testing,1.0,30.0,,,,,unavailable,0,3,5,0,,True,2025-08-31,unverified
LBN,3c1f8d84c35f92a69284,who,FluNet live,"{""surveillance_origin"":""SENTINEL""}",https://xmart-api-public.who.int/FLUMART/VIW_FNT,2025-09-01,2025-09-07,2025,36,False,unobserved_week,,,,,,,unavailable,0,3,5,0,,,,unverified
LBN,3c1f8d84c35f92a69284,who,FluNet live,"{""surveillance_origin"":""SENTINEL""}",https://xmart-api-public.who.int/FLUMART/VIW_FNT,2025-09-08,2025-09-14,2025,37,False,unobserved_week,,,,,,,unavailable,1,3,5,4,549.0,,,unverified
LBN,3c1f8d84c35f92a69284,who,FluNet live,"{""surveillance_origin"":""SENTINEL""}",https://xmart-api-public.who.int/FLUMART/VIW_FNT,2025-09-15,2025-09-21,2025,38,False,unobserved_week,,,,,,,unavailable,1,3,5,5,690.0,,,unverified
LBN,3c1f8d84c35f92a69284,who,FluNet live,"{""surveillance_origin"":""SENTINEL""}",https://xmart-api-public.who.int/FLUMART/VIW_FNT,2025-09-22,2025-09-28,2025,39,False,unobserved_week,,,,,,,unavailable,1,3,5,5,705.0,,,unverified
LBN,3c1f8d84c35f92a69284,who,FluNet live,"{""surveillance_origin"":""SENTINEL""}",https://xmart-api-public.who.int/FLUMART/VIW_FNT,2025-09-29,2025-10-05,2025,40,False,unobserved_week,,,,,,,unavailable,1,3,5,5,716.0,,,unverified
LBN,3c1f8d84c35f92a69284,who,FluNet live,"{""surveillance_origin"":""SENTINEL""}",https://xmart-api-public.who.int/FLUMART/VIW_FNT,2025-10-06,2025-10-12,2025,41,False,unobserved_week,,,,,,,unavailable,1,3,5,4,595.0,,,unverified
LBN,3c1f8d84c35f92a69284,who,FluNet live,"{""surveillance_origin"":""SENTINEL""}",https://xmart-api-public.who.int/FLUMART/VIW_FNT,2025-10-13,2025-10-19,2025,42,False,unobserved_week,,,,,,,unavailable,1,3,5,4,603.0,,,unverified
LBN,3c1f8d84c35f92a69284,who,FluNet live,"{""surveillance_origin"":""SENTINEL""}",https://xmart-api-public.who.int/FLUMART/VIW_FNT,2025-10-20,2025-10-26,2025,43,False,unobserved_week,,,,,,,unavailable,1,3,5,4,593.0,,,unverified
LBN,3c1f8d84c35f92a69284,who,FluNet live,"{""surveillance_origin"":""SENTINEL""}",https://xmart-api-public.who.int/FLUMART/VIW_FNT,2025-10-27,2025-11-02,2025,44,False,low_testing,1.0,33.0,,,,,unavailable,1,3,5,4,652.0,True,2025-11-02,unverified
LBN,3c1f8d84c35f92a69284,who,FluNet live,"{""surveillance_origin"":""SENTINEL""}",https://xmart-api-public.who.int/FLUMART/VIW_FNT,2025-11-03,2025-11-09,2025,45,False,low_testing,2.0,34.0,,,,,unavailable,1,3,5,4,813.0,True,2025-11-09,unverified
LBN,3c1f8d84c35f92a69284,who,FluNet live,"{""surveillance_origin"":""SENTINEL""}",https://xmart-api-public.who.int/FLUMART/VIW_FNT,2025-11-10,2025-11-16,2025,46,False,low_testing,1.0,42.0,,,,,unavailable,1,3,5,5,1008.0,True,2025-11-16,unverified
LBN,3c1f8d84c35f92a69284,who,FluNet live,"{""surveillance_origin"":""SENTINEL""}",https://xmart-api-public.who.int/FLUMART/VIW_FNT,2025-11-17,2025-11-23,2025,47,False,low_testing,7.0,53.0,,,,,unavailable,1,3,5,5,1232.0,True,2025-11-23,unverified
LBN,3c1f8d84c35f92a69284,who,FluNet live,"{""surveillance_origin"":""SENTINEL""}",https://xmart-api-public.who.int/FLUMART/VIW_FNT,2025-11-24,2025-11-30,2025,48,False,low_testing,19.0,67.0,,,,,unavailable,1,3,5,5,1256.0,True,2025-11-30,unverified
LBN,3c1f8d84c35f92a69284,who,FluNet live,"{""surveillance_origin"":""SENTINEL""}",https://xmart-api-public.who.int/FLUMART/VIW_FNT,2025-12-01,2025-12-07,2025,49,False,low_testing,17.0,58.0,,,,,unavailable,2,3,5,9,1854.0,True,2025-12-07,unverified
LBN,3c1f8d84c35f92a69284,who,FluNet live,"{""surveillance_origin"":""SENTINEL""}",https://xmart-api-public.who.int/FLUMART/VIW_FNT,2025-12-08,2025-12-14,2025,50,False,low_testing,19.0,79.0,,,,,unavailable,2,3,5,9,1629.0,True,2025-12-14,unverified
LBN,3c1f8d84c35f92a69284,who,FluNet live,"{""surveillance_origin"":""SENTINEL""}",https://xmart-api-public.who.int/FLUMART/VIW_FNT,2025-12-15,2025-12-21,2025,51,False,low_testing,30.0,80.0,,,,,unavailable,2,3,5,9,1669.0,True,2025-12-21,unverified
LBN,3c1f8d84c35f92a69284,who,FluNet live,"{""surveillance_origin"":""SENTINEL""}",https://xmart-api-public.who.int/FLUMART/VIW_FNT,2025-12-22,2025-12-28,2025,52,False,insufficient_baseline,50.0,107.0,0.4672897196261682,,,,unavailable,2,3,5,9,1658.0,True,2025-12-28,unverified
LBN,3c1f8d84c35f92a69284,who,FluNet live,"{""surveillance_origin"":""SENTINEL""}",https://xmart-api-public.who.int/FLUMART/VIW_FNT,2025-12-29,2026-01-04,2026,1,False,insufficient_baseline,34.0,113.0,0.3008849557522124,,,,unavailable,2,3,5,9,1914.0,True,2026-01-04,unverified
LBN,3c1f8d84c35f92a69284,who,FluNet live,"{""surveillance_origin"":""SENTINEL""}",https://xmart-api-public.who.int/FLUMART/VIW_FNT,2026-01-05,2026-01-11,2026,2,False,low_testing,33.0,93.0,,,,,unavailable,1,3,5,5,1747.0,True,2026-01-11,unverified
LBN,3c1f8d84c35f92a69284,who,FluNet live,"{""surveillance_origin"":""SENTINEL""}",https://xmart-api-public.who.int/FLUMART/VIW_FNT,2026-01-12,2026-01-18,2026,3,False,low_testing,9.0,63.0,,,,,unavailable,1,3,5,5,1811.0,True,2026-01-18,unverified
LBN,3c1f8d84c35f92a69284,who,FluNet live,"{""surveillance_origin"":""SENTINEL""}",https://xmart-api-public.who.int/FLUMART/VIW_FNT,2026-01-19,2026-01-25,2026,4,False,low_testing,7.0,46.0,,,,,unavailable,1,3,5,5,2020.0,True,2026-01-25,unverified
LBN,3c1f8d84c35f92a69284,who,FluNet live,"{""surveillance_origin"":""SENTINEL""}",https://xmart-api-public.who.int/FLUMART/VIW_FNT,2026-01-26,2026-02-01,2026,5,False,low_testing,6.0,64.0,,,,,unavailable,1,3,5,5,2106.0,True,2026-02-01,unverified
LBN,3c1f8d84c35f92a69284,who,FluNet live,"{""surveillance_origin"":""SENTINEL""}",https://xmart-api-public.who.int/FLUMART/VIW_FNT,2026-02-02,2026-02-08,2026,6,False,low_testing,6.0,42.0,,,,,unavailable,1,3,5,5,1969.0,True,2026-02-08,unverified
LBN,3c1f8d84c35f92a69284,who,FluNet live,"{""surveillance_origin"":""SENTINEL""}",https://xmart-api-public.who.int/FLUMART/VIW_FNT,2026-02-09,2026-02-15,2026,7,False,unobserved_week,,,,,,,unavailable,1,3,5,4,1360.0,,,unverified
LBN,3c1f8d84c35f92a69284,who,FluNet live,"{""surveillance_origin"":""SENTINEL""}",https://xmart-api-public.who.int/FLUMART/VIW_FNT,2026-02-16,2026-02-22,2026,8,False,low_testing,1.0,28.0,,,,,unavailable,2,3,5,8,1781.0,True,2026-02-22,unverified
LBN,3c1f8d84c35f92a69284,who,FluNet live,"{""surveillance_origin"":""SENTINEL""}",https://xmart-api-public.who.int/FLUMART/VIW_FNT,2026-02-23,2026-03-01,2026,9,False,low_testing,3.0,28.0,,,,,unavailable,1,3,5,4,424.0,True,2026-03-01,unverified
LBN,3c1f8d84c35f92a69284,who,FluNet live,"{""surveillance_origin"":""SENTINEL""}",https://xmart-api-public.who.int/FLUMART/VIW_FNT,2026-03-02,2026-03-08,2026,10,False,unobserved_week,,,,,,,unavailable,1,3,5,4,424.0,,,unverified
LBN,3c1f8d84c35f92a69284,who,FluNet live,"{""surveillance_origin"":""SENTINEL""}",https://xmart-api-public.who.int/FLUMART/VIW_FNT,2026-03-09,2026-03-15,2026,11,False,unobserved_week,,,,,,,unavailable,0,3,5,0,,,,unverified
LBN,3c1f8d84c35f92a69284,who,FluNet live,"{""surveillance_origin"":""SENTINEL""}",https://xmart-api-public.who.int/FLUMART/VIW_FNT,2026-03-16,2026-03-22,2026,12,False,unobserved_week,,,,,,,unavailable,0,3,5,0,,,,unverified
LBN,3c1f8d84c35f92a69284,who,FluNet live,"{""surveillance_origin"":""SENTINEL""}",https://xmart-api-public.who.int/FLUMART/VIW_FNT,2026-03-23,2026-03-29,2026,13,False,unobserved_week,,,,,,,unavailable,0,3,5,0,,,,unverified
LBN,3c1f8d84c35f92a69284,who,FluNet live,"{""surveillance_origin"":""SENTINEL""}",https://xmart-api-public.who.int/FLUMART/VIW_FNT,2026-03-30,2026-04-05,2026,14,False,unobserved_week,,,,,,,unavailable,0,3,5,0,,,,unverified
LBN,3c1f8d84c35f92a69284,who,FluNet live,"{""surveillance_origin"":""SENTINEL""}",https://xmart-api-public.who.int/FLUMART/VIW_FNT,2026-04-06,2026-04-12,2026,15,False,unobserved_week,,,,,,,unavailable,0,3,5,0,,,,unverified
LBN,3c1f8d84c35f92a69284,who,FluNet live,"{""surveillance_origin"":""SENTINEL""}",https://xmart-api-public.who.int/FLUMART/VIW_FNT,2026-04-13,2026-04-19,2026,16,False,unobserved_week,,,,,,,unavailable,0,3,5,0,,,,unverified
LBN,3c1f8d84c35f92a69284,who,FluNet live,"{""surveillance_origin"":""SENTINEL""}",https://xmart-api-public.who.int/FLUMART/VIW_FNT,2026-04-20,2026-04-26,2026,17,False,unobserved_week,,,,,,,unavailable,0,3,5,0,,,,unverified
LBN,3c1f8d84c35f92a69284,who,FluNet live,"{""surveillance_origin"":""SENTINEL""}",https://xmart-api-public.who.int/FLUMART/VIW_FNT,2026-04-27,2026-05-03,2026,18,False,unobserved_week,,,,,,,unavailable,0,3,5,0,,,,unverified
LBN,3c1f8d84c35f92a69284,who,FluNet live,"{""surveillance_origin"":""SENTINEL""}",https://xmart-api-public.who.int/FLUMART/VIW_FNT,2026-05-04,2026-05-10,2026,19,False,unobserved_week,,,,,,,unavailable,0,3,5,0,,,,unverified
LBN,3c1f8d84c35f92a69284,who,FluNet live,"{""surveillance_origin"":""SENTINEL""}",https://xmart-api-public.who.int/FLUMART/VIW_FNT,2026-05-11,2026-05-17,2026,20,False,unobserved_week,,,,,,,unavailable,0,3,5,0,,,,unverified
LBN,3c1f8d84c35f92a69284,who,FluNet live,"{""surveillance_origin"":""SENTINEL""}",https://xmart-api-public.who.int/FLUMART/VIW_FNT,2026-05-18,2026-05-24,2026,21,False,unobserved_week,,,,,,,unavailable,0,3,5,0,,,,unverified
LBN,3c1f8d84c35f92a69284,who,FluNet live,"{""surveillance_origin"":""SENTINEL""}",https://xmart-api-public.who.int/FLUMART/VIW_FNT,2026-05-25,2026-05-31,2026,22,False,unobserved_week,,,,,,,unavailable,0,3,5,0,,,,unverified
LBN,3c1f8d84c35f92a69284,who,FluNet live,"{""surveillance_origin"":""SENTINEL""}",https://xmart-api-public.who.int/FLUMART/VIW_FNT,2026-06-01,2026-06-07,2026,23,False,unobserved_week,,,,,,,unavailable,0,3,5,0,,,,unverified
LBN,3c1f8d84c35f92a69284,who,FluNet live,"{""surveillance_origin"":""SENTINEL""}",https://xmart-api-public.who.int/FLUMART/VIW_FNT,2026-06-08,2026-06-14,2026,24,False,unobserved_week,,,,,,,unavailable,0,3,5,0,,,,unverified
LBN,3c1f8d84c35f92a69284,who,FluNet live,"{""surveillance_origin"":""SENTINEL""}",https://xmart-api-public.who.int/FLUMART/VIW_FNT,2026-06-15,2026-06-21,2026,25,False,unobserved_week,,,,,,,unavailable,0,3,5,0,,,,unverified
LBN,3c1f8d84c35f92a69284,who,FluNet live,"{""surveillance_origin"":""SENTINEL""}",https://xmart-api-public.who.int/FLUMART/VIW_FNT,2026-06-22,2026-06-28,2026,26,False,unobserved_week,,,,,,,unavailable,0,3,5,0,,,,unverified
LBN,3c1f8d84c35f92a69284,who,FluNet live,"{""surveillance_origin"":""SENTINEL""}",https://xmart-api-public.who.int/FLUMART/VIW_FNT,2026-06-29,2026-07-05,2026,27,False,unobserved_week,,,,,,,unavailable,0,3,5,0,,,,unverified
LBN,3c1f8d84c35f92a69284,who,FluNet live,"{""surveillance_origin"":""SENTINEL""}",https://xmart-api-public.who.int/FLUMART/VIW_FNT,2026-07-06,2026-07-12,2026,28,False,low_testing,1.0,30.0,,,,,unavailable,0,3,5,0,,True,2026-07-12,unverified
LBN,3c1f8d84c35f92a69284,who,FluNet live,"{""surveillance_origin"":""SENTINEL""}",https://xmart-api-public.who.int/FLUMART/VIW_FNT,2026-07-13,2026-07-19,2026,29,False,unobserved_week,,,,,,,unavailable,0,3,5,0,,,,unverified
LBN,3c1f8d84c35f92a69284,who,FluNet live,"{""surveillance_origin"":""SENTINEL""}",https://xmart-api-public.who.int/FLUMART/VIW_FNT,2026-07-20,2026-07-26,2026,30,False,unobserved_week,,,,,,,unavailable,0,3,5,0,,,,unverified
LBN,3c1f8d84c35f92a69284,who,FluNet live,"{""surveillance_origin"":""SENTINEL""}",https://xmart-api-public.who.int/FLUMART/VIW_FNT,2026-07-27,2026-08-02,2026,31,False,unobserved_week,,,,,,,unavailable,0,3,5,0,,,,unverified
LBN,3c1f8d84c35f92a69284,who,FluNet live,"{""surveillance_origin"":""SENTINEL""}",https://xmart-api-public.who.int/FLUMART/VIW_FNT,2026-08-03,2026-08-09,2026,32,False,unobserved_week,,,,,,,unavailable,0,3,5,0,,,,unverified
LBN,3c1f8d84c35f92a69284,who,FluNet live,"{""surveillance_origin"":""SENTINEL""}",https://xmart-api-public.who.int/FLUMART/VIW_FNT,2026-08-10,2026-08-16,2026,33,False,unobserved_week,,,,,,,unavailable,0,3,5,0,,,,unverified
LBN,3c1f8d84c35f92a69284,who,FluNet live,"{""surveillance_origin"":""SENTINEL""}",https://xmart-api-public.who.int/FLUMART/VIW_FNT,2026-08-17,2026-08-23,2026,34,True,unobserved_week,,,,,,,unavailable,0,3,5,0,,,,unverified
PSE,877a128da6a13a050a0d,who,FluNet live,"{""surveillance_origin"":""SENTINEL""}",https://xmart-api-public.who.int/FLUMART/VIW_FNT,2025-08-25,2025-08-31,2025,35,False,unobserved_week,,,,,,,unavailable,0,3,5,0,,,,unverified
PSE,877a128da6a13a050a0d,who,FluNet live,"{""surveillance_origin"":""SENTINEL""}",https://xmart-api-public.who.int/FLUMART/VIW_FNT,2025-09-01,2025-09-07,2025,36,False,unobserved_week,,,,,,,unavailable,0,3,5,0,,,,unverified
PSE,877a128da6a13a050a0d,who,FluNet live,"{""surveillance_origin"":""SENTINEL""}",https://xmart-api-public.who.int/FLUMART/VIW_FNT,2025-09-08,2025-09-14,2025,37,False,unobserved_week,,,,,,,unavailable,0,3,5,0,,,,unverified
PSE,877a128da6a13a050a0d,who,FluNet live,"{""surveillance_origin"":""SENTINEL""}",https://xmart-api-public.who.int/FLUMART/VIW_FNT,2025-09-15,2025-09-21,2025,38,False,unobserved_week,,,,,,,unavailable,0,3,5,0,,,,unverified
PSE,877a128da6a13a050a0d,who,FluNet live,"{""surveillance_origin"":""SENTINEL""}",https://xmart-api-public.who.int/FLUMART/VIW_FNT,2025-09-22,2025-09-28,2025,39,False,low_testing,1.0,38.0,,,,,unavailable,0,3,5,0,,True,2025-09-28,unverified
PSE,877a128da6a13a050a0d,who,FluNet live,"{""surveillance_origin"":""SENTINEL""}",https://xmart-api-public.who.int/FLUMART/VIW_FNT,2025-09-29,2025-10-05,2025,40,False,unobserved_week,,,,,,,unavailable,0,3,5,0,,,,unverified
PSE,877a128da6a13a050a0d,who,FluNet live,"{""surveillance_origin"":""SENTINEL""}",https://xmart-api-public.who.int/FLUMART/VIW_FNT,2025-10-06,2025-10-12,2025,41,False,low_testing,2.0,31.0,,,,,unavailable,0,3,5,0,,True,2025-10-12,unverified
PSE,877a128da6a13a050a0d,who,FluNet live,"{""surveillance_origin"":""SENTINEL""}",https://xmart-api-public.who.int/FLUMART/VIW_FNT,2025-10-13,2025-10-19,2025,42,False,unobserved_week,,,,,,,unavailable,0,3,5,0,,,,unverified
PSE,877a128da6a13a050a0d,who,FluNet live,"{""surveillance_origin"":""SENTINEL""}",https://xmart-api-public.who.int/FLUMART/VIW_FNT,2025-10-20,2025-10-26,2025,43,False,low_testing,4.0,37.0,,,,,unavailable,0,3,5,0,,True,2025-10-26,unverified
PSE,877a128da6a13a050a0d,who,FluNet live,"{""surveillance_origin"":""SENTINEL""}",https://xmart-api-public.who.int/FLUMART/VIW_FNT,2025-10-27,2025-11-02,2025,44,False,low_testing,3.0,32.0,,,,,unavailable,0,3,5,0,,True,2025-11-02,unverified
PSE,877a128da6a13a050a0d,who,FluNet live,"{""surveillance_origin"":""SENTINEL""}",https://xmart-api-public.who.int/FLUMART/VIW_FNT,2025-11-03,2025-11-09,2025,45,False,unobserved_week,,,,,,,unavailable,0,3,5,0,,,,unverified
PSE,877a128da6a13a050a0d,who,FluNet live,"{""surveillance_origin"":""SENTINEL""}",https://xmart-api-public.who.int/FLUMART/VIW_FNT,2025-11-10,2025-11-16,2025,46,False,unobserved_week,,,,,,,unavailable,0,3,5,0,,,,unverified
PSE,877a128da6a13a050a0d,who,FluNet live,"{""surveillance_origin"":""SENTINEL""}",https://xmart-api-public.who.int/FLUMART/VIW_FNT,2025-11-17,2025-11-23,2025,47,False,unobserved_week,,,,,,,unavailable,0,3,5,0,,,,unverified
PSE,877a128da6a13a050a0d,who,FluNet live,"{""surveillance_origin"":""SENTINEL""}",https://xmart-api-public.who.int/FLUMART/VIW_FNT,2025-11-24,2025-11-30,2025,48,False,unobserved_week,,,,,,,unavailable,1,3,5,4,855.0,,,unverified
PSE,877a128da6a13a050a0d,who,FluNet live,"{""surveillance_origin"":""SENTINEL""}",https://xmart-api-public.who.int/FLUMART/VIW_FNT,2025-12-01,2025-12-07,2025,49,False,unobserved_week,,,,,,,unavailable,1,3,5,5,1010.0,,,unverified
PSE,877a128da6a13a050a0d,who,FluNet live,"{""surveillance_origin"":""SENTINEL""}",https://xmart-api-public.who.int/FLUMART/VIW_FNT,2025-12-08,2025-12-14,2025,50,False,low_testing,6.0,38.0,,,,,unavailable,1,3,5,4,849.0,True,2025-12-14,unverified
PSE,877a128da6a13a050a0d,who,FluNet live,"{""surveillance_origin"":""SENTINEL""}",https://xmart-api-public.who.int/FLUMART/VIW_FNT,2025-12-15,2025-12-21,2025,51,False,low_testing,4.0,37.0,,,,,unavailable,0,3,5,0,,True,2025-12-21,unverified
PSE,877a128da6a13a050a0d,who,FluNet live,"{""surveillance_origin"":""SENTINEL""}",https://xmart-api-public.who.int/FLUMART/VIW_FNT,2025-12-22,2025-12-28,2025,52,False,low_testing,5.0,42.0,,,,,unavailable,0,3,5,0,,True,2025-12-28,unverified
PSE,877a128da6a13a050a0d,who,FluNet live,"{""surveillance_origin"":""SENTINEL""}",https://xmart-api-public.who.int/FLUMART/VIW_FNT,2025-12-29,2026-01-04,2026,1,False,unobserved_week,,,,,,,unavailable,0,3,5,0,,,,unverified
PSE,877a128da6a13a050a0d,who,FluNet live,"{""surveillance_origin"":""SENTINEL""}",https://xmart-api-public.who.int/FLUMART/VIW_FNT,2026-01-05,2026-01-11,2026,2,False,unobserved_week,,,,,,,unavailable,0,3,5,0,,,,unverified
PSE,877a128da6a13a050a0d,who,FluNet live,"{""surveillance_origin"":""SENTINEL""}",https://xmart-api-public.who.int/FLUMART/VIW_FNT,2026-01-12,2026-01-18,2026,3,False,unobserved_week,,,,,,,unavailable,0,3,5,0,,,,unverified
PSE,877a128da6a13a050a0d,who,FluNet live,"{""surveillance_origin"":""SENTINEL""}",https://xmart-api-public.who.int/FLUMART/VIW_FNT,2026-01-19,2026-01-25,2026,4,False,unobserved_week,,,,,,,unavailable,0,3,5,0,,,,unverified
PSE,877a128da6a13a050a0d,who,FluNet live,"{""surveillance_origin"":""SENTINEL""}",https://xmart-api-public.who.int/FLUMART/VIW_FNT,2026-01-26,2026-02-01,2026,5,False,unobserved_week,,,,,,,unavailable,0,3,5,0,,,,unverified
PSE,877a128da6a13a050a0d,who,FluNet live,"{""surveillance_origin"":""SENTINEL""}",https://xmart-api-public.who.int/FLUMART/VIW_FNT,2026-02-02,2026-02-08,2026,6,False,unobserved_week,,,,,,,unavailable,0,3,5,0,,,,unverified
PSE,877a128da6a13a050a0d,who,FluNet live,"{""surveillance_origin"":""SENTINEL""}",https://xmart-api-public.who.int/FLUMART/VIW_FNT,2026-02-09,2026-02-15,2026,7,False,unobserved_week,,,,,,,unavailable,0,3,5,0,,,,unverified
PSE,877a128da6a13a050a0d,who,FluNet live,"{""surveillance_origin"":""SENTINEL""}",https://xmart-api-public.who.int/FLUMART/VIW_FNT,2026-02-16,2026-02-22,2026,8,False,low_testing,1.0,47.0,,,,,unavailable,0,3,5,0,,True,2026-02-22,unverified
PSE,877a128da6a13a050a0d,who,FluNet live,"{""surveillance_origin"":""SENTINEL""}",https://xmart-api-public.who.int/FLUMART/VIW_FNT,2026-02-23,2026-03-01,2026,9,False,unobserved_week,,,,,,,unavailable,0,3,5,0,,,,unverified
PSE,877a128da6a13a050a0d,who,FluNet live,"{""surveillance_origin"":""SENTINEL""}",https://xmart-api-public.who.int/FLUMART/VIW_FNT,2026-03-02,2026-03-08,2026,10,False,unobserved_week,,,,,,,unavailable,0,3,5,0,,,,unverified
PSE,877a128da6a13a050a0d,who,FluNet live,"{""surveillance_origin"":""SENTINEL""}",https://xmart-api-public.who.int/FLUMART/VIW_FNT,2026-03-09,2026-03-15,2026,11,False,low_testing,1.0,68.0,,,,,unavailable,0,3,5,0,,True,2026-03-15,unverified
PSE,877a128da6a13a050a0d,who,FluNet live,"{""surveillance_origin"":""SENTINEL""}",https://xmart-api-public.who.int/FLUMART/VIW_FNT,2026-03-16,2026-03-22,2026,12,False,low_testing,1.0,26.0,,,,,unavailable,0,3,5,0,,True,2026-03-22,unverified
PSE,877a128da6a13a050a0d,who,FluNet live,"{""surveillance_origin"":""SENTINEL""}",https://xmart-api-public.who.int/FLUMART/VIW_FNT,2026-03-23,2026-03-29,2026,13,False,unobserved_week,,,,,,,unavailable,0,3,5,0,,,,unverified
PSE,877a128da6a13a050a0d,who,FluNet live,"{""surveillance_origin"":""SENTINEL""}",https://xmart-api-public.who.int/FLUMART/VIW_FNT,2026-03-30,2026-04-05,2026,14,False,unobserved_week,,,,,,,unavailable,0,3,5,0,,,,unverified
PSE,877a128da6a13a050a0d,who,FluNet live,"{""surveillance_origin"":""SENTINEL""}",https://xmart-api-public.who.int/FLUMART/VIW_FNT,2026-04-06,2026-04-12,2026,15,False,unobserved_week,,,,,,,unavailable,0,3,5,0,,,,unverified
PSE,877a128da6a13a050a0d,who,FluNet live,"{""surveillance_origin"":""SENTINEL""}",https://xmart-api-public.who.int/FLUMART/VIW_FNT,2026-04-13,2026-04-19,2026,16,False,unobserved_week,,,,,,,unavailable,0,3,5,0,,,,unverified
PSE,877a128da6a13a050a0d,who,FluNet live,"{""surveillance_origin"":""SENTINEL""}",https://xmart-api-public.who.int/FLUMART/VIW_FNT,2026-04-20,2026-04-26,2026,17,False,unobserved_week,,,,,,,unavailable,0,3,5,0,,,,unverified
PSE,877a128da6a13a050a0d,who,FluNet live,"{""surveillance_origin"":""SENTINEL""}",https://xmart-api-public.who.int/FLUMART/VIW_FNT,2026-04-27,2026-05-03,2026,18,False,unobserved_week,,,,,,,unavailable,0,3,5,0,,,,unverified
PSE,877a128da6a13a050a0d,who,FluNet live,"{""surveillance_origin"":""SENTINEL""}",https://xmart-api-public.who.int/FLUMART/VIW_FNT,2026-05-04,2026-05-10,2026,19,False,unobserved_week,,,,,,,unavailable,0,3,5,0,,,,unverified
PSE,877a128da6a13a050a0d,who,FluNet live,"{""surveillance_origin"":""SENTINEL""}",https://xmart-api-public.who.int/FLUMART/VIW_FNT,2026-05-11,2026-05-17,2026,20,False,unobserved_week,,,,,,,unavailable,0,3,5,0,,,,unverified
PSE,877a128da6a13a050a0d,who,FluNet live,"{""surveillance_origin"":""SENTINEL""}",https://xmart-api-public.who.int/FLUMART/VIW_FNT,2026-05-18,2026-05-24,2026,21,False,unobserved_week,,,,,,,unavailable,0,3,5,0,,,,unverified
PSE,877a128da6a13a050a0d,who,FluNet live,"{""surveillance_origin"":""SENTINEL""}",https://xmart-api-public.who.int/FLUMART/VIW_FNT,2026-05-25,2026-05-31,2026,22,False,unobserved_week,,,,,,,unavailable,0,3,5,0,,,,unverified
PSE,877a128da6a13a050a0d,who,FluNet live,"{""surveillance_origin"":""SENTINEL""}",https://xmart-api-public.who.int/FLUMART/VIW_FNT,2026-06-01,2026-06-07,2026,23,False,unobserved_week,,,,,,,unavailable,0,3,5,0,,,,unverified
PSE,877a128da6a13a050a0d,who,FluNet live,"{""surveillance_origin"":""SENTINEL""}",https://xmart-api-public.who.int/FLUMART/VIW_FNT,2026-06-08,2026-06-14,2026,24,False,unobserved_week,,,,,,,unavailable,0,3,5,0,,,,unverified
PSE,877a128da6a13a050a0d,who,FluNet live,"{""surveillance_origin"":""SENTINEL""}",https://xmart-api-public.who.int/FLUMART/VIW_FNT,2026-06-15,2026-06-21,2026,25,False,unobserved_week,,,,,,,unavailable,0,3,5,0,,,,unverified
PSE,877a128da6a13a050a0d,who,FluNet live,"{""surveillance_origin"":""SENTINEL""}",https://xmart-api-public.who.int/FLUMART/VIW_FNT,2026-06-22,2026-06-28,2026,26,False,unobserved_week,,,,,,,unavailable,0,3,5,0,,,,unverified
PSE,877a128da6a13a050a0d,who,FluNet live,"{""surveillance_origin"":""SENTINEL""}",https://xmart-api-public.who.int/FLUMART/VIW_FNT,2026-06-29,2026-07-05,2026,27,False,unobserved_week,,,,,,,unavailable,0,3,5,0,,,,unverified
PSE,877a128da6a13a050a0d,who,FluNet live,"{""surveillance_origin"":""SENTINEL""}",https://xmart-api-public.who.int/FLUMART/VIW_FNT,2026-07-06,2026-07-12,2026,28,False,unobserved_week,,,,,,,unavailable,0,3,5,0,,,,unverified
PSE,877a128da6a13a050a0d,who,FluNet live,"{""surveillance_origin"":""SENTINEL""}",https://xmart-api-public.who.int/FLUMART/VIW_FNT,2026-07-13,2026-07-19,2026,29,False,unobserved_week,,,,,,,unavailable,0,3,5,0,,,,unverified
PSE,877a128da6a13a050a0d,who,FluNet live,"{""surveillance_origin"":""SENTINEL""}",https://xmart-api-public.who.int/FLUMART/VIW_FNT,2026-07-20,2026-07-26,2026,30,False,unobserved_week,,,,,,,unavailable,0,3,5,0,,,,unverified
PSE,877a128da6a13a050a0d,who,FluNet live,"{""surveillance_origin"":""SENTINEL""}",https://xmart-api-public.who.int/FLUMART/VIW_FNT,2026-07-27,2026-08-02,2026,31,False,unobserved_week,,,,,,,unavailable,0,3,5,0,,,,unverified
PSE,877a128da6a13a050a0d,who,FluNet live,"{""surveillance_origin"":""SENTINEL""}",https://xmart-api-public.who.int/FLUMART/VIW_FNT,2026-08-03,2026-08-09,2026,32,False,unobserved_week,,,,,,,unavailable,0,3,5,0,,,,unverified
PSE,877a128da6a13a050a0d,who,FluNet live,"{""surveillance_origin"":""SENTINEL""}",https://xmart-api-public.who.int/FLUMART/VIW_FNT,2026-08-10,2026-08-16,2026,33,False,unobserved_week,,,,,,,unavailable,0,3,5,0,,,,unverified
PSE,877a128da6a13a050a0d,who,FluNet live,"{""surveillance_origin"":""SENTINEL""}",https://xmart-api-public.who.int/FLUMART/VIW_FNT,2026-08-17,2026-08-23,2026,34,True,unobserved_week,,,,,,,unavailable,0,3,5,0,,,,unverified
SDN,ed1c35a04b2f5b486d96,who,unavailable,"{""surveillance_origin"":""SENTINEL""}",,2025-08-25,2025-08-31,2025,35,False,unobserved_week,,,,,,,unavailable,0,3,5,0,,,,unverified
SDN,ed1c35a04b2f5b486d96,who,unavailable,"{""surveillance_origin"":""SENTINEL""}",,2025-09-01,2025-09-07,2025,36,False,unobserved_week,,,,,,,unavailable,0,3,5,0,,,,unverified
SDN,ed1c35a04b2f5b486d96,who,unavailable,"{""surveillance_origin"":""SENTINEL""}",,2025-09-08,2025-09-14,2025,37,False,unobserved_week,,,,,,,unavailable,0,3,5,0,,,,unverified
SDN,ed1c35a04b2f5b486d96,who,unavailable,"{""surveillance_origin"":""SENTINEL""}",,2025-09-15,2025-09-21,2025,38,False,unobserved_week,,,,,,,unavailable,0,3,5,0,,,,unverified
SDN,ed1c35a04b2f5b486d96,who,unavailable,"{""surveillance_origin"":""SENTINEL""}",,2025-09-22,2025-09-28,2025,39,False,unobserved_week,,,,,,,unavailable,0,3,5,0,,,,unverified
SDN,ed1c35a04b2f5b486d96,who,unavailable,"{""surveillance_origin"":""SENTINEL""}",,2025-09-29,2025-10-05,2025,40,False,unobserved_week,,,,,,,unavailable,0,3,5,0,,,,unverified
SDN,ed1c35a04b2f5b486d96,who,unavailable,"{""surveillance_origin"":""SENTINEL""}",,2025-10-06,2025-10-12,2025,41,False,unobserved_week,,,,,,,unavailable,0,3,5,0,,,,unverified
SDN,ed1c35a04b2f5b486d96,who,unavailable,"{""surveillance_origin"":""SENTINEL""}",,2025-10-13,2025-10-19,2025,42,False,unobserved_week,,,,,,,unavailable,0,3,5,0,,,,unverified
SDN,ed1c35a04b2f5b486d96,who,unavailable,"{""surveillance_origin"":""SENTINEL""}",,2025-10-20,2025-10-26,2025,43,False,unobserved_week,,,,,,,unavailable,0,3,5,0,,,,unverified
SDN,ed1c35a04b2f5b486d96,who,unavailable,"{""surveillance_origin"":""SENTINEL""}",,2025-10-27,2025-11-02,2025,44,False,unobserved_week,,,,,,,unavailable,0,3,5,0,,,,unverified
SDN,ed1c35a04b2f5b486d96,who,unavailable,"{""surveillance_origin"":""SENTINEL""}",,2025-11-03,2025-11-09,2025,45,False,unobserved_week,,,,,,,unavailable,0,3,5,0,,,,unverified
SDN,ed1c35a04b2f5b486d96,who,unavailable,"{""surveillance_origin"":""SENTINEL""}",,2025-11-10,2025-11-16,2025,46,False,unobserved_week,,,,,,,unavailable,0,3,5,0,,,,unverified
SDN,ed1c35a04b2f5b486d96,who,unavailable,"{""surveillance_origin"":""SENTINEL""}",,2025-11-17,2025-11-23,2025,47,False,unobserved_week,,,,,,,unavailable,0,3,5,0,,,,unverified
SDN,ed1c35a04b2f5b486d96,who,unavailable,"{""surveillance_origin"":""SENTINEL""}",,2025-11-24,2025-11-30,2025,48,False,unobserved_week,,,,,,,unavailable,0,3,5,0,,,,unverified
SDN,ed1c35a04b2f5b486d96,who,unavailable,"{""surveillance_origin"":""SENTINEL""}",,2025-12-01,2025-12-07,2025,49,False,unobserved_week,,,,,,,unavailable,0,3,5,0,,,,unverified
SDN,ed1c35a04b2f5b486d96,who,unavailable,"{""surveillance_origin"":""SENTINEL""}",,2025-12-08,2025-12-14,2025,50,False,unobserved_week,,,,,,,unavailable,0,3,5,0,,,,unverified
SDN,ed1c35a04b2f5b486d96,who,unavailable,"{""surveillance_origin"":""SENTINEL""}",,2025-12-15,2025-12-21,2025,51,False,unobserved_week,,,,,,,unavailable,0,3,5,0,,,,unverified
SDN,ed1c35a04b2f5b486d96,who,unavailable,"{""surveillance_origin"":""SENTINEL""}",,2025-12-22,2025-12-28,2025,52,False,unobserved_week,,,,,,,unavailable,0,3,5,0,,,,unverified
SDN,ed1c35a04b2f5b486d96,who,unavailable,"{""surveillance_origin"":""SENTINEL""}",,2025-12-29,2026-01-04,2026,1,False,unobserved_week,,,,,,,unavailable,0,3,5,0,,,,unverified
SDN,ed1c35a04b2f5b486d96,who,unavailable,"{""surveillance_origin"":""SENTINEL""}",,2026-01-05,2026-01-11,2026,2,False,unobserved_week,,,,,,,unavailable,0,3,5,0,,,,unverified
SDN,ed1c35a04b2f5b486d96,who,unavailable,"{""surveillance_origin"":""SENTINEL""}",,2026-01-12,2026-01-18,2026,3,False,unobserved_week,,,,,,,unavailable,0,3,5,0,,,,unverified
SDN,ed1c35a04b2f5b486d96,who,unavailable,"{""surveillance_origin"":""SENTINEL""}",,2026-01-19,2026-01-25,2026,4,False,unobserved_week,,,,,,,unavailable,0,3,5,0,,,,unverified
SDN,ed1c35a04b2f5b486d96,who,unavailable,"{""surveillance_origin"":""SENTINEL""}",,2026-01-26,2026-02-01,2026,5,False,unobserved_week,,,,,,,unavailable,0,3,5,0,,,,unverified
SDN,ed1c35a04b2f5b486d96,who,unavailable,"{""surveillance_origin"":""SENTINEL""}",,2026-02-02,2026-02-08,2026,6,False,unobserved_week,,,,,,,unavailable,0,3,5,0,,,,unverified
SDN,ed1c35a04b2f5b486d96,who,unavailable,"{""surveillance_origin"":""SENTINEL""}",,2026-02-09,2026-02-15,2026,7,False,unobserved_week,,,,,,,unavailable,0,3,5,0,,,,unverified
SDN,ed1c35a04b2f5b486d96,who,unavailable,"{""surveillance_origin"":""SENTINEL""}",,2026-02-16,2026-02-22,2026,8,False,unobserved_week,,,,,,,unavailable,0,3,5,0,,,,unverified
SDN,ed1c35a04b2f5b486d96,who,unavailable,"{""surveillance_origin"":""SENTINEL""}",,2026-02-23,2026-03-01,2026,9,False,unobserved_week,,,,,,,unavailable,0,3,5,0,,,,unverified
SDN,ed1c35a04b2f5b486d96,who,unavailable,"{""surveillance_origin"":""SENTINEL""}",,2026-03-02,2026-03-08,2026,10,False,unobserved_week,,,,,,,unavailable,0,3,5,0,,,,unverified
SDN,ed1c35a04b2f5b486d96,who,unavailable,"{""surveillance_origin"":""SENTINEL""}",,2026-03-09,2026-03-15,2026,11,False,unobserved_week,,,,,,,unavailable,0,3,5,0,,,,unverified
SDN,ed1c35a04b2f5b486d96,who,unavailable,"{""surveillance_origin"":""SENTINEL""}",,2026-03-16,2026-03-22,2026,12,False,unobserved_week,,,,,,,unavailable,0,3,5,0,,,,unverified
SDN,ed1c35a04b2f5b486d96,who,unavailable,"{""surveillance_origin"":""SENTINEL""}",,2026-03-23,2026-03-29,2026,13,False,unobserved_week,,,,,,,unavailable,0,3,5,0,,,,unverified
SDN,ed1c35a04b2f5b486d96,who,unavailable,"{""surveillance_origin"":""SENTINEL""}",,2026-03-30,2026-04-05,2026,14,False,unobserved_week,,,,,,,unavailable,0,3,5,0,,,,unverified
SDN,ed1c35a04b2f5b486d96,who,unavailable,"{""surveillance_origin"":""SENTINEL""}",,2026-04-06,2026-04-12,2026,15,False,unobserved_week,,,,,,,unavailable,0,3,5,0,,,,unverified
SDN,ed1c35a04b2f5b486d96,who,unavailable,"{""surveillance_origin"":""SENTINEL""}",,2026-04-13,2026-04-19,2026,16,False,unobserved_week,,,,,,,unavailable,0,3,5,0,,,,unverified
SDN,ed1c35a04b2f5b486d96,who,unavailable,"{""surveillance_origin"":""SENTINEL""}",,2026-04-20,2026-04-26,2026,17,False,unobserved_week,,,,,,,unavailable,0,3,5,0,,,,unverified
SDN,ed1c35a04b2f5b486d96,who,unavailable,"{""surveillance_origin"":""SENTINEL""}",,2026-04-27,2026-05-03,2026,18,False,unobserved_week,,,,,,,unavailable,0,3,5,0,,,,unverified
SDN,ed1c35a04b2f5b486d96,who,unavailable,"{""surveillance_origin"":""SENTINEL""}",,2026-05-04,2026-05-10,2026,19,False,unobserved_week,,,,,,,unavailable,0,3,5,0,,,,unverified
SDN,ed1c35a04b2f5b486d96,who,unavailable,"{""surveillance_origin"":""SENTINEL""}",,2026-05-11,2026-05-17,2026,20,False,unobserved_week,,,,,,,unavailable,0,3,5,0,,,,unverified
SDN,ed1c35a04b2f5b486d96,who,unavailable,"{""surveillance_origin"":""SENTINEL""}",,2026-05-18,2026-05-24,2026,21,False,unobserved_week,,,,,,,unavailable,0,3,5,0,,,,unverified
SDN,ed1c35a04b2f5b486d96,who,unavailable,"{""surveillance_origin"":""SENTINEL""}",,2026-05-25,2026-05-31,2026,22,False,unobserved_week,,,,,,,unavailable,0,3,5,0,,,,unverified
SDN,ed1c35a04b2f5b486d96,who,unavailable,"{""surveillance_origin"":""SENTINEL""}",,2026-06-01,2026-06-07,2026,23,False,unobserved_week,,,,,,,unavailable,0,3,5,0,,,,unverified
SDN,ed1c35a04b2f5b486d96,who,unavailable,"{""surveillance_origin"":""SENTINEL""}",,2026-06-08,2026-06-14,2026,24,False,unobserved_week,,,,,,,unavailable,0,3,5,0,,,,unverified
SDN,ed1c35a04b2f5b486d96,who,unavailable,"{""surveillance_origin"":""SENTINEL""}",,2026-06-15,2026-06-21,2026,25,False,unobserved_week,,,,,,,unavailable,0,3,5,0,,,,unverified
SDN,ed1c35a04b2f5b486d96,who,unavailable,"{""surveillance_origin"":""SENTINEL""}",,2026-06-22,2026-06-28,2026,26,False,unobserved_week,,,,,,,unavailable,0,3,5,0,,,,unverified
SDN,ed1c35a04b2f5b486d96,who,unavailable,"{""surveillance_origin"":""SENTINEL""}",,2026-06-29,2026-07-05,2026,27,False,unobserved_week,,,,,,,unavailable,0,3,5,0,,,,unverified
SDN,ed1c35a04b2f5b486d96,who,unavailable,"{""surveillance_origin"":""SENTINEL""}",,2026-07-06,2026-07-12,2026,28,False,unobserved_week,,,,,,,unavailable,0,3,5,0,,,,unverified
SDN,ed1c35a04b2f5b486d96,who,unavailable,"{""surveillance_origin"":""SENTINEL""}",,2026-07-13,2026-07-19,2026,29,False,unobserved_week,,,,,,,unavailable,0,3,5,0,,,,unverified
SDN,ed1c35a04b2f5b486d96,who,unavailable,"{""surveillance_origin"":""SENTINEL""}",,2026-07-20,2026-07-26,2026,30,False,unobserved_week,,,,,,,unavailable,0,3,5,0,,,,unverified
SDN,ed1c35a04b2f5b486d96,who,unavailable,"{""surveillance_origin"":""SENTINEL""}",,2026-07-27,2026-08-02,2026,31,False,unobserved_week,,,,,,,unavailable,0,3,5,0,,,,unverified
SDN,ed1c35a04b2f5b486d96,who,unavailable,"{""surveillance_origin"":""SENTINEL""}",,2026-08-03,2026-08-09,2026,32,False,unobserved_week,,,,,,,unavailable,0,3,5,0,,,,unverified
SDN,ed1c35a04b2f5b486d96,who,unavailable,"{""surveillance_origin"":""SENTINEL""}",,2026-08-10,2026-08-16,2026,33,False,unobserved_week,,,,,,,unavailable,0,3,5,0,,,,unverified
SDN,ed1c35a04b2f5b486d96,who,unavailable,"{""surveillance_origin"":""SENTINEL""}",,2026-08-17,2026-08-23,2026,34,True,unobserved_week,,,,,,,unavailable,0,3,5,0,,,,unverified
SOM,4a810eafe55810a912e3,who,FluNet live,"{""surveillance_origin"":""SENTINEL""}",https://xmart-api-public.who.int/FLUMART/VIW_FNT,2025-08-25,2025-08-31,2025,35,False,unobserved_week,,,,,,,unavailable,1,3,5,5,593.0,,,unverified
SOM,4a810eafe55810a912e3,who,FluNet live,"{""surveillance_origin"":""SENTINEL""}",https://xmart-api-public.who.int/FLUMART/VIW_FNT,2025-09-01,2025-09-07,2025,36,False,unobserved_week,,,,,,,unavailable,1,3,5,4,475.0,,,unverified
SOM,4a810eafe55810a912e3,who,FluNet live,"{""surveillance_origin"":""SENTINEL""}",https://xmart-api-public.who.int/FLUMART/VIW_FNT,2025-09-08,2025-09-14,2025,37,False,unobserved_week,,,,,,,unavailable,0,3,5,0,,,,unverified
SOM,4a810eafe55810a912e3,who,FluNet live,"{""surveillance_origin"":""SENTINEL""}",https://xmart-api-public.who.int/FLUMART/VIW_FNT,2025-09-15,2025-09-21,2025,38,False,unobserved_week,,,,,,,unavailable,0,3,5,0,,,,unverified
SOM,4a810eafe55810a912e3,who,FluNet live,"{""surveillance_origin"":""SENTINEL""}",https://xmart-api-public.who.int/FLUMART/VIW_FNT,2025-09-22,2025-09-28,2025,39,False,unobserved_week,,,,,,,unavailable,0,3,5,0,,,,unverified
SOM,4a810eafe55810a912e3,who,FluNet live,"{""surveillance_origin"":""SENTINEL""}",https://xmart-api-public.who.int/FLUMART/VIW_FNT,2025-09-29,2025-10-05,2025,40,False,unobserved_week,,,,,,,unavailable,0,3,5,0,,,,unverified
SOM,4a810eafe55810a912e3,who,FluNet live,"{""surveillance_origin"":""SENTINEL""}",https://xmart-api-public.who.int/FLUMART/VIW_FNT,2025-10-06,2025-10-12,2025,41,False,unobserved_week,,,,,,,unavailable,0,3,5,0,,,,unverified
SOM,4a810eafe55810a912e3,who,FluNet live,"{""surveillance_origin"":""SENTINEL""}",https://xmart-api-public.who.int/FLUMART/VIW_FNT,2025-10-13,2025-10-19,2025,42,False,low_testing,35.0,61.0,,,,,unavailable,0,3,5,0,,True,2025-10-19,unverified
SOM,4a810eafe55810a912e3,who,FluNet live,"{""surveillance_origin"":""SENTINEL""}",https://xmart-api-public.who.int/FLUMART/VIW_FNT,2025-10-20,2025-10-26,2025,43,False,low_testing,41.0,75.0,,,,,unavailable,0,3,5,0,,True,2025-10-26,unverified
SOM,4a810eafe55810a912e3,who,FluNet live,"{""surveillance_origin"":""SENTINEL""}",https://xmart-api-public.who.int/FLUMART/VIW_FNT,2025-10-27,2025-11-02,2025,44,False,low_testing,12.0,62.0,,,,,unavailable,0,3,5,0,,True,2025-11-02,unverified
SOM,4a810eafe55810a912e3,who,FluNet live,"{""surveillance_origin"":""SENTINEL""}",https://xmart-api-public.who.int/FLUMART/VIW_FNT,2025-11-03,2025-11-09,2025,45,False,low_testing,9.0,23.0,,,,,unavailable,0,3,5,0,,True,2025-11-09,unverified
SOM,4a810eafe55810a912e3,who,FluNet live,"{""surveillance_origin"":""SENTINEL""}",https://xmart-api-public.who.int/FLUMART/VIW_FNT,2025-11-10,2025-11-16,2025,46,False,low_testing,5.0,52.0,,,,,unavailable,0,3,5,0,,True,2025-11-16,unverified
SOM,4a810eafe55810a912e3,who,FluNet live,"{""surveillance_origin"":""SENTINEL""}",https://xmart-api-public.who.int/FLUMART/VIW_FNT,2025-11-17,2025-11-23,2025,47,False,low_testing,1.0,29.0,,,,,unavailable,0,3,5,0,,True,2025-11-23,unverified
SOM,4a810eafe55810a912e3,who,FluNet live,"{""surveillance_origin"":""SENTINEL""}",https://xmart-api-public.who.int/FLUMART/VIW_FNT,2025-11-24,2025-11-30,2025,48,False,low_testing,8.0,54.0,,,,,unavailable,0,3,5,0,,True,2025-11-30,unverified
SOM,4a810eafe55810a912e3,who,FluNet live,"{""surveillance_origin"":""SENTINEL""}",https://xmart-api-public.who.int/FLUMART/VIW_FNT,2025-12-01,2025-12-07,2025,49,False,low_testing,5.0,77.0,,,,,unavailable,0,3,5,0,,True,2025-12-07,unverified
SOM,4a810eafe55810a912e3,who,FluNet live,"{""surveillance_origin"":""SENTINEL""}",https://xmart-api-public.who.int/FLUMART/VIW_FNT,2025-12-08,2025-12-14,2025,50,False,low_testing,4.0,32.0,,,,,unavailable,0,3,5,0,,True,2025-12-14,unverified
SOM,4a810eafe55810a912e3,who,FluNet live,"{""surveillance_origin"":""SENTINEL""}",https://xmart-api-public.who.int/FLUMART/VIW_FNT,2025-12-15,2025-12-21,2025,51,False,low_testing,2.0,28.0,,,,,unavailable,0,3,5,0,,True,2025-12-21,unverified
SOM,4a810eafe55810a912e3,who,FluNet live,"{""surveillance_origin"":""SENTINEL""}",https://xmart-api-public.who.int/FLUMART/VIW_FNT,2025-12-22,2025-12-28,2025,52,False,low_testing,2.0,33.0,,,,,unavailable,0,3,5,0,,True,2025-12-28,unverified
SOM,4a810eafe55810a912e3,who,FluNet live,"{""surveillance_origin"":""SENTINEL""}",https://xmart-api-public.who.int/FLUMART/VIW_FNT,2025-12-29,2026-01-04,2026,1,False,unobserved_week,,,,,,,unavailable,0,3,5,0,,,,unverified
SOM,4a810eafe55810a912e3,who,FluNet live,"{""surveillance_origin"":""SENTINEL""}",https://xmart-api-public.who.int/FLUMART/VIW_FNT,2026-01-05,2026-01-11,2026,2,False,unobserved_week,,,,,,,unavailable,0,3,5,0,,,,unverified
SOM,4a810eafe55810a912e3,who,FluNet live,"{""surveillance_origin"":""SENTINEL""}",https://xmart-api-public.who.int/FLUMART/VIW_FNT,2026-01-12,2026-01-18,2026,3,False,unobserved_week,,,,,,,unavailable,0,3,5,0,,,,unverified
SOM,4a810eafe55810a912e3,who,FluNet live,"{""surveillance_origin"":""SENTINEL""}",https://xmart-api-public.who.int/FLUMART/VIW_FNT,2026-01-19,2026-01-25,2026,4,False,unobserved_week,,,,,,,unavailable,0,3,5,0,,,,unverified
SOM,4a810eafe55810a912e3,who,FluNet live,"{""surveillance_origin"":""SENTINEL""}",https://xmart-api-public.who.int/FLUMART/VIW_FNT,2026-01-26,2026-02-01,2026,5,False,unobserved_week,,,,,,,unavailable,0,3,5,0,,,,unverified
SOM,4a810eafe55810a912e3,who,FluNet live,"{""surveillance_origin"":""SENTINEL""}",https://xmart-api-public.who.int/FLUMART/VIW_FNT,2026-02-02,2026-02-08,2026,6,False,unobserved_week,,,,,,,unavailable,0,3,5,0,,,,unverified
SOM,4a810eafe55810a912e3,who,FluNet live,"{""surveillance_origin"":""SENTINEL""}",https://xmart-api-public.who.int/FLUMART/VIW_FNT,2026-02-09,2026-02-15,2026,7,False,unobserved_week,,,,,,,unavailable,0,3,5,0,,,,unverified
SOM,4a810eafe55810a912e3,who,FluNet live,"{""surveillance_origin"":""SENTINEL""}",https://xmart-api-public.who.int/FLUMART/VIW_FNT,2026-02-16,2026-02-22,2026,8,False,unobserved_week,,,,,,,unavailable,0,3,5,0,,,,unverified
SOM,4a810eafe55810a912e3,who,FluNet live,"{""surveillance_origin"":""SENTINEL""}",https://xmart-api-public.who.int/FLUMART/VIW_FNT,2026-02-23,2026-03-01,2026,9,False,unobserved_week,,,,,,,unavailable,0,3,5,0,,,,unverified
SOM,4a810eafe55810a912e3,who,FluNet live,"{""surveillance_origin"":""SENTINEL""}",https://xmart-api-public.who.int/FLUMART/VIW_FNT,2026-03-02,2026-03-08,2026,10,False,low_testing,2.0,21.0,,,,,unavailable,0,3,5,0,,True,2026-03-08,unverified
SOM,4a810eafe55810a912e3,who,FluNet live,"{""surveillance_origin"":""SENTINEL""}",https://xmart-api-public.who.int/FLUMART/VIW_FNT,2026-03-09,2026-03-15,2026,11,False,unobserved_week,,,,,,,unavailable,0,3,5,0,,,,unverified
SOM,4a810eafe55810a912e3,who,FluNet live,"{""surveillance_origin"":""SENTINEL""}",https://xmart-api-public.who.int/FLUMART/VIW_FNT,2026-03-16,2026-03-22,2026,12,False,unobserved_week,,,,,,,unavailable,0,3,5,0,,,,unverified
SOM,4a810eafe55810a912e3,who,FluNet live,"{""surveillance_origin"":""SENTINEL""}",https://xmart-api-public.who.int/FLUMART/VIW_FNT,2026-03-23,2026-03-29,2026,13,False,low_testing,4.0,20.0,,,,,unavailable,0,3,5,0,,True,2026-03-29,unverified
SOM,4a810eafe55810a912e3,who,FluNet live,"{""surveillance_origin"":""SENTINEL""}",https://xmart-api-public.who.int/FLUMART/VIW_FNT,2026-03-30,2026-04-05,2026,14,False,low_testing,11.0,61.0,,,,,unavailable,0,3,5,0,,True,2026-04-05,unverified
SOM,4a810eafe55810a912e3,who,FluNet live,"{""surveillance_origin"":""SENTINEL""}",https://xmart-api-public.who.int/FLUMART/VIW_FNT,2026-04-06,2026-04-12,2026,15,False,low_testing,5.0,34.0,,,,,unavailable,0,3,5,0,,True,2026-04-12,unverified
SOM,4a810eafe55810a912e3,who,FluNet live,"{""surveillance_origin"":""SENTINEL""}",https://xmart-api-public.who.int/FLUMART/VIW_FNT,2026-04-13,2026-04-19,2026,16,False,unobserved_week,,,,,,,unavailable,0,3,5,0,,,,unverified
SOM,4a810eafe55810a912e3,who,FluNet live,"{""surveillance_origin"":""SENTINEL""}",https://xmart-api-public.who.int/FLUMART/VIW_FNT,2026-04-20,2026-04-26,2026,17,False,low_testing,5.0,28.0,,,,,unavailable,0,3,5,0,,True,2026-04-26,unverified
SOM,4a810eafe55810a912e3,who,FluNet live,"{""surveillance_origin"":""SENTINEL""}",https://xmart-api-public.who.int/FLUMART/VIW_FNT,2026-04-27,2026-05-03,2026,18,False,low_testing,2.0,20.0,,,,,unavailable,1,3,5,4,564.0,True,2026-05-03,unverified
SOM,4a810eafe55810a912e3,who,FluNet live,"{""surveillance_origin"":""SENTINEL""}",https://xmart-api-public.who.int/FLUMART/VIW_FNT,2026-05-04,2026-05-10,2026,19,False,unobserved_week,,,,,,,unavailable,0,3,5,0,,,,unverified
SOM,4a810eafe55810a912e3,who,FluNet live,"{""surveillance_origin"":""SENTINEL""}",https://xmart-api-public.who.int/FLUMART/VIW_FNT,2026-05-11,2026-05-17,2026,20,False,unobserved_week,,,,,,,unavailable,0,3,5,0,,,,unverified
SOM,4a810eafe55810a912e3,who,FluNet live,"{""surveillance_origin"":""SENTINEL""}",https://xmart-api-public.who.int/FLUMART/VIW_FNT,2026-05-18,2026-05-24,2026,21,False,unobserved_week,,,,,,,unavailable,0,3,5,0,,,,unverified
SOM,4a810eafe55810a912e3,who,FluNet live,"{""surveillance_origin"":""SENTINEL""}",https://xmart-api-public.who.int/FLUMART/VIW_FNT,2026-05-25,2026-05-31,2026,22,False,low_testing,2.0,26.0,,,,,unavailable,0,3,5,0,,True,2026-05-31,unverified
SOM,4a810eafe55810a912e3,who,FluNet live,"{""surveillance_origin"":""SENTINEL""}",https://xmart-api-public.who.int/FLUMART/VIW_FNT,2026-06-01,2026-06-07,2026,23,False,low_testing,1.0,22.0,,,,,unavailable,0,3,5,0,,True,2026-06-07,unverified
SOM,4a810eafe55810a912e3,who,FluNet live,"{""surveillance_origin"":""SENTINEL""}",https://xmart-api-public.who.int/FLUMART/VIW_FNT,2026-06-08,2026-06-14,2026,24,False,low_testing,13.0,54.0,,,,,unavailable,0,3,5,0,,True,2026-06-14,unverified
SOM,4a810eafe55810a912e3,who,FluNet live,"{""surveillance_origin"":""SENTINEL""}",https://xmart-api-public.who.int/FLUMART/VIW_FNT,2026-06-15,2026-06-21,2026,25,False,unobserved_week,,,,,,,unavailable,0,3,5,0,,,,unverified
SOM,4a810eafe55810a912e3,who,FluNet live,"{""surveillance_origin"":""SENTINEL""}",https://xmart-api-public.who.int/FLUMART/VIW_FNT,2026-06-22,2026-06-28,2026,26,False,unobserved_week,,,,,,,unavailable,0,3,5,0,,,,unverified
SOM,4a810eafe55810a912e3,who,FluNet live,"{""surveillance_origin"":""SENTINEL""}",https://xmart-api-public.who.int/FLUMART/VIW_FNT,2026-06-29,2026-07-05,2026,27,False,low_testing,3.0,60.0,,,,,unavailable,0,3,5,0,,True,2026-07-05,unverified
SOM,4a810eafe55810a912e3,who,FluNet live,"{""surveillance_origin"":""SENTINEL""}",https://xmart-api-public.who.int/FLUMART/VIW_FNT,2026-07-06,2026-07-12,2026,28,False,low_testing,4.0,33.0,,,,,unavailable,0,3,5,0,,True,2026-07-12,unverified
SOM,4a810eafe55810a912e3,who,FluNet live,"{""surveillance_origin"":""SENTINEL""}",https://xmart-api-public.who.int/FLUMART/VIW_FNT,2026-07-13,2026-07-19,2026,29,False,low_testing,6.0,26.0,,,,,unavailable,0,3,5,0,,True,2026-07-19,unverified
SOM,4a810eafe55810a912e3,who,FluNet live,"{""surveillance_origin"":""SENTINEL""}",https://xmart-api-public.who.int/FLUMART/VIW_FNT,2026-07-20,2026-07-26,2026,30,False,unobserved_week,,,,,,,unavailable,0,3,5,0,,,,unverified
SOM,4a810eafe55810a912e3,who,FluNet live,"{""surveillance_origin"":""SENTINEL""}",https://xmart-api-public.who.int/FLUMART/VIW_FNT,2026-07-27,2026-08-02,2026,31,False,unobserved_week,,,,,,,unavailable,0,3,5,0,,,,unverified
SOM,4a810eafe55810a912e3,who,FluNet live,"{""surveillance_origin"":""SENTINEL""}",https://xmart-api-public.who.int/FLUMART/VIW_FNT,2026-08-03,2026-08-09,2026,32,False,unobserved_week,,,,,,,unavailable,0,3,5,0,,,,unverified
SOM,4a810eafe55810a912e3,who,FluNet live,"{""surveillance_origin"":""SENTINEL""}",https://xmart-api-public.who.int/FLUMART/VIW_FNT,2026-08-10,2026-08-16,2026,33,False,unobserved_week,,,,,,,unavailable,0,3,5,0,,,,unverified
SOM,4a810eafe55810a912e3,who,FluNet live,"{""surveillance_origin"":""SENTINEL""}",https://xmart-api-public.who.int/FLUMART/VIW_FNT,2026-08-17,2026-08-23,2026,34,True,unobserved_week,,,,,,,unavailable,1,3,5,4,485.0,,,unverified
UKR,f2db5a970558fea2477e,who,FluNet live,"{""surveillance_origin"":""SENTINEL""}",https://xmart-api-public.who.int/FLUMART/VIW_FNT,2025-08-25,2025-08-31,2025,35,False,low_testing,0.0,85.0,,,,,unavailable,0,3,5,0,,True,2025-08-31,unverified
UKR,f2db5a970558fea2477e,who,FluNet live,"{""surveillance_origin"":""SENTINEL""}",https://xmart-api-public.who.int/FLUMART/VIW_FNT,2025-09-01,2025-09-07,2025,36,False,insufficient_baseline,0.0,104.0,0.0,,,,unavailable,0,3,5,0,,True,2025-09-07,unverified
UKR,f2db5a970558fea2477e,who,FluNet live,"{""surveillance_origin"":""SENTINEL""}",https://xmart-api-public.who.int/FLUMART/VIW_FNT,2025-09-08,2025-09-14,2025,37,False,low_testing,0.0,95.0,,,,,unavailable,0,3,5,0,,True,2025-09-14,unverified
UKR,f2db5a970558fea2477e,who,FluNet live,"{""surveillance_origin"":""SENTINEL""}",https://xmart-api-public.who.int/FLUMART/VIW_FNT,2025-09-15,2025-09-21,2025,38,False,low_testing,0.0,96.0,,,,,unavailable,0,3,5,0,,True,2025-09-21,unverified
UKR,f2db5a970558fea2477e,who,FluNet live,"{""surveillance_origin"":""SENTINEL""}",https://xmart-api-public.who.int/FLUMART/VIW_FNT,2025-09-22,2025-09-28,2025,39,False,insufficient_baseline,0.0,100.0,0.0,,,,unavailable,0,3,5,0,,True,2025-09-28,unverified
UKR,f2db5a970558fea2477e,who,FluNet live,"{""surveillance_origin"":""SENTINEL""}",https://xmart-api-public.who.int/FLUMART/VIW_FNT,2025-09-29,2025-10-05,2025,40,False,unobserved_week,,,,,,,unavailable,0,3,5,0,,,,unverified
UKR,f2db5a970558fea2477e,who,FluNet live,"{""surveillance_origin"":""SENTINEL""}",https://xmart-api-public.who.int/FLUMART/VIW_FNT,2025-10-06,2025-10-12,2025,41,False,low_testing,0.0,87.0,,,,,unavailable,0,3,5,0,,True,2025-10-12,unverified
UKR,f2db5a970558fea2477e,who,FluNet live,"{""surveillance_origin"":""SENTINEL""}",https://xmart-api-public.who.int/FLUMART/VIW_FNT,2025-10-13,2025-10-19,2025,42,False,low_testing,0.0,95.0,,,,,unavailable,0,3,5,0,,True,2025-10-19,unverified
UKR,f2db5a970558fea2477e,who,FluNet live,"{""surveillance_origin"":""SENTINEL""}",https://xmart-api-public.who.int/FLUMART/VIW_FNT,2025-10-20,2025-10-26,2025,43,False,low_testing,1.0,94.0,,,,,unavailable,0,3,5,0,,True,2025-10-26,unverified
UKR,f2db5a970558fea2477e,who,FluNet live,"{""surveillance_origin"":""SENTINEL""}",https://xmart-api-public.who.int/FLUMART/VIW_FNT,2025-10-27,2025-11-02,2025,44,False,insufficient_baseline,1.0,109.0,0.009174311926605505,,,,unavailable,0,3,5,0,,True,2025-11-02,unverified
UKR,f2db5a970558fea2477e,who,FluNet live,"{""surveillance_origin"":""SENTINEL""}",https://xmart-api-public.who.int/FLUMART/VIW_FNT,2025-11-03,2025-11-09,2025,45,False,insufficient_baseline,0.0,113.0,0.0,,,,unavailable,0,3,5,0,,True,2025-11-09,unverified
UKR,f2db5a970558fea2477e,who,FluNet live,"{""surveillance_origin"":""SENTINEL""}",https://xmart-api-public.who.int/FLUMART/VIW_FNT,2025-11-10,2025-11-16,2025,46,False,low_testing,0.0,90.0,,,,,unavailable,1,3,5,4,557.0,True,2025-11-16,unverified
UKR,f2db5a970558fea2477e,who,FluNet live,"{""surveillance_origin"":""SENTINEL""}",https://xmart-api-public.who.int/FLUMART/VIW_FNT,2025-11-17,2025-11-23,2025,47,False,insufficient_baseline,3.0,118.0,0.025423728813559324,,,,unavailable,2,3,5,9,1172.0,True,2025-11-23,unverified
UKR,f2db5a970558fea2477e,who,FluNet live,"{""surveillance_origin"":""SENTINEL""}",https://xmart-api-public.who.int/FLUMART/VIW_FNT,2025-11-24,2025-11-30,2025,48,False,insufficient_baseline,8.0,107.0,0.07476635514018691,,,,unavailable,2,3,5,9,1196.0,True,2025-11-30,unverified
UKR,f2db5a970558fea2477e,who,FluNet live,"{""surveillance_origin"":""SENTINEL""}",https://xmart-api-public.who.int/FLUMART/VIW_FNT,2025-12-01,2025-12-07,2025,49,False,insufficient_baseline,6.0,103.0,0.05825242718446602,,,,unavailable,2,3,5,10,1397.0,True,2025-12-07,unverified
UKR,f2db5a970558fea2477e,who,FluNet live,"{""surveillance_origin"":""SENTINEL""}",https://xmart-api-public.who.int/FLUMART/VIW_FNT,2025-12-08,2025-12-14,2025,50,False,insufficient_baseline,24.0,122.0,0.19672131147540983,,,,unavailable,2,3,5,10,1413.0,True,2025-12-14,unverified
UKR,f2db5a970558fea2477e,who,FluNet live,"{""surveillance_origin"":""SENTINEL""}",https://xmart-api-public.who.int/FLUMART/VIW_FNT,2025-12-15,2025-12-21,2025,51,False,insufficient_baseline,23.0,126.0,0.18253968253968253,,,,unavailable,2,3,5,10,1437.0,True,2025-12-21,unverified
UKR,f2db5a970558fea2477e,who,FluNet live,"{""surveillance_origin"":""SENTINEL""}",https://xmart-api-public.who.int/FLUMART/VIW_FNT,2025-12-22,2025-12-28,2025,52,False,insufficient_baseline,27.0,125.0,0.216,,,,unavailable,2,3,5,10,1478.0,True,2025-12-28,unverified
UKR,f2db5a970558fea2477e,who,FluNet live,"{""surveillance_origin"":""SENTINEL""}",https://xmart-api-public.who.int/FLUMART/VIW_FNT,2025-12-29,2026-01-04,2026,1,False,insufficient_baseline,45.0,119.0,0.37815126050420167,,,,unavailable,2,3,5,10,1547.0,True,2026-01-04,unverified
UKR,f2db5a970558fea2477e,who,FluNet live,"{""surveillance_origin"":""SENTINEL""}",https://xmart-api-public.who.int/FLUMART/VIW_FNT,2026-01-05,2026-01-11,2026,2,False,insufficient_baseline,70.0,147.0,0.47619047619047616,,,,unavailable,2,3,5,10,1562.0,True,2026-01-11,unverified
UKR,f2db5a970558fea2477e,who,FluNet live,"{""surveillance_origin"":""SENTINEL""}",https://xmart-api-public.who.int/FLUMART/VIW_FNT,2026-01-12,2026-01-18,2026,3,False,available,43.0,144.0,0.2986111111111111,0.3094408839779006,-1.0829772866789489,0.965002126649939,available,4,3,5,18,2774.0,True,2026-01-18,unverified
UKR,f2db5a970558fea2477e,who,FluNet live,"{""surveillance_origin"":""SENTINEL""}",https://xmart-api-public.who.int/FLUMART/VIW_FNT,2026-01-19,2026-01-25,2026,4,False,available,78.0,149.0,0.5234899328859061,0.3290530052840158,19.443692760189023,1.5908985010912322,available,4,3,5,19,3028.0,True,2026-01-25,unverified
UKR,f2db5a970558fea2477e,who,FluNet live,"{""surveillance_origin"":""SENTINEL""}",https://xmart-api-public.who.int/FLUMART/VIW_FNT,2026-01-26,2026-02-01,2026,5,False,available,103.0,175.0,0.5885714285714285,0.3701492537313433,21.842217484008525,1.5900921658986173,available,3,3,5,15,2646.0,True,2026-02-01,unverified
UKR,f2db5a970558fea2477e,who,FluNet live,"{""surveillance_origin"":""SENTINEL""}",https://xmart-api-public.who.int/FLUMART/VIW_FNT,2026-02-02,2026-02-08,2026,6,False,available,83.0,154.0,0.538961038961039,0.36976506639427986,16.91959725667591,1.4575769534333072,available,3,3,5,15,2665.0,True,2026-02-08,unverified
UKR,f2db5a970558fea2477e,who,FluNet live,"{""surveillance_origin"":""SENTINEL""}",https://xmart-api-public.who.int/FLUMART/VIW_FNT,2026-02-09,2026-02-15,2026,7,False,available,86.0,157.0,0.5477707006369427,0.3684782608695652,17.929243976737748,1.4865753527610244,available,3,3,5,15,2657.0,True,2026-02-15,unverified
UKR,f2db5a970558fea2477e,who,FluNet live,"{""surveillance_origin"":""SENTINEL""}",https://xmart-api-public.who.int/FLUMART/VIW_FNT,2026-02-16,2026-02-22,2026,8,False,available,60.0,145.0,0.41379310344827586,0.3315436241610738,8.224947928720205,1.2480804132346783,available,3,3,5,15,2547.0,True,2026-02-22,unverified
UKR,f2db5a970558fea2477e,who,FluNet live,"{""surveillance_origin"":""SENTINEL""}",https://xmart-api-public.who.int/FLUMART/VIW_FNT,2026-02-23,2026-03-01,2026,9,False,available,45.0,163.0,0.27607361963190186,0.2959459459459459,-1.9872326314044064,0.9328515001260611,available,3,3,5,15,2481.0,True,2026-03-01,unverified
UKR,f2db5a970558fea2477e,who,FluNet live,"{""surveillance_origin"":""SENTINEL""}",https://xmart-api-public.who.int/FLUMART/VIW_FNT,2026-03-02,2026-03-08,2026,10,False,available,40.0,135.0,0.2962962962962963,0.25137362637362637,4.492266992266991,1.178708763408217,available,3,3,5,15,2388.0,True,2026-03-08,unverified
UKR,f2db5a970558fea2477e,who,FluNet live,"{""surveillance_origin"":""SENTINEL""}",https://xmart-api-public.who.int/FLUMART/VIW_FNT,2026-03-09,2026-03-15,2026,11,False,available,38.0,129.0,0.29457364341085274,0.22334293948126802,7.123070392958472,1.3189297324331084,available,3,3,5,15,2254.0,True,2026-03-15,unverified
UKR,f2db5a970558fea2477e,who,FluNet live,"{""surveillance_origin"":""SENTINEL""}",https://xmart-api-public.who.int/FLUMART/VIW_FNT,2026-03-16,2026-03-22,2026,12,False,available,25.0,148.0,0.16891891891891891,0.1956521739130435,-2.6733254994124573,0.8633633633633633,available,3,3,5,15,2145.0,True,2026-03-22,unverified
UKR,f2db5a970558fea2477e,who,FluNet live,"{""surveillance_origin"":""SENTINEL""}",https://xmart-api-public.who.int/FLUMART/VIW_FNT,2026-03-23,2026-03-29,2026,13,False,available,19.0,139.0,0.1366906474820144,0.20315581854043394,-6.646517105841953,0.6728364880910805,available,3,3,5,14,1926.0,True,2026-03-29,unverified
UKR,f2db5a970558fea2477e,who,FluNet live,"{""surveillance_origin"":""SENTINEL""}",https://xmart-api-public.who.int/FLUMART/VIW_FNT,2026-03-30,2026-04-05,2026,14,False,insufficient_baseline,26.0,156.0,0.16666666666666666,,,,unavailable,2,3,5,10,1345.0,True,2026-04-05,unverified
UKR,f2db5a970558fea2477e,who,FluNet live,"{""surveillance_origin"":""SENTINEL""}",https://xmart-api-public.who.int/FLUMART/VIW_FNT,2026-04-06,2026-04-12,2026,15,False,insufficient_baseline,10.0,156.0,0.0641025641025641,,,,unavailable,2,3,5,10,1265.0,True,2026-04-12,unverified
UKR,f2db5a970558fea2477e,who,FluNet live,"{""surveillance_origin"":""SENTINEL""}",https://xmart-api-public.who.int/FLUMART/VIW_FNT,2026-04-13,2026-04-19,2026,16,False,insufficient_baseline,1.0,124.0,0.008064516129032258,,,,unavailable,2,3,5,10,1231.0,True,2026-04-19,unverified
UKR,f2db5a970558fea2477e,who,FluNet live,"{""surveillance_origin"":""SENTINEL""}",https://xmart-api-public.who.int/FLUMART/VIW_FNT,2026-04-20,2026-04-26,2026,17,False,insufficient_baseline,5.0,132.0,0.03787878787878788,,,,unavailable,2,3,5,9,1094.0,True,2026-04-26,unverified
UKR,f2db5a970558fea2477e,who,FluNet live,"{""surveillance_origin"":""SENTINEL""}",https://xmart-api-public.who.int/FLUMART/VIW_FNT,2026-04-27,2026-05-03,2026,18,False,insufficient_baseline,5.0,136.0,0.03676470588235294,,,,unavailable,1,3,5,4,470.0,True,2026-05-03,unverified
UKR,f2db5a970558fea2477e,who,FluNet live,"{""surveillance_origin"":""SENTINEL""}",https://xmart-api-public.who.int/FLUMART/VIW_FNT,2026-05-04,2026-05-10,2026,19,False,insufficient_baseline,2.0,126.0,0.015873015873015872,,,,unavailable,1,3,5,4,453.0,True,2026-05-10,unverified
UKR,f2db5a970558fea2477e,who,FluNet live,"{""surveillance_origin"":""SENTINEL""}",https://xmart-api-public.who.int/FLUMART/VIW_FNT,2026-05-11,2026-05-17,2026,20,False,unobserved_week,,,,,,,unavailable,1,3,5,4,441.0,,,unverified
UKR,f2db5a970558fea2477e,who,FluNet live,"{""surveillance_origin"":""SENTINEL""}",https://xmart-api-public.who.int/FLUMART/VIW_FNT,2026-05-18,2026-05-24,2026,21,False,low_testing,0.0,69.0,,,,,unavailable,0,3,5,0,,True,2026-05-24,unverified
UKR,f2db5a970558fea2477e,who,FluNet live,"{""surveillance_origin"":""SENTINEL""}",https://xmart-api-public.who.int/FLUMART/VIW_FNT,2026-05-25,2026-05-31,2026,22,False,low_testing,1.0,67.0,,,,,unavailable,0,3,5,0,,True,2026-05-31,unverified
UKR,f2db5a970558fea2477e,who,FluNet live,"{""surveillance_origin"":""SENTINEL""}",https://xmart-api-public.who.int/FLUMART/VIW_FNT,2026-06-01,2026-06-07,2026,23,False,low_testing,0.0,51.0,,,,,unavailable,0,3,5,0,,True,2026-06-07,unverified
UKR,f2db5a970558fea2477e,who,FluNet live,"{""surveillance_origin"":""SENTINEL""}",https://xmart-api-public.who.int/FLUMART/VIW_FNT,2026-06-08,2026-06-14,2026,24,False,low_testing,0.0,49.0,,,,,unavailable,0,3,5,0,,True,2026-06-14,unverified
UKR,f2db5a970558fea2477e,who,FluNet live,"{""surveillance_origin"":""SENTINEL""}",https://xmart-api-public.who.int/FLUMART/VIW_FNT,2026-06-15,2026-06-21,2026,25,False,low_testing,0.0,37.0,,,,,unavailable,0,3,5,0,,True,2026-06-21,unverified
UKR,f2db5a970558fea2477e,who,FluNet live,"{""surveillance_origin"":""SENTINEL""}",https://xmart-api-public.who.int/FLUMART/VIW_FNT,2026-06-22,2026-06-28,2026,26,False,low_testing,0.0,49.0,,,,,unavailable,0,3,5,0,,True,2026-06-28,unverified
UKR,f2db5a970558fea2477e,who,FluNet live,"{""surveillance_origin"":""SENTINEL""}",https://xmart-api-public.who.int/FLUMART/VIW_FNT,2026-06-29,2026-07-05,2026,27,False,low_testing,0.0,51.0,,,,,unavailable,0,3,5,0,,True,2026-07-05,unverified
UKR,f2db5a970558fea2477e,who,FluNet live,"{""surveillance_origin"":""SENTINEL""}",https://xmart-api-public.who.int/FLUMART/VIW_FNT,2026-07-06,2026-07-12,2026,28,False,low_testing,0.0,33.0,,,,,unavailable,0,3,5,0,,True,2026-07-12,unverified
UKR,f2db5a970558fea2477e,who,FluNet live,"{""surveillance_origin"":""SENTINEL""}",https://xmart-api-public.who.int/FLUMART/VIW_FNT,2026-07-13,2026-07-19,2026,29,False,low_testing,0.0,33.0,,,,,unavailable,0,3,5,0,,True,2026-07-19,unverified
UKR,f2db5a970558fea2477e,who,FluNet live,"{""surveillance_origin"":""SENTINEL""}",https://xmart-api-public.who.int/FLUMART/VIW_FNT,2026-07-20,2026-07-26,2026,30,False,low_testing,0.0,28.0,,,,,unavailable,0,3,5,0,,True,2026-07-26,unverified
UKR,f2db5a970558fea2477e,who,FluNet live,"{""surveillance_origin"":""SENTINEL""}",https://xmart-api-public.who.int/FLUMART/VIW_FNT,2026-07-27,2026-08-02,2026,31,False,low_testing,0.0,44.0,,,,,unavailable,0,3,5,0,,True,2026-08-02,unverified
UKR,f2db5a970558fea2477e,who,FluNet live,"{""surveillance_origin"":""SENTINEL""}",https://xmart-api-public.who.int/FLUMART/VIW_FNT,2026-08-03,2026-08-09,2026,32,False,low_testing,0.0,25.0,,,,,unavailable,0,3,5,0,,True,2026-08-09,unverified
UKR,f2db5a970558fea2477e,who,FluNet live,"{""surveillance_origin"":""SENTINEL""}",https://xmart-api-public.who.int/FLUMART/VIW_FNT,2026-08-10,2026-08-16,2026,33,False,low_testing,0.0,28.0,,,,,unavailable,0,3,5,0,,True,2026-08-16,unverified
UKR,f2db5a970558fea2477e,who,FluNet live,"{""surveillance_origin"":""SENTINEL""}",https://xmart-api-public.who.int/FLUMART/VIW_FNT,2026-08-17,2026-08-23,2026,34,True,low_testing,0.0,30.0,,,,,unavailable,0,3,5,0,,True,2026-08-23,unverified
YEM,96269d5ec187fe58577b,who,FluNet live,"{""surveillance_origin"":""SENTINEL""}",https://xmart-api-public.who.int/FLUMART/VIW_FNT,2025-08-25,2025-08-31,2025,35,False,unobserved_week,,,,,,,unavailable,0,3,5,0,,,,unverified
YEM,96269d5ec187fe58577b,who,FluNet live,"{""surveillance_origin"":""SENTINEL""}",https://xmart-api-public.who.int/FLUMART/VIW_FNT,2025-09-01,2025-09-07,2025,36,False,low_testing,8.0,93.0,,,,,unavailable,0,3,5,0,,True,2025-09-07,unverified
YEM,96269d5ec187fe58577b,who,FluNet live,"{""surveillance_origin"":""SENTINEL""}",https://xmart-api-public.who.int/FLUMART/VIW_FNT,2025-09-08,2025-09-14,2025,37,False,unobserved_week,,,,,,,unavailable,0,3,5,0,,,,unverified
YEM,96269d5ec187fe58577b,who,FluNet live,"{""surveillance_origin"":""SENTINEL""}",https://xmart-api-public.who.int/FLUMART/VIW_FNT,2025-09-15,2025-09-21,2025,38,False,unobserved_week,,,,,,,unavailable,0,3,5,0,,,,unverified
YEM,96269d5ec187fe58577b,who,FluNet live,"{""surveillance_origin"":""SENTINEL""}",https://xmart-api-public.who.int/FLUMART/VIW_FNT,2025-09-22,2025-09-28,2025,39,False,low_testing,2.0,28.0,,,,,unavailable,0,3,5,0,,True,2025-09-28,unverified
YEM,96269d5ec187fe58577b,who,FluNet live,"{""surveillance_origin"":""SENTINEL""}",https://xmart-api-public.who.int/FLUMART/VIW_FNT,2025-09-29,2025-10-05,2025,40,False,unobserved_week,,,,,,,unavailable,0,3,5,0,,,,unverified
YEM,96269d5ec187fe58577b,who,FluNet live,"{""surveillance_origin"":""SENTINEL""}",https://xmart-api-public.who.int/FLUMART/VIW_FNT,2025-10-06,2025-10-12,2025,41,False,unobserved_week,,,,,,,unavailable,0,3,5,0,,,,unverified
YEM,96269d5ec187fe58577b,who,FluNet live,"{""surveillance_origin"":""SENTINEL""}",https://xmart-api-public.who.int/FLUMART/VIW_FNT,2025-10-13,2025-10-19,2025,42,False,unobserved_week,,,,,,,unavailable,0,3,5,0,,,,unverified
YEM,96269d5ec187fe58577b,who,FluNet live,"{""surveillance_origin"":""SENTINEL""}",https://xmart-api-public.who.int/FLUMART/VIW_FNT,2025-10-20,2025-10-26,2025,43,False,low_testing,3.0,32.0,,,,,unavailable,0,3,5,0,,True,2025-10-26,unverified
YEM,96269d5ec187fe58577b,who,FluNet live,"{""surveillance_origin"":""SENTINEL""}",https://xmart-api-public.who.int/FLUMART/VIW_FNT,2025-10-27,2025-11-02,2025,44,False,low_testing,3.0,62.0,,,,,unavailable,0,3,5,0,,True,2025-11-02,unverified
YEM,96269d5ec187fe58577b,who,FluNet live,"{""surveillance_origin"":""SENTINEL""}",https://xmart-api-public.who.int/FLUMART/VIW_FNT,2025-11-03,2025-11-09,2025,45,False,low_testing,2.0,84.0,,,,,unavailable,0,3,5,0,,True,2025-11-09,unverified
YEM,96269d5ec187fe58577b,who,FluNet live,"{""surveillance_origin"":""SENTINEL""}",https://xmart-api-public.who.int/FLUMART/VIW_FNT,2025-11-10,2025-11-16,2025,46,False,unobserved_week,,,,,,,unavailable,0,3,5,0,,,,unverified
YEM,96269d5ec187fe58577b,who,FluNet live,"{""surveillance_origin"":""SENTINEL""}",https://xmart-api-public.who.int/FLUMART/VIW_FNT,2025-11-17,2025-11-23,2025,47,False,unobserved_week,,,,,,,unavailable,0,3,5,0,,,,unverified
YEM,96269d5ec187fe58577b,who,FluNet live,"{""surveillance_origin"":""SENTINEL""}",https://xmart-api-public.who.int/FLUMART/VIW_FNT,2025-11-24,2025-11-30,2025,48,False,low_testing,3.0,33.0,,,,,unavailable,0,3,5,0,,True,2025-11-30,unverified
YEM,96269d5ec187fe58577b,who,FluNet live,"{""surveillance_origin"":""SENTINEL""}",https://xmart-api-public.who.int/FLUMART/VIW_FNT,2025-12-01,2025-12-07,2025,49,False,low_testing,4.0,41.0,,,,,unavailable,0,3,5,0,,True,2025-12-07,unverified
YEM,96269d5ec187fe58577b,who,FluNet live,"{""surveillance_origin"":""SENTINEL""}",https://xmart-api-public.who.int/FLUMART/VIW_FNT,2025-12-08,2025-12-14,2025,50,False,unobserved_week,,,,,,,unavailable,0,3,5,0,,,,unverified
YEM,96269d5ec187fe58577b,who,FluNet live,"{""surveillance_origin"":""SENTINEL""}",https://xmart-api-public.who.int/FLUMART/VIW_FNT,2025-12-15,2025-12-21,2025,51,False,low_testing,4.0,37.0,,,,,unavailable,0,3,5,0,,True,2025-12-21,unverified
YEM,96269d5ec187fe58577b,who,FluNet live,"{""surveillance_origin"":""SENTINEL""}",https://xmart-api-public.who.int/FLUMART/VIW_FNT,2025-12-22,2025-12-28,2025,52,False,low_testing,2.0,54.0,,,,,unavailable,0,3,5,0,,True,2025-12-28,unverified
YEM,96269d5ec187fe58577b,who,FluNet live,"{""surveillance_origin"":""SENTINEL""}",https://xmart-api-public.who.int/FLUMART/VIW_FNT,2025-12-29,2026-01-04,2026,1,False,low_testing,2.0,29.0,,,,,unavailable,0,3,5,0,,True,2026-01-04,unverified
YEM,96269d5ec187fe58577b,who,FluNet live,"{""surveillance_origin"":""SENTINEL""}",https://xmart-api-public.who.int/FLUMART/VIW_FNT,2026-01-05,2026-01-11,2026,2,False,low_testing,2.0,32.0,,,,,unavailable,0,3,5,0,,True,2026-01-11,unverified
YEM,96269d5ec187fe58577b,who,FluNet live,"{""surveillance_origin"":""SENTINEL""}",https://xmart-api-public.who.int/FLUMART/VIW_FNT,2026-01-12,2026-01-18,2026,3,False,low_testing,4.0,60.0,,,,,unavailable,0,3,5,0,,True,2026-01-18,unverified
YEM,96269d5ec187fe58577b,who,FluNet live,"{""surveillance_origin"":""SENTINEL""}",https://xmart-api-public.who.int/FLUMART/VIW_FNT,2026-01-19,2026-01-25,2026,4,False,unobserved_week,,,,,,,unavailable,0,3,5,0,,,,unverified
YEM,96269d5ec187fe58577b,who,FluNet live,"{""surveillance_origin"":""SENTINEL""}",https://xmart-api-public.who.int/FLUMART/VIW_FNT,2026-01-26,2026-02-01,2026,5,False,low_testing,3.0,56.0,,,,,unavailable,0,3,5,0,,True,2026-02-01,unverified
YEM,96269d5ec187fe58577b,who,FluNet live,"{""surveillance_origin"":""SENTINEL""}",https://xmart-api-public.who.int/FLUMART/VIW_FNT,2026-02-02,2026-02-08,2026,6,False,unobserved_week,,,,,,,unavailable,0,3,5,0,,,,unverified
YEM,96269d5ec187fe58577b,who,FluNet live,"{""surveillance_origin"":""SENTINEL""}",https://xmart-api-public.who.int/FLUMART/VIW_FNT,2026-02-09,2026-02-15,2026,7,False,low_testing,1.0,66.0,,,,,unavailable,0,3,5,0,,True,2026-02-15,unverified
YEM,96269d5ec187fe58577b,who,FluNet live,"{""surveillance_origin"":""SENTINEL""}",https://xmart-api-public.who.int/FLUMART/VIW_FNT,2026-02-16,2026-02-22,2026,8,False,insufficient_baseline,1.0,104.0,0.009615384615384616,,,,unavailable,0,3,5,0,,True,2026-02-22,unverified
YEM,96269d5ec187fe58577b,who,FluNet live,"{""surveillance_origin"":""SENTINEL""}",https://xmart-api-public.who.int/FLUMART/VIW_FNT,2026-02-23,2026-03-01,2026,9,False,unobserved_week,,,,,,,unavailable,0,3,5,0,,,,unverified
YEM,96269d5ec187fe58577b,who,FluNet live,"{""surveillance_origin"":""SENTINEL""}",https://xmart-api-public.who.int/FLUMART/VIW_FNT,2026-03-02,2026-03-08,2026,10,False,unobserved_week,,,,,,,unavailable,0,3,5,0,,,,unverified
YEM,96269d5ec187fe58577b,who,FluNet live,"{""surveillance_origin"":""SENTINEL""}",https://xmart-api-public.who.int/FLUMART/VIW_FNT,2026-03-09,2026-03-15,2026,11,False,unobserved_week,,,,,,,unavailable,0,3,5,0,,,,unverified
YEM,96269d5ec187fe58577b,who,FluNet live,"{""surveillance_origin"":""SENTINEL""}",https://xmart-api-public.who.int/FLUMART/VIW_FNT,2026-03-16,2026-03-22,2026,12,False,low_testing,1.0,48.0,,,,,unavailable,0,3,5,0,,True,2026-03-22,unverified
YEM,96269d5ec187fe58577b,who,FluNet live,"{""surveillance_origin"":""SENTINEL""}",https://xmart-api-public.who.int/FLUMART/VIW_FNT,2026-03-23,2026-03-29,2026,13,False,unobserved_week,,,,,,,unavailable,0,3,5,0,,,,unverified
YEM,96269d5ec187fe58577b,who,FluNet live,"{""surveillance_origin"":""SENTINEL""}",https://xmart-api-public.who.int/FLUMART/VIW_FNT,2026-03-30,2026-04-05,2026,14,False,unobserved_week,,,,,,,unavailable,0,3,5,0,,,,unverified
YEM,96269d5ec187fe58577b,who,FluNet live,"{""surveillance_origin"":""SENTINEL""}",https://xmart-api-public.who.int/FLUMART/VIW_FNT,2026-04-06,2026-04-12,2026,15,False,unobserved_week,,,,,,,unavailable,0,3,5,0,,,,unverified
YEM,96269d5ec187fe58577b,who,FluNet live,"{""surveillance_origin"":""SENTINEL""}",https://xmart-api-public.who.int/FLUMART/VIW_FNT,2026-04-13,2026-04-19,2026,16,False,unobserved_week,,,,,,,unavailable,0,3,5,0,,,,unverified
YEM,96269d5ec187fe58577b,who,FluNet live,"{""surveillance_origin"":""SENTINEL""}",https://xmart-api-public.who.int/FLUMART/VIW_FNT,2026-04-20,2026-04-26,2026,17,False,low_testing,1.0,99.0,,,,,unavailable,0,3,5,0,,True,2026-04-26,unverified
YEM,96269d5ec187fe58577b,who,FluNet live,"{""surveillance_origin"":""SENTINEL""}",https://xmart-api-public.who.int/FLUMART/VIW_FNT,2026-04-27,2026-05-03,2026,18,False,unobserved_week,,,,,,,unavailable,0,3,5,0,,,,unverified
YEM,96269d5ec187fe58577b,who,FluNet live,"{""surveillance_origin"":""SENTINEL""}",https://xmart-api-public.who.int/FLUMART/VIW_FNT,2026-05-04,2026-05-10,2026,19,False,unobserved_week,,,,,,,unavailable,0,3,5,0,,,,unverified
YEM,96269d5ec187fe58577b,who,FluNet live,"{""surveillance_origin"":""SENTINEL""}",https://xmart-api-public.who.int/FLUMART/VIW_FNT,2026-05-11,2026-05-17,2026,20,False,unobserved_week,,,,,,,unavailable,0,3,5,0,,,,unverified
YEM,96269d5ec187fe58577b,who,FluNet live,"{""surveillance_origin"":""SENTINEL""}",https://xmart-api-public.who.int/FLUMART/VIW_FNT,2026-05-18,2026-05-24,2026,21,False,unobserved_week,,,,,,,unavailable,0,3,5,0,,,,unverified
YEM,96269d5ec187fe58577b,who,FluNet live,"{""surveillance_origin"":""SENTINEL""}",https://xmart-api-public.who.int/FLUMART/VIW_FNT,2026-05-25,2026-05-31,2026,22,False,unobserved_week,,,,,,,unavailable,0,3,5,0,,,,unverified
YEM,96269d5ec187fe58577b,who,FluNet live,"{""surveillance_origin"":""SENTINEL""}",https://xmart-api-public.who.int/FLUMART/VIW_FNT,2026-06-01,2026-06-07,2026,23,False,unobserved_week,,,,,,,unavailable,0,3,5,0,,,,unverified
YEM,96269d5ec187fe58577b,who,FluNet live,"{""surveillance_origin"":""SENTINEL""}",https://xmart-api-public.who.int/FLUMART/VIW_FNT,2026-06-08,2026-06-14,2026,24,False,unobserved_week,,,,,,,unavailable,0,3,5,0,,,,unverified
YEM,96269d5ec187fe58577b,who,FluNet live,"{""surveillance_origin"":""SENTINEL""}",https://xmart-api-public.who.int/FLUMART/VIW_FNT,2026-06-15,2026-06-21,2026,25,False,low_testing,1.0,44.0,,,,,unavailable,0,3,5,0,,True,2026-06-21,unverified
YEM,96269d5ec187fe58577b,who,FluNet live,"{""surveillance_origin"":""SENTINEL""}",https://xmart-api-public.who.int/FLUMART/VIW_FNT,2026-06-22,2026-06-28,2026,26,False,unobserved_week,,,,,,,unavailable,0,3,5,0,,,,unverified
YEM,96269d5ec187fe58577b,who,FluNet live,"{""surveillance_origin"":""SENTINEL""}",https://xmart-api-public.who.int/FLUMART/VIW_FNT,2026-06-29,2026-07-05,2026,27,False,unobserved_week,,,,,,,unavailable,0,3,5,0,,,,unverified
YEM,96269d5ec187fe58577b,who,FluNet live,"{""surveillance_origin"":""SENTINEL""}",https://xmart-api-public.who.int/FLUMART/VIW_FNT,2026-07-06,2026-07-12,2026,28,False,unobserved_week,,,,,,,unavailable,0,3,5,0,,,,unverified
YEM,96269d5ec187fe58577b,who,FluNet live,"{""surveillance_origin"":""SENTINEL""}",https://xmart-api-public.who.int/FLUMART/VIW_FNT,2026-07-13,2026-07-19,2026,29,False,unobserved_week,,,,,,,unavailable,0,3,5,0,,,,unverified
YEM,96269d5ec187fe58577b,who,FluNet live,"{""surveillance_origin"":""SENTINEL""}",https://xmart-api-public.who.int/FLUMART/VIW_FNT,2026-07-20,2026-07-26,2026,30,False,unobserved_week,,,,,,,unavailable,0,3,5,0,,,,unverified
YEM,96269d5ec187fe58577b,who,FluNet live,"{""surveillance_origin"":""SENTINEL""}",https://xmart-api-public.who.int/FLUMART/VIW_FNT,2026-07-27,2026-08-02,2026,31,False,unobserved_week,,,,,,,unavailable,0,3,5,0,,,,unverified
YEM,96269d5ec187fe58577b,who,FluNet live,"{""surveillance_origin"":""SENTINEL""}",https://xmart-api-public.who.int/FLUMART/VIW_FNT,2026-08-03,2026-08-09,2026,32,False,unobserved_week,,,,,,,unavailable,0,3,5,0,,,,unverified
YEM,96269d5ec187fe58577b,who,FluNet live,"{""surveillance_origin"":""SENTINEL""}",https://xmart-api-public.who.int/FLUMART/VIW_FNT,2026-08-10,2026-08-16,2026,33,False,unobserved_week,,,,,,,unavailable,0,3,5,0,,,,unverified
YEM,96269d5ec187fe58577b,who,FluNet live,"{""surveillance_origin"":""SENTINEL""}",https://xmart-api-public.who.int/FLUMART/VIW_FNT,2026-08-17,2026-08-23,2026,34,True,unobserved_week,,,,,,,unavailable,0,3,5,0,,,,unverified
